{"type":"FeatureCollection","features":[{"type":"Feature","geometry":{"type":"MultiPolygon","coordinates":[[[[-74.0007829520964,40.694286516167416],[-74.00095868350955,40.6940690835824],[-74.00301393697016,40.694777844479354],[-74.00263556758104,40.69536203703779],[-74.00239802583796,40.69571165536724],[-74.00026872245725,40.69496580308072],[-74.0007010467911,40.69438785684503],[-74.0007829520964,40.694286516167416]]],[[[-73.99837760531686,40.698063296146245],[-73.99887117053628,40.69715757704475],[-74.00104903057519,40.69790823569245],[-74.00048768562517,40.6987577781373],[-73.99837760531686,40.698063296146245]]],[[[-73.99799957452076,40.69879768554446],[-73.99802102681083,40.69876173657396],[-74.00001840433615,40.69946604807386],[-73.99947463838915,40.70032277751597],[-73.99749898221943,40.6996388693214],[-73.99799957452076,40.69879768554446]]],[[[-73.99628992097371,40.701425176037255],[-73.99649828913475,40.701144908530765],[-73.9966173606358,40.70098500803151],[-73.99669768931422,40.700876976917264],[-73.9968218908586,40.70099078282804],[-73.99752763273975,40.70122881645634],[-73.99776011033609,40.70135941487689],[-73.99780162786301,40.70131939476647],[-73.99813879899439,40.7015187882486],[-73.9961922722873,40.70337714136688],[-73.99588611884147,40.70326007758778],[-73.99513826774651,40.70297411472304],[-73.9952601511738,40.70281020953896],[-73.99538448316606,40.702643010065984],[-73.99621639402828,40.70152407416985],[-73.99628992097371,40.701425176037255]]],[[[-73.99504592704292,40.70313183979977],[-73.99544564312066,40.70327530597453],[-73.99529346700928,40.7035540658982],[-73.99498203246775,40.70338171553538],[-73.99480038186812,40.7032919586447],[-73.99502134495074,40.70314786924685],[-73.99504592704292,40.70313183979977]]],[[[-73.99476934125522,40.703952894953716],[-73.99488239836394,40.703788025837596],[-73.99491043069504,40.703797316461525],[-73.99492964609256,40.703771315084005],[-73.99502925916445,40.703808200365636],[-73.99488204726403,40.70400865389539],[-73.99483637435264,40.70398633908117],[-73.99476934125522,40.703952894953716]]],[[[-74.01232543587778,40.71887245341174],[-74.01268806087677,40.71729809555804],[-74.01273066873856,40.717113629200064],[-74.01292127720527,40.716398216940405],[-74.01302496599003,40.715952136099084],[-74.0131023668765,40.715619146665695],[-74.01321811586261,40.71520821640237],[-74.01325534323834,40.71506455461164],[-74.01343897464177,40.71443041946658],[-74.01372415026891,40.71367830965943],[-74.01308465729002,40.71340719618809],[-74.01254692332137,40.713166857218624],[-74.01178724048937,40.71283074809305],[-74.01167912848746,40.71278054809791],[-74.0101216746997,40.71208469638972],[-74.00883879468182,40.7115039593422],[-74.00860085337284,40.71139223970921],[-74.00834760912973,40.7113585455542],[-74.00796787713409,40.71144733312347],[-74.00802884728114,40.71145298908589],[-74.00808885374148,40.71146296383387],[-74.00814737027842,40.711477168977794],[-74.00820388204622,40.71149548055672],[-74.00821614494366,40.711522109956576],[-74.00822235329919,40.71154992866393],[-74.00822233056839,40.71157814564461],[-74.0082160773899,40.711605958538726],[-74.00820377156768,40.71163257647552],[-74.00818576301603,40.71165724256265],[-74.00816256381053,40.71167925540824],[-74.00813483362738,40.711697989066465],[-74.00810822863254,40.711710956659246],[-74.00807945606867,40.711720889214796],[-74.00802202015306,40.71173066072048],[-74.00796358944791,40.711736021953996],[-74.00790474731294,40.711736919390006],[-74.00784608121563,40.7117333440687],[-74.00779552969216,40.71170918410792],[-74.00774137329152,40.71169007534672],[-74.00768447917585,40.711676323757345],[-74.00762575822894,40.711668148952526],[-74.00756615071404,40.71166568241377],[-74.00750661107317,40.71166896363562],[-74.00701799899997,40.711783953321195],[-74.00614933482676,40.71198934149385],[-74.00608184383692,40.71200541225693],[-74.00606917434341,40.71200842941638],[-74.00574044602706,40.71208875804177],[-74.0055893286606,40.71217005375581],[-74.0054304787379,40.7122036962524],[-74.00527561892594,40.71224944049555],[-74.00512712486658,40.712306773762826],[-74.00498716590467,40.712374857176975],[-74.00485768021677,40.71245254111717],[-74.00470652283596,40.712574015170524],[-74.00429113759452,40.71290782569612],[-74.00434187787606,40.712819610461885],[-74.00441150286781,40.71269773328911],[-74.00448924609401,40.71254672281624],[-74.00450047202712,40.71240478029452],[-74.00446352403671,40.71227213454612],[-74.00441668908871,40.71219387327817],[-74.0042290696244,40.71202548974419],[-74.00400706295,40.711851415541034],[-74.003971259322,40.71182237061822],[-74.00393685559267,40.71179865483725],[-74.00373096653595,40.711656729480936],[-74.00353093932492,40.711492369029564],[-74.00346130750701,40.71143443360938],[-74.0032739590037,40.71128436974882],[-74.00322562612766,40.711245263276176],[-74.00271374252866,40.71082827564056],[-74.0026183364388,40.7107525092381],[-74.00166895147812,40.710006025026864],[-74.00150172244726,40.70987612921973],[-74.00141934562184,40.70981479577215],[-74.00122411917074,40.709657019214085],[-74.00047449159945,40.709051499269826],[-74.00020611874565,40.70883471537311],[-74.0001354711054,40.708779072540835],[-74.0000648350309,40.708723431340076],[-73.99995834364678,40.70863954804239],[-73.99986942608703,40.70856951479839],[-73.99975899410502,40.708483822017854],[-73.99949511700498,40.708279072271],[-73.99937681738193,40.70817992532228],[-73.99933449947375,40.708143761185525],[-73.9992963135218,40.70811056798337],[-73.9992236326119,40.70805305212373],[-73.99913434786868,40.707982396946136],[-73.9991945110885,40.707947376854285],[-73.99925945470767,40.70791402131059],[-73.9993263267542,40.707879676494144],[-73.99938225177354,40.707841549824316],[-73.99942129138607,40.70781893755812],[-73.99946033075176,40.7077963259487],[-73.99952324941056,40.707762628658315],[-73.99951211364748,40.70774870660929],[-73.99949062474623,40.707721844722634],[-73.99953839659445,40.70769347002584],[-73.99955121325492,40.70769435277668],[-73.99957149447751,40.70771719818605],[-73.99960948039234,40.70775997317651],[-73.9998829701917,40.70762408653807],[-73.99994855949784,40.7075914963712],[-73.99994505655117,40.70758262748612],[-73.99994855952315,40.70755869105135],[-73.99995671262306,40.707531198856046],[-73.99997222648798,40.70750639882222],[-73.99999645016015,40.70749164789871],[-74.00013868859138,40.70740505440774],[-74.00023380459713,40.707347142989605],[-74.0004002783203,40.70726027957087],[-74.00055247932049,40.707184275420616],[-74.00077175219104,40.70708014870356],[-74.00084973367682,40.70704311813414],[-74.00088259097619,40.7070252533007],[-74.0011868526283,40.70685982526937],[-74.001131305772,40.70679905018215],[-74.00122367538816,40.706745261647974],[-74.0012321369196,40.706740335926],[-74.00122701299958,40.706734869906704],[-74.0011603902257,40.70666372083448],[-74.00117521610984,40.70664874526934],[-74.00116913341543,40.706639497667936],[-74.0011764356768,40.70663505779042],[-74.0011760207968,40.70662757435921],[-74.00098276691729,40.706416713495734],[-74.00140533024054,40.706180134705484],[-74.00140666691954,40.70617938802082],[-74.00140581495842,40.70617861288332],[-74.0005924020935,40.70541007840852],[-74.00084523503796,40.70525451884644],[-74.0014543741884,40.70487330292971],[-74.00205517727979,40.705411349869415],[-74.00206142563806,40.70541700463581],[-74.00206282084552,40.70541607684556],[-74.00212278686418,40.7053790026727],[-74.0021581834855,40.70535711911875],[-74.00256965059467,40.70552357952368],[-74.00268512702752,40.70544924811889],[-74.00236285245705,40.70515896669281],[-74.00241573476919,40.705129311282704],[-74.00238385458346,40.7051012707536],[-74.00197070397945,40.70473786748226],[-74.001970148378,40.704731159705084],[-74.00203201379027,40.704692953730316],[-74.00217184941894,40.70460659646387],[-74.00218562331561,40.704607018874114],[-74.00233344621164,40.70474813530719],[-74.00233393075763,40.704742606399186],[-74.00242059318661,40.704680334101354],[-74.00243071075859,40.70467785800456],[-74.00248839829254,40.70472677285402],[-74.00248790148636,40.7047337600867],[-74.0023983274895,40.70479492564362],[-74.00238670740679,40.70479566367467],[-74.00332307270787,40.70562859522028],[-74.00358262337757,40.70546112883137],[-74.00363187103285,40.70542980675198],[-74.00364446183868,40.705421684639],[-74.00383327532255,40.70530324352915],[-74.00366217837693,40.70514975923677],[-74.00358390952105,40.705192648645586],[-74.00355259950756,40.70516644083442],[-74.00363086901315,40.70512355144667],[-74.00262896407828,40.70422295278164],[-74.00286689781494,40.7040752255118],[-74.0040566643926,40.70514736343912],[-74.00434050782802,40.70496272980931],[-74.00458622886424,40.70479945067949],[-74.00484062824778,40.704639779526715],[-74.00492037826473,40.704591004973544],[-74.00518805067315,40.704420535188234],[-74.00521160900396,40.70440553223555],[-74.00526035829182,40.704374488912926],[-74.0053502722475,40.70431007996174],[-74.00566330640653,40.704104243975856],[-74.00589129888928,40.70395985394474],[-74.00602048555055,40.703874900102086],[-74.00614106753558,40.703980973938194],[-74.00634215560272,40.70384982210503],[-74.00643259271948,40.70379118944926],[-74.00659591913875,40.70368590245202],[-74.006320807539,40.703466761029105],[-74.00631484519418,40.70346132409463],[-74.00630030777441,40.70344823498851],[-74.0059114573594,40.7030981114306],[-74.00589941745793,40.70308727019214],[-74.0058874726644,40.70307651572661],[-74.00555843304458,40.7027812563875],[-74.0054838408244,40.70271432213423],[-74.00552682615235,40.70268528761731],[-74.00550531272066,40.70266684658578],[-74.00547130795233,40.70268982858112],[-74.0054359976336,40.702659555914146],[-74.00542728826248,40.70266543619423],[-74.00530412596079,40.70255986563326],[-74.00549427805096,40.70243138095063],[-74.00550166067454,40.70243086729462],[-74.00561361797627,40.702530242032516],[-74.00560163196417,40.7025380602727],[-74.00560905264523,40.702552819056464],[-74.00559479485825,40.70256801982708],[-74.00559935100472,40.70258016783951],[-74.00559022977765,40.702585814284106],[-74.00559194611431,40.702598835921336],[-74.00558509547798,40.70260405020256],[-74.00558909594902,40.70261273059707],[-74.00553546138167,40.702645520604435],[-74.0055577199881,40.70266439465226],[-74.00567522249844,40.702584071695206],[-74.00598430339488,40.70286001804128],[-74.00608976093835,40.702951120491385],[-74.00623870508527,40.70307978930176],[-74.00636372730409,40.703187792252734],[-74.00646028831747,40.70327120753167],[-74.00649425191104,40.703300548171974],[-74.00654880812654,40.7033676155887],[-74.00655720878513,40.70336314883605],[-74.00675541584032,40.703541489477],[-74.00678502191037,40.70356812690033],[-74.00699466002457,40.70344118856679],[-74.00722046663674,40.703301977303475],[-74.007519052838,40.70312182023731],[-74.00752714979265,40.70311498141635],[-74.00760498113469,40.702993140653504],[-74.00764555161295,40.70292817427656],[-74.00769798694172,40.70284927854697],[-74.00795594887987,40.702692529442174],[-74.00836148391224,40.7024445390166],[-74.00911037361753,40.70198387101384],[-74.00914202195366,40.70197284890031],[-74.00929072600606,40.701930071822154],[-74.00869964313567,40.701139867542445],[-74.00775549084597,40.701548001672066],[-74.00759136204209,40.70132808054572],[-74.00853611510774,40.70091969574527],[-74.00834927559107,40.70066934889101],[-74.00862036163858,40.70055216321093],[-74.00958483017598,40.70183738506087],[-74.01105603841502,40.70145418141226],[-74.0111808830355,40.701451392756496],[-74.01110775373036,40.70127576447388],[-74.01128983905515,40.701249981741896],[-74.0112097577877,40.70104458327395],[-74.01112868539609,40.70106489745062],[-74.01107837974551,40.70095712031527],[-74.01106708568963,40.70091494089502],[-74.01110886351545,40.70090142010393],[-74.01109386310779,40.70086641087381],[-74.01109337389363,40.700851256073214],[-74.01107872437127,40.70085194903661],[-74.01105584312833,40.700811531273054],[-74.01105943295765,40.70080262099267],[-74.01103748928746,40.7007571312483],[-74.01101538388583,40.700741124799244],[-74.01102945843236,40.70073117049134],[-74.01101999687316,40.700712395448555],[-74.01100668082333,40.70071138770619],[-74.01099272755786,40.700690593047234],[-74.0110085466105,40.70068355723452],[-74.01100361903022,40.700668066797974],[-74.01099134410603,40.70067335177962],[-74.01096997178931,40.70064553659239],[-74.01098841707373,40.70063424450277],[-74.01095827294422,40.70057459210283],[-74.01093617683645,40.70057584194724],[-74.01092482717036,40.700566793539146],[-74.01092557334937,40.700555831994095],[-74.0109471284868,40.70053774303597],[-74.01091918086527,40.700486463594665],[-74.01090496934047,40.70049178426674],[-74.01088462665342,40.70046142740972],[-74.01090366423283,40.700451381010026],[-74.01078537980491,40.700232514470926],[-74.01079959311001,40.700207213007204],[-74.01081530667376,40.70020044460397],[-74.01085157384667,40.700238511085125],[-74.01093093205073,40.70041515233461],[-74.0110036442996,40.700581109441686],[-74.01104377249553,40.70068284572239],[-74.0110742747596,40.70074833689115],[-74.01110436404358,40.70081064993213],[-74.01113362222915,40.70086787440568],[-74.01115033556847,40.7008984006037],[-74.01135836291346,40.700851958133974],[-74.0113031892117,40.700647844539134],[-74.01129816432244,40.70059888402693],[-74.01130986410935,40.700579800688715],[-74.01133409410411,40.70056835317987],[-74.01136082201396,40.700565810999535],[-74.01138171875648,40.70057025762064],[-74.01139508123386,40.700590607673945],[-74.01143269912255,40.700674541619065],[-74.01146947437395,40.70074892825823],[-74.01150291143712,40.700815058974406],[-74.01172926817485,40.700770118562474],[-74.01170009248334,40.700721538636074],[-74.011682753977,40.700693345062234],[-74.01166539833076,40.70063756109302],[-74.01163149614052,40.70055539225014],[-74.01161019835872,40.70049300642165],[-74.0116141352107,40.70047261846281],[-74.01163147918658,40.700458218750924],[-74.01167798034295,40.70046181520766],[-74.01170321011992,40.70048100238702],[-74.0117260583568,40.70047860442209],[-74.01175129264944,40.70053078808909],[-74.01177730827723,40.70057097387253],[-74.01182619233424,40.70066634278219],[-74.01183407601519,40.700686134476314],[-74.01184827026103,40.70072992530352],[-74.01185378549584,40.70073892145034],[-74.01199159781116,40.700704830461426],[-74.01208668148655,40.700681308739476],[-74.01208509377958,40.70066451530664],[-74.01206932171665,40.7005997333443],[-74.01203856797002,40.700528956309924],[-74.0119767064249,40.70037842429938],[-74.01190488098494,40.70022693000219],[-74.01185672556994,40.70010710340862],[-74.01193096316563,40.700051209654504],[-74.01196196116912,40.700037545595684],[-74.01204027930206,40.70004809164577],[-74.01208842091677,40.70008658368967],[-74.01212759440098,40.700143086506976],[-74.0121577915851,40.70021137814577],[-74.01217247960996,40.7002331155979],[-74.0122369454993,40.70032127734187],[-74.01225490284908,40.700364734844236],[-74.01231855974231,40.70048828658772],[-74.01236222440265,40.70057583046483],[-74.0123916003227,40.70062052759165],[-74.01259392327508,40.70057083347261],[-74.01259064684231,40.70051185101085],[-74.01255471870938,40.70035973065798],[-74.01252899955233,40.70025232035717],[-74.0125159349815,40.70018464848044],[-74.01251511280124,40.70015049211099],[-74.01254202780166,40.70013497414847],[-74.01261382087355,40.70010826530868],[-74.0126480885808,40.70011508778063],[-74.01268072728449,40.70014675538168],[-74.01273499158552,40.70021877219854],[-74.01279619139237,40.700300099382204],[-74.01283454933395,40.70035287423212],[-74.01286637756563,40.70040751337193],[-74.01288188403369,40.70044165938374],[-74.01290474249367,40.700496912163],[-74.01290881793956,40.70052361169369],[-74.01300205335545,40.70051602796309],[-74.01310747847366,40.70050745218087],[-74.01311155389506,40.7004720530448],[-74.01311153191469,40.700360291105945],[-74.01309395831629,40.70022369324008],[-74.01307843485947,40.700103242584426],[-74.0130249570558,40.699882830708844],[-74.0130118926586,40.69981825663142],[-74.01302085702754,40.699793418865575],[-74.0130437009244,40.69977478523867],[-74.0131130382629,40.69977416488031],[-74.01314078965092,40.69980333792571],[-74.01315384897731,40.699844940485605],[-74.01316691626799,40.6999312443378],[-74.01317753563323,40.70001754746268],[-74.01318571684631,40.70010323034407],[-74.01320084197302,40.700239827473766],[-74.01320736787193,40.70027521651902],[-74.01322288016895,40.700333586085605],[-74.0132734948308,40.70049687022799],[-74.01348560832749,40.700478223411174],[-74.01348068493712,40.70035777157117],[-74.01348311536108,40.70026338811651],[-74.01350349660866,40.70017645952844],[-74.01353285018092,40.70010816092084],[-74.01358669315087,40.70007959034521],[-74.0136102976469,40.700084298589985],[-74.01367479248763,40.7001258219537],[-74.01366274837828,40.700136656533026],[-74.01364265098664,40.70016178331226],[-74.01361182137084,40.700245174650945],[-74.01357048980596,40.700232203039164],[-74.01356130777825,40.700295122158586],[-74.013533101176,40.700297124748595],[-74.01353047708436,40.70031110084938],[-74.01356131082451,40.700310097585515],[-74.01356033990201,40.700366533940254],[-74.01352950823123,40.700373524124394],[-74.01353147387977,40.700382016183944],[-74.01356297023551,40.70038001320676],[-74.01355970482906,40.700438934930304],[-74.01352361756746,40.70044193808112],[-74.01352295830851,40.70046041540727],[-74.01358069886756,40.70045691449334],[-74.01358541666427,40.7005019127566],[-74.01355283097442,40.70050335766741],[-74.01357712756541,40.700643681978875],[-74.01351039592653,40.70065037115225],[-74.01355826959482,40.700939870830716],[-74.01395152602434,40.70099098296295],[-74.014339208975,40.7011326811046],[-74.01370775408019,40.70107027893073],[-74.01372314309033,40.70113302240684],[-74.01374768188298,40.701200357379065],[-74.01381405436403,40.70130626667226],[-74.0139791258922,40.70153107161297],[-74.01401128818107,40.70197612433082],[-74.01400917744868,40.701987343438766],[-74.0140050428122,40.701998231383975],[-74.01399896416874,40.70200857776677],[-74.01399105898179,40.7020181826525],[-74.0139820839381,40.70202961127607],[-74.0139669789764,40.70204420302268],[-74.01394918273373,40.70205691654537],[-74.01392909349924,40.702067467307806],[-74.01390716088105,40.70207561917781],[-74.01388387574386,40.7020811897114],[-74.01387197417974,40.702081775645205],[-74.01386034857215,40.7020838014089],[-74.01384929769056,40.70208721494175],[-74.01383910553433,40.70209192851879],[-74.01383003403416,40.702097821004436],[-74.0138223163213,40.702104740966384],[-74.01381615073574,40.702112510566735],[-74.01381169572892,40.702120930132345],[-74.01380906579196,40.70212978328652],[-74.01380832851315,40.70213884250962],[-74.01380950284084,40.70214787498597],[-74.01381943931491,40.70223669218973],[-74.01383440917506,40.70240570154095],[-74.01420580413141,40.702737197634306],[-74.0142624932251,40.70279900166708],[-74.01431188417205,40.70286433263709],[-74.0143536006008,40.70293269273476],[-74.01438732489046,40.7030035611752],[-74.0144127997529,40.70307639786232],[-74.01442983104556,40.70315064778921],[-74.01439176746143,40.70359878321407],[-74.01425523881004,40.70442547234246],[-74.01425342527078,40.70445756516664],[-74.01425861241319,40.70448944417618],[-74.0142706576719,40.70452023021404],[-74.01428922860929,40.7045490758554],[-74.01437031146699,40.70455803784501],[-74.01449750884306,40.704601294286924],[-74.01462770232278,40.70463903696284],[-74.01476047964222,40.70467114565492],[-74.0148954201934,40.704697519358234],[-74.01497135117036,40.70471297678564],[-74.0151697002939,40.70475865774892],[-74.01527764266731,40.70478061147418],[-74.01539758528025,40.70480014976245],[-74.01565756552223,40.7048330880534],[-74.01586269099582,40.70483319281688],[-74.01620631508617,40.704804596649225],[-74.01629634968471,40.704800016142606],[-74.01637519607705,40.704838485434294],[-74.01652040359087,40.70479971850555],[-74.01662761095643,40.704799431339794],[-74.01662845409635,40.70474390568711],[-74.01663729183826,40.70463341171516],[-74.01669982043855,40.70463319241378],[-74.01677034130769,40.70463219241039],[-74.01684600635767,40.70463488658983],[-74.01713123827543,40.70428253640634],[-74.01757035573978,40.70418388098684],[-74.01779454388212,40.7042348975992],[-74.01785585605876,40.704078847113394],[-74.01775054854795,40.7040548833965],[-74.01779139237412,40.70395091308651],[-74.01781758609901,40.7039379229995],[-74.01783782693887,40.703962666138935],[-74.01780821658902,40.704031964479924],[-74.01791229282183,40.704054497151255],[-74.0179426927589,40.70397317707916],[-74.01795473916604,40.70397578661407],[-74.01784441018671,40.70424203993822],[-74.01844704604943,40.704162354962186],[-74.01865886498037,40.70442877929029],[-74.0175164637148,40.704580624652685],[-74.01748090483295,40.70466726085802],[-74.01753170409474,40.70467087238846],[-74.01754796186569,40.70466365937527],[-74.0175581267377,40.70466572192709],[-74.01757031461892,40.70466262450072],[-74.0175736990255,40.70466778415516],[-74.01756693013894,40.70467138584931],[-74.01759808539704,40.70468427263907],[-74.01763433061075,40.70467870736865],[-74.01767570940243,40.704680679349984],[-74.01768670225864,40.704673791625666],[-74.01771837938914,40.704679698954315],[-74.01773325394237,40.704671333373646],[-74.01774941603895,40.70467526793793],[-74.01776556881737,40.70467231495796],[-74.01776687049343,40.704664930663164],[-74.01778367349166,40.704670837588296],[-74.01779789585471,40.70466690269041],[-74.0178063090112,40.704661985472676],[-74.01782893315087,40.704664929945736],[-74.01783992611843,40.70466099504022],[-74.01790198846362,40.70465164811168],[-74.01791039104712,40.70465903257379],[-74.01794142815919,40.70465558405225],[-74.0179440193728,40.70464820843332],[-74.01796922420488,40.70464721759891],[-74.01797892738357,40.70464082408548],[-74.01798926941159,40.704646731822145],[-74.01799832152902,40.70464968541841],[-74.01800802337449,40.70463836559953],[-74.01802418707251,40.70464575034659],[-74.01804292991577,40.704628037613105],[-74.0180539241077,40.70462950543731],[-74.01806509374255,40.704635825991765],[-74.01811302905885,40.704553602333924],[-74.01886288979365,40.704719606668434],[-74.01888747947991,40.704729142804425],[-74.01892572382424,40.70477376307302],[-74.01934155704542,40.70607053820422],[-74.01934254624453,40.70609367202473],[-74.01922242283976,40.706573088223685],[-74.01912275963426,40.70697581484019],[-74.01910255488421,40.70700043764171],[-74.01909155084711,40.70700447318468],[-74.01906617140139,40.70701377062168],[-74.0190333801972,40.70701319137882],[-74.01895359463364,40.70699676946571],[-74.01894579101288,40.7070177709417],[-74.01893740557169,40.70703420739949],[-74.01892660443798,40.70704425778602],[-74.01890921570684,40.707064342954055],[-74.01888462028889,40.70708580553695],[-74.01885943006913,40.707100415683904],[-74.01882943775048,40.707115487142836],[-74.0187964487074,40.70712781984787],[-74.01876105767884,40.70713786702778],[-74.01872626987445,40.70714335618911],[-74.01868966870477,40.707142443754144],[-74.0186554807562,40.70714153912529],[-74.01863058372699,40.707139715269456],[-74.0185807840372,40.707123748102994],[-74.0185471847535,40.70710777076697],[-74.0185711739943,40.7070799223888],[-74.01860717601127,40.70709544097538],[-74.01863417023108,40.707103199311476],[-74.01864437101187,40.70710547636324],[-74.0186479626219,40.707081737527616],[-74.01868695379919,40.70708400923774],[-74.01872115249093,40.70708172564747],[-74.0187505462297,40.70707989331009],[-74.01876193971357,40.707075784862056],[-74.01874993323987,40.707049762489696],[-74.01877393087639,40.70704428278777],[-74.0187943275787,40.70703241066738],[-74.01882011914348,40.7070159728832],[-74.01883870432934,40.706994969651774],[-74.01884829724443,40.706983090912956],[-74.01884889814522,40.70697031285298],[-74.01881110035015,40.7069662117743],[-74.01879851485624,40.70698218837646],[-74.01877571598476,40.70699725864664],[-74.01874212416371,40.70700776337897],[-74.0187229298169,40.70700685699801],[-74.01869473124732,40.707010968172774],[-74.01867853372204,40.707018733002634],[-74.01864794474119,40.707017819578645],[-74.0186281448807,40.7070109789677],[-74.01861254432923,40.70699728514621],[-74.01860474411275,40.70698906417743],[-74.01860294181317,40.70697491797829],[-74.01859153053327,40.706959394415975],[-74.01857952850986,40.70694981480916],[-74.01857172609179,40.70693839842668],[-74.01856933191763,40.706920595708525],[-74.01856452356972,40.706906440109464],[-74.01854892759592,40.7069082711819],[-74.01853513269678,40.70691832251682],[-74.0185303375209,40.7069507329132],[-74.01840649088639,40.707257872661245],[-74.01821726389736,40.7077422054667],[-74.01821699384473,40.70775130976848],[-74.01819029259627,40.70782162560752],[-74.01865557049634,40.70792394838087],[-74.01864689079085,40.707946813547146],[-74.0188006306842,40.707980621637624],[-74.0188319588389,40.707999166286804],[-74.01883395951496,40.70800221964288],[-74.0188534776039,40.70802201278678],[-74.01885500911968,40.708047534447644],[-74.01874689830457,40.708480580253855],[-74.01863142402928,40.708941100557055],[-74.01846882134527,40.709589571008905],[-74.01834136543721,40.71010647593871],[-74.01826409180683,40.710408996627024],[-74.01814480361753,40.710888649686595],[-74.01811057789187,40.71102962871723],[-74.01804609621526,40.71134450148735],[-74.01797853231488,40.71175631920829],[-74.01792224257028,40.712039242700946],[-74.01787333422654,40.71231514445658],[-74.01777014254499,40.71283457478935],[-74.01775292705896,40.71284832755615],[-74.01773183836696,40.71284931234683],[-74.01772021563546,40.71284473093384],[-74.01772148946101,40.71278414410806],[-74.01780037888389,40.71234512415872],[-74.01662424425272,40.71215731849296],[-74.01654463812528,40.712456037931176],[-74.01659227582778,40.71254817107705],[-74.01661817655314,40.712649763569246],[-74.01661840078312,40.712756150532435],[-74.0165914952051,40.712861563720054],[-74.0165554889345,40.71292909550456],[-74.0165411217172,40.71295556431695],[-74.01647724204145,40.713029493074146],[-74.01639169485816,40.71309999795089],[-74.01632006627594,40.71340798298106],[-74.01654114686636,40.71344105324516],[-74.01691068695462,40.71349632801045],[-74.01757952508993,40.71359549038384],[-74.01765509447189,40.713161062667254],[-74.01767041664046,40.71306920796531],[-74.01767270848863,40.71306599625955],[-74.01767565433325,40.71306310978641],[-74.01767917622426,40.71306062492499],[-74.0176831809687,40.71305860742724],[-74.01768756259686,40.713057110678285],[-74.0176922051664,40.71305617428354],[-74.01769698583009,40.7130558230211],[-74.01770177808669,40.713056066185544],[-74.01770610823169,40.713056814174955],[-74.0177102419948,40.7130580478197],[-74.01771408588291,40.71305973921842],[-74.01771755295941,40.713061850117164],[-74.01772056480971,40.71306433277378],[-74.01772305331492,40.71306713103842],[-74.01772496219296,40.71307018162294],[-74.01770687258343,40.71316928296885],[-74.01761833310027,40.71365432393569],[-74.01753721790728,40.71409754224799],[-74.01740871360468,40.714806799403064],[-74.0173828138782,40.714941433812676],[-74.01738223187851,40.71494446127951],[-74.0173257095844,40.715254913255045],[-74.01726421509508,40.71559268186757],[-74.01712122293608,40.71637179257477],[-74.01698274294627,40.71713064366833],[-74.01686297377272,40.71778695428799],[-74.01671018605823,40.718624176058164],[-74.01669419095941,40.71864884335458],[-74.01665946969614,40.718666021224834],[-74.01662996338204,40.71866536895299],[-74.01594695204268,40.71857554890645],[-74.0159438298421,40.71858925504437],[-74.0156688366684,40.718554488260786],[-74.01567062060734,40.71853774773127],[-74.01555087754507,40.718521933184],[-74.01500060682395,40.718449235552605],[-74.01499619731605,40.7184730008143],[-74.01498981339549,40.71850734682527],[-74.01498333230722,40.718523791433164],[-74.01497036258006,40.718535851367065],[-74.01494515549345,40.71854353557991],[-74.01470270021812,40.71851615488436],[-74.01321322719193,40.718315719895976],[-74.01306805492312,40.71892219382571],[-74.013072377692,40.71893861867026],[-74.0130306812643,40.71913145581929],[-74.01270167874436,40.719091775326994],[-74.01255468765247,40.719069863026185],[-74.01244109146732,40.719057672703684],[-74.01229165885206,40.719038949203906],[-74.01232543587778,40.71887245341174]]]]},"properties":{"nta2020":"MN0101","ntaname":"Financial District-Battery Park City"}},{"type":"Feature","geometry":{"type":"MultiPolygon","coordinates":[[[[-73.99931241612073,40.71755024177758],[-73.99944838180335,40.7173297970985],[-73.999930976899,40.716543914270694],[-74.00013820907833,40.716199730562494],[-74.0005783915007,40.71557090342701],[-74.00078955054066,40.71529096840161],[-74.00052734788574,40.715170059365484],[-74.00045462977894,40.71436504759906],[-74.00074652283325,40.714510353738596],[-74.00096840382477,40.713905596114685],[-74.00156635547326,40.71368306399954],[-74.00125701936294,40.71349677866777],[-74.00093174200283,40.713263253045476],[-74.00089640187132,40.71304741461341],[-74.00089354259464,40.713029950788005],[-74.00089166198869,40.712999258356206],[-74.00087276307242,40.71169696831581],[-74.00086402815117,40.71161954970954],[-74.0008488935974,40.711542704469196],[-74.00082741969965,40.71146673859666],[-74.00079969198939,40.71139195459113],[-74.0007658208999,40.71131865024449],[-74.00072594131632,40.71124711768066],[-74.00068021208688,40.71117764151832],[-74.00062881532277,40.71111049841079],[-74.00057195570146,40.71104595572029],[-74.0005098596514,40.71098427045357],[-74.00065774519857,40.71080077084201],[-74.00079637659104,40.71061828715173],[-74.00090633549209,40.71047783135652],[-74.00100325442946,40.71035403076899],[-74.00113646625368,40.710175964728094],[-74.0012347649664,40.710055333035804],[-74.00128258532506,40.70999405347307],[-74.00141934562184,40.709814795772104],[-74.00150172244732,40.709876129219694],[-74.00166895147817,40.71000602502683],[-74.00261833643886,40.710752509238056],[-74.0027137425287,40.71082827564056],[-74.00322562612766,40.71124526327613],[-74.00327395900375,40.71128436974876],[-74.00346130750707,40.71143443360938],[-74.00353093932497,40.711492369029564],[-74.00373096653595,40.711656729480936],[-74.00393685559267,40.7117986548372],[-74.003971259322,40.71182237061822],[-74.00400706295,40.711851415541034],[-74.00422906962444,40.71202548974415],[-74.00441668908871,40.71219387327814],[-74.00446352403677,40.71227213454612],[-74.00450047202717,40.71240478029452],[-74.00448924609401,40.71254672281624],[-74.00441150286781,40.71269773328911],[-74.00434187787612,40.71281961046185],[-74.00429113759458,40.71290782569612],[-74.00470652283596,40.71257401517049],[-74.00485768021683,40.71245254111714],[-74.00498716590474,40.712374857176975],[-74.00512712486658,40.71230677376278],[-74.00527561892599,40.71224944049555],[-74.00543047873796,40.7122036962524],[-74.00558932866066,40.71217005375578],[-74.0057404460271,40.71208875804174],[-74.00606917434345,40.71200842941634],[-74.00608184383692,40.71200541225689],[-74.00614933482676,40.71198934149382],[-74.00701799899997,40.711783953321195],[-74.00750661107321,40.71166896363562],[-74.00756615071404,40.711665682413766],[-74.007625758229,40.7116681489525],[-74.0076844791759,40.711676323757345],[-74.00774137329154,40.711690075346745],[-74.00779552969222,40.71170918410788],[-74.00784608121567,40.7117333440687],[-74.00790474731294,40.711736919390006],[-74.0079635894479,40.71173602195398],[-74.00802202015305,40.71173066072042],[-74.00807945606873,40.71172088921477],[-74.00810822863255,40.71171095665921],[-74.00813483362738,40.711697989066415],[-74.00816256381057,40.71167925540824],[-74.00818576301603,40.711657242562595],[-74.00820377156766,40.71163257647553],[-74.00821607738993,40.71160595853871],[-74.00822233056846,40.71157814564459],[-74.00822235329923,40.71154992866387],[-74.00821614494373,40.71152210995657],[-74.00820388204622,40.71149548055672],[-74.00814737027844,40.711477168977794],[-74.00808885374148,40.711462963833824],[-74.00802884728114,40.711452989085885],[-74.00796787713409,40.71144733312347],[-74.00834760912973,40.7113585455542],[-74.00860085337284,40.71139223970921],[-74.00883879468182,40.7115039593422],[-74.01012167469975,40.71208469638972],[-74.01167912848746,40.71278054809791],[-74.01178724048937,40.71283074809301],[-74.01254692332137,40.713166857218624],[-74.01308465729007,40.71340719618805],[-74.01372415026891,40.71367830965943],[-74.01343897464182,40.71443041946654],[-74.0132553432384,40.71506455461164],[-74.01321811586261,40.71520821640237],[-74.0131023668765,40.71561914666567],[-74.01302496599003,40.71595213609905],[-74.01292127720532,40.716398216940405],[-74.0127306687386,40.71711362920003],[-74.01268806087677,40.71729809555804],[-74.01232543587778,40.71887245341174],[-74.01229165885212,40.71903894920386],[-74.0124410914674,40.71905767270364],[-74.01255468765247,40.719069863026185],[-74.01270167874436,40.719091775326994],[-74.01303068126435,40.71913145581929],[-74.01301172799539,40.719218969116426],[-74.012955242427,40.71948945339741],[-74.0129574956781,40.71950016430582],[-74.01290892764018,40.71973485170661],[-74.01345505633182,40.719801707426384],[-74.0134137651288,40.72001948251695],[-74.01399452219557,40.72008564946672],[-74.01399999964454,40.720067184164215],[-74.0142646199906,40.72009514658379],[-74.01426696671713,40.72008680714385],[-74.0155736409659,40.7202432939624],[-74.01557364347136,40.720254016012234],[-74.01571378469986,40.7202706747658],[-74.0157130096578,40.720303435742075],[-74.01637848291469,40.72037660832847],[-74.0163057327678,40.72072702003839],[-74.014497202469,40.72051372126341],[-74.01351919132372,40.720395186558335],[-74.01299980679079,40.720333090750216],[-74.01289730270861,40.72086804547342],[-74.0156947190724,40.72120642537813],[-74.01562245781948,40.7215434536739],[-74.0131606660723,40.72125396319485],[-74.01311663311986,40.72147373402834],[-74.01325380075872,40.72148992000137],[-74.01326193939072,40.72147181143066],[-74.01363523640485,40.721516560631976],[-74.01361558335005,40.72158618255959],[-74.0135612803113,40.72158061434782],[-74.01356109093356,40.721571893764214],[-74.01325565118505,40.72154385603688],[-74.01325799654838,40.72152777302949],[-74.0131123731524,40.721509920295844],[-74.0131037691495,40.721554595973934],[-74.01253875807262,40.72150317657655],[-74.01249171031532,40.72177975782762],[-74.01237071715393,40.72238758057912],[-74.01223080840147,40.723056257072834],[-74.01209463829603,40.72370705298386],[-74.01196432049132,40.724329864742494],[-74.0115912254892,40.72429760426058],[-74.0114393288481,40.724284468773085],[-74.01135428262167,40.724277183245896],[-74.01123470847256,40.72426563295224],[-74.0111492636328,40.72468817207895],[-74.01112250872238,40.7248204812196],[-74.01105619480037,40.72514841088313],[-74.01094272973226,40.72566224246916],[-74.01093934422869,40.725684621339056],[-74.0109227719211,40.725794151348516],[-74.01081238106582,40.7257898025561],[-74.01005338503623,40.72524445187504],[-74.00973152280115,40.724990371531554],[-74.0093176035701,40.724701551891805],[-74.00864380478329,40.72422131745548],[-74.0085709091372,40.72416935528257],[-74.00830216198719,40.723977809018784],[-74.00807835135338,40.72382686326664],[-74.0079120591084,40.72369976726777],[-74.007629040206,40.72349770357568],[-74.00629841644647,40.72254950366819],[-74.00591289789004,40.72225294916514],[-74.0053098599786,40.72182419181328],[-74.005227160865,40.72174410356568],[-74.0046351609051,40.721353633240945],[-74.00392928293418,40.72085443506057],[-74.0035118635122,40.72055635239201],[-74.00325954961072,40.72037709575855],[-74.0026000175572,40.71990342582808],[-74.00188406177368,40.71939757079059],[-74.00140055550511,40.71905262070166],[-74.00127273274153,40.718961426446135],[-74.00053195433159,40.718430239516806],[-73.9999562073255,40.718017095087355],[-73.99931241612073,40.71755024177758]]]]},"properties":{"nta2020":"MN0102","ntaname":"Tribeca-Civic Center"}},{"type":"Feature","geometry":{"type":"MultiPolygon","coordinates":[[[[-74.01092841113977,40.68449147254328],[-74.01193259845039,40.68388774915527],[-74.01217596614644,40.684095186131245],[-74.01011625533792,40.685341597736794],[-74.00878590130925,40.68614660280169],[-74.00869559889541,40.686193318012876],[-74.00859803329713,40.68625256408518],[-74.00835446532169,40.6864001997483],[-74.00816414527883,40.68617471716172],[-74.00842516085913,40.686015532947955],[-74.00851294125297,40.68596254908656],[-74.00860072348797,40.685909564655084],[-74.0095329360872,40.68534164753941],[-74.01092841113977,40.68449147254328]]],[[[-74.00500373227042,40.68760598540112],[-74.00562986242365,40.68678420604387],[-74.00783293766679,40.687385055162935],[-74.00742012154092,40.6882062904361],[-74.00500373227042,40.68760598540112]]],[[[-74.00382038787677,40.68892964469957],[-74.00459270367709,40.68821522298688],[-74.00678438439806,40.688826879958455],[-74.00636461225267,40.68966966913975],[-74.00382038787677,40.68892964469957]]],[[[-74.0053420962491,40.69109160297808],[-74.0029756532651,40.690426575920945],[-74.00340921492469,40.689613261160325],[-74.0057590067034,40.690236399513836],[-74.0053420962491,40.69109160297808]]],[[[-74.04387761573912,40.69018767587425],[-74.04350596012536,40.689687359636544],[-74.04273533827015,40.690050191923255],[-74.04278433247953,40.69012097669182],[-74.04270428360734,40.69015520464474],[-74.04255371949304,40.68996275979275],[-74.04263929239139,40.689928176414064],[-74.04269380753186,40.68999725961028],[-74.04346752244265,40.68963699060648],[-74.04351637157855,40.689191034245454],[-74.04364078539413,40.68876656007328],[-74.04397458468152,40.68858240705643],[-74.0443852164526,40.688516178906],[-74.04478399040363,40.68859566011611],[-74.04627538871647,40.68932742640004],[-74.04680284832578,40.6899532567691],[-74.04747651462338,40.68961136999852],[-74.04772962631084,40.68991531947191],[-74.04758571858791,40.68998250732919],[-74.0474312599149,40.689803890974204],[-74.04689205434565,40.69005909832307],[-74.04720029300219,40.6904248156242],[-74.04711050566554,40.69047041285086],[-74.04711581910307,40.69065580611891],[-74.04718321346031,40.69074735504959],[-74.04719492381682,40.69076326384894],[-74.04721324452596,40.690790487405636],[-74.04722568325005,40.69081957261278],[-74.04723192739723,40.69084978856174],[-74.04723182004399,40.69088037592736],[-74.04722536387943,40.690910566049695],[-74.04721272113869,40.69093960025064],[-74.0471942095265,40.69096674889928],[-74.04717029423433,40.69099132974814],[-74.04714090975122,40.69101051716354],[-74.04710813967078,40.69102620909326],[-74.04707269565444,40.69103806475748],[-74.04703534743479,40.69104582668823],[-74.046996906099,40.69104932632046],[-74.04617166933394,40.69109798148705],[-74.04614707120624,40.69112264603372],[-74.04607719103755,40.691118332808706],[-74.04600843028886,40.691107915403755],[-74.04599418307525,40.69110495619789],[-74.04592592692204,40.691082604046315],[-74.04586027361421,40.69105611708644],[-74.04460616394883,40.69057348495138],[-74.04387761573912,40.69018767587425]]],[[[-74.0019931771272,40.69232868290959],[-74.00179839760033,40.69227001601038],[-74.00181122011674,40.69223801288131],[-74.00200882715211,40.692297708998076],[-74.00205202172337,40.6922066921037],[-74.00216095439973,40.692238141370154],[-74.00206329791222,40.69244400083749],[-74.00195060812472,40.69241207509517],[-74.0019931771272,40.69232868290959]]],[[[-74.0019693846005,40.69184320932286],[-74.00132562245747,40.691463100332285],[-74.00069905775847,40.69061185841928],[-74.00479415294552,40.69176162037463],[-74.00440941259978,40.69252880089208],[-74.0019693846005,40.69184320932286]]],[[[-74.01674756096051,40.693343367715244],[-74.01540359141647,40.693066497309346],[-74.01535466323958,40.69322485392004],[-74.0154091666596,40.69323867367584],[-74.01538919768244,40.693298134665696],[-74.01517482202624,40.69325668033567],[-74.01518934209325,40.693198603040614],[-74.01525474322258,40.69320689118408],[-74.01530915985035,40.69304704289177],[-74.01525950969612,40.693036814232194],[-74.01512637564142,40.69317743151614],[-74.01516538149545,40.6931972885976],[-74.01512878294322,40.69324379583458],[-74.01504789796928,40.693199745898184],[-74.01494315033477,40.69314102193105],[-74.01498417914011,40.69310651717818],[-74.01503973872518,40.69313829925849],[-74.01515612159491,40.69301551489182],[-74.01422123084885,40.692822905339064],[-74.01347809785598,40.69213847009193],[-74.01347183710853,40.69213185302384],[-74.01346424246007,40.692126101686405],[-74.0134555172519,40.692121370067284],[-74.01344589509473,40.69211778485196],[-74.01343563361445,40.69211544203165],[-74.01342500755418,40.6921144043336],[-74.01341430141831,40.692114699541385],[-74.01340380185518,40.69211631975099],[-74.01250258675178,40.692303580463125],[-74.0125228982703,40.69233903191236],[-74.01240888894328,40.69249352798288],[-74.01240098902987,40.69250535849956],[-74.01239161593858,40.692516548611835],[-74.01237260140897,40.692533772246755],[-74.0123501258073,40.692548382428996],[-74.01232480063537,40.69255998165279],[-74.01229731492539,40.69256825433269],[-74.0121181561439,40.6926063662203],[-74.0121172676507,40.69260655461461],[-74.01210359185663,40.692609465502144],[-74.01204369179824,40.69260181662171],[-74.01184920038536,40.6925181972481],[-74.01184889307429,40.69251787328169],[-74.01181185647239,40.69247933556713],[-74.0117988123054,40.692444594737154],[-74.01178374501701,40.692404765970394],[-74.01175097032215,40.692318113090515],[-74.01175033086638,40.69231641141246],[-74.01175034252041,40.69231634925854],[-74.01175749051248,40.69226373956171],[-74.01183446726395,40.69215905602329],[-74.01183833471073,40.69215379677263],[-74.01183900825662,40.692152877647935],[-74.01186468706686,40.69211796262609],[-74.01190309722547,40.69209058300551],[-74.01191118801972,40.692088844071456],[-74.0119689325871,40.692076474557425],[-74.01213630770883,40.69204064435832],[-74.01213732516256,40.69204041808901],[-74.01214293316178,40.692039219676474],[-74.0121488598439,40.69203794986324],[-74.0122011411637,40.6920449050963],[-74.01232430689454,40.69209118699999],[-74.01235951844643,40.692107770280366],[-74.01239001029667,40.692123085037956],[-74.01240858547554,40.69213424103231],[-74.01242927059359,40.692154239395116],[-74.01246140165121,40.692212624416044],[-74.01253982481629,40.6921969738634],[-74.01255899015489,40.69219315382381],[-74.01282826026966,40.69213943544172],[-74.01322338051696,40.69205919065702],[-74.01324195439297,40.69205541613908],[-74.01324784563468,40.692054217639985],[-74.013285157929,40.69204736950887],[-74.01330314021652,40.69204264818439],[-74.01331123156663,40.69203949572313],[-74.01331804474162,40.69203590247698],[-74.01332367657382,40.69203182253259],[-74.01332606546663,40.69202957923145],[-74.01332818317647,40.692027201437206],[-74.0133306424728,40.69202372629877],[-74.01333264083574,40.692019970102635],[-74.01333505303266,40.69201209905019],[-74.013335394941,40.69200820902403],[-74.01333515825104,40.69200446297094],[-74.01333432976998,40.692000924552964],[-74.0133329328365,40.69199763698932],[-74.01332546520511,40.69198520296434],[-74.01331621035997,40.69197249741627],[-74.01327481959478,40.69193534679536],[-74.01326620460159,40.6919271809948],[-74.0132647611729,40.691925802745644],[-74.01325528633309,40.69191681649405],[-74.01318656537046,40.691957928412826],[-74.01291228751684,40.69169073083398],[-74.01292800393819,40.691676104428296],[-74.01285987108882,40.691602989860606],[-74.01289688430363,40.69157689600307],[-74.01289518355675,40.69157528390975],[-74.0128751983543,40.69155633025191],[-74.01286547266736,40.69154710175127],[-74.01281595185874,40.691500126723625],[-74.0127543683677,40.691476467636186],[-74.01265071760986,40.69139945918062],[-74.01262511694813,40.69140873765056],[-74.01260856859385,40.69136410362477],[-74.01258434695987,40.69137064922715],[-74.01258434935941,40.69138336288335],[-74.0125450515152,40.69139159327308],[-74.01255488211348,40.69142300124807],[-74.01253228594769,40.691428986617964],[-74.01251950686695,40.691396831957036],[-74.0120341761657,40.691503076685855],[-74.01201746659349,40.691458207049],[-74.01259753152559,40.691334335042086],[-74.01252783209975,40.691146337338125],[-74.0121835500503,40.69113621594087],[-74.01218682075256,40.691078024270816],[-74.01182575354973,40.691064816216326],[-74.01182847957566,40.69101135826716],[-74.01219500090085,40.69102884756899],[-74.01219552958608,40.691020573668084],[-74.01221017410677,40.69079169680143],[-74.01208414396382,40.69078062230076],[-74.01208232424358,40.69075988192471],[-74.01205325432726,40.690739143400705],[-74.01199875966564,40.69075021109981],[-74.01198786281448,40.6907723365792],[-74.01197151318827,40.69077095601231],[-74.01198603276994,40.690697668617105],[-74.01199329167372,40.69065065379732],[-74.01198056761253,40.690606407774574],[-74.0120495985061,40.69061054804425],[-74.01205685428488,40.690553854489764],[-74.0120986343193,40.69054693658238],[-74.01210771369429,40.69052895959767],[-74.01212769712372,40.69052895749347],[-74.01214221600911,40.690454287807384],[-74.012231311469,40.69046133077533],[-74.01230688304496,40.68928018344037],[-74.0127032092405,40.688790539817155],[-74.0127545120306,40.68872055623808],[-74.01316926402744,40.68815477019823],[-74.01326486705615,40.68812243009683],[-74.01333019977945,40.688093166048155],[-74.01341858951295,40.68805219731283],[-74.01347243916622,40.68801205796632],[-74.01488097975005,40.68725457048876],[-74.01604730539523,40.6873380062979],[-74.01609789228404,40.68731459279093],[-74.01651927578641,40.687119551147646],[-74.01698146864119,40.68690738448169],[-74.01704986609202,40.68687598691407],[-74.01671582671993,40.68644559421241],[-74.01664664084744,40.68641634673092],[-74.0151516167432,40.68652480204194],[-74.01514831189695,40.68648716725],[-74.01514714710135,40.686473891516734],[-74.01514391088013,40.68643703404314],[-74.01661971233223,40.686319804841126],[-74.01667351529993,40.68630516855373],[-74.01678113957146,40.68634903791936],[-74.01677346463202,40.68639877444479],[-74.01712099101067,40.68684333763678],[-74.02015656652395,40.6854497877978],[-74.02054367293066,40.685272067423575],[-74.020206867105,40.68483383207212],[-74.02016278941733,40.684833016908456],[-74.01945957389425,40.68515495792264],[-74.01939842391928,40.685087404047415],[-74.02095255010306,40.68438443214996],[-74.021008778993,40.684453539084494],[-74.02028899992249,40.68478444741357],[-74.02027819846477,40.684809134672086],[-74.02061267235811,40.68524039019826],[-74.02106226329616,40.685041024198014],[-74.02183909525702,40.68469654054707],[-74.02224078898496,40.68451840709691],[-74.02218236980758,40.68444818997652],[-74.02218869159167,40.68444512668872],[-74.02211854383413,40.68435195080165],[-74.02213693192094,40.68434407196176],[-74.02220765451614,40.684437247726784],[-74.02225477659624,40.68441886302576],[-74.02218405410032,40.68432612470399],[-74.02219841909843,40.684318246629786],[-74.02227086489509,40.6844087970342],[-74.02227948499682,40.684406170711],[-74.02229730952679,40.68442935508535],[-74.02232719130245,40.68441797383376],[-74.0223381152258,40.684430221665025],[-74.02230823373822,40.68444379049444],[-74.02233552903563,40.68447639360439],[-74.02239732580516,40.68444898932659],[-74.02259359581053,40.684359696452695],[-74.02213250186844,40.68376767138025],[-74.02305574749595,40.68291694544531],[-74.02319462834663,40.683000498062334],[-74.02236823557682,40.683779917296775],[-74.0227589902996,40.68428444833244],[-74.0230170445636,40.68416704426928],[-74.02313509710297,40.68412415564773],[-74.0232567831563,40.68408541432103],[-74.02339776854572,40.68404096982183],[-74.02341479373878,40.68403560363325],[-74.02354160370125,40.68400298359273],[-74.02378267336752,40.683968915869215],[-74.0239473535509,40.68394921598686],[-74.0242153726967,40.683944243464516],[-74.02443173023701,40.68395403059471],[-74.02464809241233,40.68397856661326],[-74.02484185637296,40.68401294164523],[-74.02499306057489,40.684052111530626],[-74.0252164693588,40.68409398036892],[-74.02546836768583,40.68415292257847],[-74.02567183758212,40.684236456205234],[-74.02588501823529,40.68437652684026],[-74.02604653184775,40.68451415115512],[-74.02612578192957,40.684593511439985],[-74.02623238290307,40.68470026055144],[-74.02633404242411,40.684801697724396],[-74.02644066624605,40.68495162452015],[-74.0265182291209,40.685108933148655],[-74.02657640943092,40.685241663038276],[-74.02660875559265,40.68537685750749],[-74.02662819083879,40.68552680525245],[-74.02662178340164,40.68565463360906],[-74.02660890959822,40.6857627985723],[-74.02657021545328,40.685905384681554],[-74.02649600144075,40.68605535301921],[-74.02642577243199,40.68617533982982],[-74.02637621613799,40.6862313182977],[-74.0263127037025,40.68629511626827],[-74.02622025384262,40.68638456708853],[-74.02617488097594,40.686429072229195],[-74.0260658492153,40.686530566228235],[-74.02578387059678,40.68679470692005],[-74.02557971866342,40.68699745710274],[-74.02538699246993,40.687166904282435],[-74.02518794246538,40.687356227984495],[-74.0251542677043,40.687387494477136],[-74.02498452676963,40.68754509996124],[-74.02495996488967,40.68756820415217],[-74.02474903514549,40.68778702890985],[-74.02456390211564,40.68796465845398],[-74.0244568522127,40.68806055891956],[-74.02433922808864,40.68816580905316],[-74.02432308577336,40.6881802565196],[-74.0241951143645,40.688294765590136],[-74.02411997621049,40.688368243510446],[-74.02397192277753,40.688513025404546],[-74.0239692481425,40.688515549595756],[-74.02381144169387,40.68866451580291],[-74.02367436482496,40.68879230875497],[-74.02353644452158,40.68891577045856],[-74.0233903409696,40.68904924811621],[-74.02313394750381,40.68929545476738],[-74.02268465939626,40.68971747135664],[-74.02256537904927,40.68982575842625],[-74.02243973951974,40.68993981994217],[-74.02225114057599,40.69012221908089],[-74.02189942193753,40.690443472360755],[-74.02149639768447,40.69082705033502],[-74.02147636060455,40.690846622621386],[-74.02121292061632,40.69110396565109],[-74.0209799620248,40.69132439136492],[-74.02071969701758,40.69158098499565],[-74.02071619151157,40.691584232140755],[-74.02046388462897,40.69181799110421],[-74.02020527434277,40.69203392385446],[-74.01985623976927,40.69290623279911],[-74.01979706616879,40.69304156274469],[-74.01979424538102,40.69304594507637],[-74.01976764190407,40.69308055678793],[-74.01973308200053,40.69311410708301],[-74.01969271833848,40.69314366549245],[-74.01964733815213,40.693168655517624],[-74.01959782651936,40.6931885897598],[-74.01954514909961,40.69320307942651],[-74.01952625786079,40.69320679085214],[-74.01943565275222,40.693221177495865],[-74.01934366784627,40.69322898888439],[-74.01925112489695,40.693230155234104],[-74.01915885064417,40.69322466612512],[-74.01901238394866,40.69321982899999],[-74.0188658057989,40.69321771373458],[-74.01885074755803,40.69321765086639],[-74.01879710616217,40.693217659640226],[-74.01819162214244,40.693254800430985],[-74.0179603944228,40.6932689837668],[-74.0173589862862,40.69330587076226],[-74.01674756096051,40.693343367715244]]],[[[-74.00154172832214,40.69278596325292],[-74.00174362045013,40.69240674970571],[-74.00400795971098,40.69320819963255],[-74.00374561906433,40.69361620298132],[-74.00345348490625,40.694051630671524],[-74.00127014902638,40.693296062679124],[-74.00154172832214,40.69278596325292]]],[[[-74.03995040722508,40.70089063114571],[-74.03945262869286,40.700533160075395],[-74.03938278052841,40.70057769506427],[-74.03771124708588,40.699344040348215],[-74.03809786060721,40.69903950574749],[-74.03822954379386,40.69836859220072],[-74.03900043789976,40.6983698903915],[-74.0393403760411,40.69811551483639],[-74.03993272066951,40.698544422794114],[-74.0402555501724,40.698804823307775],[-74.0412426176618,40.69953674143529],[-74.0417476880198,40.69914786356712],[-74.03991248806584,40.6977020403988],[-74.04166051826829,40.69645297214284],[-74.04367371164739,40.698020404330556],[-74.04363686145157,40.698048232698696],[-74.0436565090815,40.69806409108871],[-74.0427039572267,40.69880060058719],[-74.04296505161545,40.69899936282776],[-74.0410986117106,40.70049294389269],[-74.04080080558192,40.70026854992705],[-74.04031250841486,40.70062574969549],[-74.04028808671875,40.70064361346782],[-74.03995040722508,40.70089063114571]]],[[[-74.01637519607705,40.704838485434294],[-74.01629634968471,40.704800016142606],[-74.01620631508617,40.704804596649225],[-74.01586269099582,40.70483319281688],[-74.01565756552223,40.7048330880534],[-74.01539758528025,40.70480014976245],[-74.01527764266731,40.70478061147418],[-74.0151697002939,40.70475865774892],[-74.01497135117036,40.70471297678564],[-74.0148954201934,40.704697519358234],[-74.01476047964222,40.70467114565492],[-74.01462770232278,40.70463903696284],[-74.01449750884306,40.704601294286924],[-74.01437031146699,40.70455803784501],[-74.01428922860929,40.7045490758554],[-74.0142706576719,40.70452023021404],[-74.01425861241319,40.70448944417618],[-74.01425342527078,40.70445756516664],[-74.01425523881004,40.70442547234246],[-74.01439176746143,40.70359878321407],[-74.01442983104556,40.70315064778921],[-74.0144127997529,40.70307639786232],[-74.01438732489046,40.7030035611752],[-74.0143536006008,40.70293269273476],[-74.01431188417205,40.70286433263709],[-74.0142624932251,40.70279900166708],[-74.01420580413141,40.702737197634306],[-74.01383440917506,40.70240570154095],[-74.01381943931491,40.70223669218973],[-74.01380950284084,40.70214787498597],[-74.01380832851315,40.70213884250962],[-74.01380906579196,40.70212978328652],[-74.01381169572892,40.702120930132345],[-74.01381615073574,40.702112510566735],[-74.0138223163213,40.702104740966384],[-74.01383003403416,40.702097821004436],[-74.01383910553433,40.70209192851879],[-74.01384929769056,40.70208721494175],[-74.01386034857215,40.7020838014089],[-74.01387197417974,40.702081775645205],[-74.01388387574386,40.7020811897114],[-74.01390716088105,40.70207561917781],[-74.01392909349924,40.702067467307806],[-74.01394918273373,40.70205691654537],[-74.0139669789764,40.70204420302268],[-74.0139820839381,40.70202961127607],[-74.01399105898179,40.7020181826525],[-74.01399896416874,40.70200857776677],[-74.0140050428122,40.701998231383975],[-74.01400917744868,40.701987343438766],[-74.01401128818107,40.70197612433082],[-74.0139791258922,40.70153107161297],[-74.01381405436403,40.70130626667226],[-74.01374768188298,40.701200357379065],[-74.01372314309033,40.70113302240684],[-74.01370775408019,40.70107027893073],[-74.014339208975,40.7011326811046],[-74.01395152602434,40.70099098296295],[-74.01409198385458,40.700551617322205],[-74.01410490300086,40.70051082838706],[-74.01409144883425,40.70050833572207],[-74.01412821190827,40.70039328255739],[-74.0141372638859,40.70039495521047],[-74.01414860637784,40.7003205717239],[-74.01417467279454,40.700260891294015],[-74.01422063195479,40.700111490863314],[-74.01430981311289,40.700121296068936],[-74.01430981586151,40.700134101515836],[-74.01417787931787,40.70054147405646],[-74.01416495763289,40.70053905203102],[-74.014152387873,40.70057786578371],[-74.01428920741134,40.70064414476527],[-74.01430157023228,40.70063221127035],[-74.0142965168929,40.7006291865239],[-74.01431530198717,40.70061103797446],[-74.01431796468086,40.700612497308],[-74.01436783583218,40.70054612266776],[-74.01444813150715,40.700447372400156],[-74.01455999973689,40.70030978677986],[-74.01457513332039,40.700316916833955],[-74.01458425440427,40.70030846895527],[-74.01458234409444,40.700283875528726],[-74.01463294333442,40.700197429407446],[-74.01467119991996,40.7002104006947],[-74.01466717213681,40.70023937990234],[-74.01465386058652,40.70024264117538],[-74.01460863003733,40.700309708245996],[-74.01460825448515,40.70032365761659],[-74.01455219325993,40.700382980751755],[-74.01449342549972,40.70044516925076],[-74.01449246893418,40.700454669003044],[-74.01448492126369,40.70046115359216],[-74.01447857931358,40.700462082155966],[-74.01440947394667,40.70055133141249],[-74.01439689988925,40.70056348088816],[-74.01439480693733,40.700570479097465],[-74.01432384363015,40.700661304127344],[-74.01464323234912,40.700817304325284],[-74.01472424834412,40.70071429389451],[-74.01477142439123,40.70066365140446],[-74.01481236514054,40.70061084993636],[-74.014859266594,40.700555443640575],[-74.0149303261122,40.700479269361054],[-74.01499883053579,40.70040612057669],[-74.01506818269299,40.70031825755512],[-74.01509832270138,40.700334266026196],[-74.01503579735085,40.700420831513405],[-74.01502271060053,40.7004195360588],[-74.0150085051725,40.700437709926256],[-74.01499314575906,40.70043684732],[-74.01496757071692,40.700465414879815],[-74.01497495489552,40.70047017772375],[-74.01494881182732,40.70049441410399],[-74.01494255505806,40.70050610278896],[-74.01492322289359,40.70051519147163],[-74.01491754650799,40.70052557521029],[-74.01492379463966,40.70053033920991],[-74.01493687947067,40.70052297988405],[-74.01494199155971,40.70052384382851],[-74.0148859896547,40.70058011443588],[-74.0148200428468,40.700660619780415],[-74.01472681782191,40.70077401584986],[-74.01470264967836,40.7007991155234],[-74.01467365628477,40.70083460852601],[-74.01481072560132,40.700903830977154],[-74.01482834225281,40.70089474286989],[-74.01502113595637,40.7009925040137],[-74.01514231812101,40.70084289235444],[-74.01567778184742,40.701256021027625],[-74.01579351711148,40.701346905807675],[-74.01591034233417,40.701460948444],[-74.01611609060481,40.70163080162554],[-74.01613890635986,40.70164601660034],[-74.01624449060658,40.701752721436975],[-74.01639205370195,40.70189770100841],[-74.01651515260797,40.702017299174194],[-74.01653258703746,40.70203653968322],[-74.01681859599923,40.70233857508067],[-74.01689657041221,40.702421878954546],[-74.01700396789508,40.70255453562776],[-74.01713705889378,40.70271134026786],[-74.01714508062653,40.70270534997635],[-74.01725182133946,40.70283555726394],[-74.01724571591123,40.70283845773937],[-74.01725328400015,40.70284622266289],[-74.01729346221033,40.70288743870703],[-74.01731837763421,40.70291887227436],[-74.01739839332288,40.70301914130768],[-74.01744003546037,40.703077514542045],[-74.01749381162738,40.70315484245515],[-74.01754038297949,40.70323616043006],[-74.01757548561497,40.70330750305621],[-74.01759647967035,40.70336138630407],[-74.01761681217135,40.70342324896814],[-74.01762601904917,40.70342276022215],[-74.0176479750685,40.70349459987975],[-74.01766045074616,40.703549979097744],[-74.01766881307255,40.70359131296524],[-74.01777128020325,40.70358381592986],[-74.01776730114295,40.70354518126109],[-74.01787839274608,40.70353850854006],[-74.0178846288097,40.70358178318937],[-74.01789088495346,40.7036252072693],[-74.01777639388398,40.703632558342214],[-74.01777128399812,40.703598051382784],[-74.0176713202028,40.70360642788656],[-74.01768310568121,40.7037111317281],[-74.01767264581419,40.70371179054358],[-74.01767689629428,40.703770504141346],[-74.0176742874819,40.70383436757171],[-74.01766578442248,40.703899233718715],[-74.01765792483438,40.703932662289155],[-74.01764306532671,40.703988972456436],[-74.01765378898192,40.70399838081273],[-74.01765461989739,40.704009682569954],[-74.01764390293597,40.704022245902145],[-74.01763399890534,40.70402475128077],[-74.01762657963023,40.7040235008218],[-74.01757035573978,40.70418388098684],[-74.01713123827543,40.70428253640634],[-74.01684600635767,40.70463488658983],[-74.01677034130769,40.70463219241039],[-74.01669982043855,40.70463319241378],[-74.01663729183826,40.70463341171516],[-74.01662845409635,40.70474390568711],[-74.01662761095643,40.704799431339794],[-74.01652040359087,40.70479971850555],[-74.01637519607705,40.704838485434294]]]]},"properties":{"nta2020":"MN0191","ntaname":"The Battery-Governors Island-Ellis Island-Liberty Island"}},{"type":"Feature","geometry":{"type":"MultiPolygon","coordinates":[[[[-74.00281726484997,40.72836312980689],[-74.00272009661748,40.728322816026434],[-74.00262399528637,40.7282786424938],[-74.00242264678387,40.728175537960354],[-74.00214891366657,40.72803536650219],[-74.00139033470369,40.727660002595584],[-74.0006323912446,40.727286612660954],[-73.99991579063095,40.72693471343464],[-73.99911824651605,40.72654231308996],[-73.9983611915256,40.72616746876579],[-73.99761019459693,40.72579713910515],[-73.99677175711443,40.725431943502805],[-73.99584577426455,40.72520835398448],[-73.99532907805332,40.725083740231476],[-73.99490827256867,40.7249512302247],[-73.99417930331387,40.724692407314286],[-73.9934576903203,40.724432895683435],[-73.99267182358393,40.724160254422166],[-73.99260322198438,40.72413644968358],[-73.99263254954289,40.724056865655164],[-73.99309190138952,40.72282008536925],[-73.99326016062814,40.72235442627806],[-73.99333917242919,40.72214114067458],[-73.99336181506884,40.72208001783559],[-73.99352731235682,40.721633262371185],[-73.99379593781062,40.72093753796844],[-73.99383792118108,40.72083214912449],[-73.9940415520236,40.72032097982332],[-73.99407263067107,40.72024349190821],[-73.99416805894519,40.7200118462522],[-73.99423470916302,40.71985151506625],[-73.99439866170555,40.71945710892796],[-73.99480778889196,40.71845742685302],[-73.99542875812696,40.71727924304803],[-73.99580912195114,40.716644660210676],[-73.99605872612268,40.71623164071364],[-73.99698375215492,40.71654054317223],[-73.99776285925765,40.71681392862427],[-73.9985892550198,40.71709951153728],[-73.99931241612073,40.71755024177758],[-73.9999562073255,40.718017095087355],[-74.00053195433159,40.718430239516806],[-74.00127273274153,40.718961426446135],[-74.00140055550511,40.71905262070166],[-74.00188406177368,40.71939757079059],[-74.0026000175572,40.71990342582808],[-74.00325954961072,40.72037709575855],[-74.0035118635122,40.72055635239201],[-74.00392928293418,40.72085443506057],[-74.0046351609051,40.721353633240945],[-74.005227160865,40.72174410356568],[-74.0053098599786,40.72182419181328],[-74.00591289789004,40.72225294916514],[-74.00629841644647,40.72254950366819],[-74.007629040206,40.72349770357568],[-74.0079120591084,40.72369976726777],[-74.00807835135338,40.72382686326664],[-74.00830216198719,40.723977809018784],[-74.0085709091372,40.72416935528257],[-74.00864380478329,40.72422131745548],[-74.0093176035701,40.724701551891805],[-74.00973152280115,40.724990371531554],[-74.01005338503623,40.72524445187504],[-74.01081238106582,40.7257898025561],[-74.0109227719211,40.725794151348516],[-74.01093934422869,40.725684621339056],[-74.01094272973226,40.72566224246916],[-74.01105619480037,40.72514841088313],[-74.01112250872238,40.7248204812196],[-74.0111492636328,40.72468817207895],[-74.01123470847256,40.72426563295224],[-74.01135428262167,40.724277183245896],[-74.0114393288481,40.724284468773085],[-74.0115912254892,40.72429760426058],[-74.01196432049132,40.724329864742494],[-74.01181339585268,40.72507800680861],[-74.01165415104032,40.725867374070916],[-74.01165326569942,40.725871761851536],[-74.01195833074827,40.725977598715914],[-74.01231588417463,40.72603384278297],[-74.01411595378192,40.72621586280061],[-74.01477821548475,40.7262817069761],[-74.01516324118435,40.726319712439555],[-74.01520426531143,40.726361949379765],[-74.01518864981985,40.72645118250519],[-74.01517084019788,40.726579390155266],[-74.01514325523303,40.72671052627954],[-74.01512356549462,40.726793942564726],[-74.0143067159662,40.726708120694305],[-74.01341677520723,40.7266210312136],[-74.01234454766033,40.72651943048265],[-74.01154201897604,40.72644734692726],[-74.01138323516679,40.728229272870024],[-74.0110047284862,40.72819323917576],[-74.01087083220061,40.728180494240135],[-74.01076791416925,40.72817395881311],[-74.01064289761028,40.728172108377805],[-74.01054872124601,40.72910068335097],[-74.00934961954432,40.72898755640063],[-74.00859271950969,40.728915277887914],[-74.0070902077075,40.728772253856114],[-74.0053136913515,40.72860449508698],[-74.0031276729681,40.72839380211483],[-74.00281726484997,40.72836312980689]]]]},"properties":{"nta2020":"MN0201","ntaname":"SoHo-Little Italy-Hudson Square"}},{"type":"Feature","geometry":{"type":"MultiPolygon","coordinates":[[[[-73.9899029597005,40.73443479013707],[-73.98987421212178,40.73428455726339],[-73.98985463157418,40.734133473635026],[-73.98984425991894,40.73398186273539],[-73.98984311917769,40.7338300493733],[-73.98985121183952,40.73367835838743],[-73.98986852051472,40.733527114554995],[-73.99003455647767,40.7327541513741],[-73.99010225655749,40.73244537234051],[-73.99011350142582,40.73240050534898],[-73.99021190884345,40.73199633490752],[-73.99039009870532,40.73128852433012],[-73.9905055844942,40.730564957742956],[-73.99072530255718,40.72987868747649],[-73.99078461514357,40.72974574833861],[-73.99097394420761,40.729195707209264],[-73.99114315146113,40.72858815765818],[-73.99122943516693,40.728072618365864],[-73.99129790628717,40.72775524906495],[-73.9912343947096,40.72772680526246],[-73.99135288829764,40.72755739856281],[-73.99138898249227,40.72749770114226],[-73.99155207512996,40.72709433722655],[-73.99156762773715,40.72703464761885],[-73.99163853343113,40.726833256277615],[-73.99179396131375,40.72639179586429],[-73.9920610841139,40.725644614334406],[-73.99221516524891,40.72523259566825],[-73.99232767870696,40.7249060983973],[-73.99257987308616,40.72420155492336],[-73.99260322198438,40.72413644968358],[-73.99267182358393,40.724160254422166],[-73.9934576903203,40.724432895683435],[-73.99417930331387,40.724692407314286],[-73.99490827256867,40.7249512302247],[-73.99532907805332,40.725083740231476],[-73.99584577426455,40.72520835398448],[-73.99677175711443,40.725431943502805],[-73.99761019459693,40.72579713910515],[-73.9983611915256,40.72616746876579],[-73.99911824651605,40.72654231308996],[-73.99991579063095,40.72693471343464],[-74.0006323912446,40.727286612660954],[-74.00139033470369,40.727660002595584],[-74.00214891366657,40.72803536650219],[-74.00242264678387,40.728175537960354],[-74.00262399528637,40.7282786424938],[-74.00272009661748,40.728322816026434],[-74.00281726484997,40.72836312980689],[-74.00278351015878,40.728435470293604],[-74.00252602956398,40.729007920329686],[-74.00220337099437,40.72965325629844],[-74.00215659160689,40.72975679045379],[-74.00168465480945,40.73058156329249],[-74.00141242386637,40.73106525649165],[-74.00095442165967,40.73170609830191],[-74.0005106621846,40.73231522422859],[-74.00006842651058,40.73292466183512],[-73.99976346863303,40.7333592335659],[-73.99956212470227,40.733612394825],[-73.99918595313538,40.73413858241086],[-73.9987144369552,40.734783860928175],[-73.99853021578028,40.73503789283323],[-73.99827418854026,40.73539113958088],[-73.99780750942062,40.736035906572496],[-73.99734132767398,40.736667889863455],[-73.99683993860414,40.73736088990093],[-73.99361688263357,40.736004491616136],[-73.99171498619222,40.735215301169255],[-73.99119899334929,40.73501236908623],[-73.99075396728541,40.734839155076365],[-73.9899029597005,40.73443479013707]]]]},"properties":{"nta2020":"MN0202","ntaname":"Greenwich Village"}},{"type":"Feature","geometry":{"type":"MultiPolygon","coordinates":[[[[-74.00915345103353,40.742496188058894],[-74.00901826553093,40.74243747858332],[-74.00889339798327,40.74238416769201],[-74.00879080522756,40.74237514422635],[-74.00869902208262,40.74236172446615],[-74.00820401746283,40.74214751879115],[-74.00779115980625,40.74197084524949],[-74.00697077724409,40.74162712766088],[-74.00544214756812,40.74098214026192],[-74.00536221941265,40.74094950402077],[-74.00512553452256,40.74085021407374],[-74.00310733752076,40.73999752106174],[-74.00252381416747,40.739752643642305],[-73.99968422973271,40.738552474318816],[-73.99683993860414,40.73736088990093],[-73.99734132767398,40.736667889863455],[-73.99780750942062,40.736035906572496],[-73.99827418854026,40.73539113958088],[-73.99853021578028,40.73503789283323],[-73.9987144369552,40.734783860928175],[-73.99918595313538,40.73413858241086],[-73.99956212470227,40.733612394825],[-73.99976346863303,40.7333592335659],[-74.00006842651058,40.73292466183512],[-74.0005106621846,40.73231522422859],[-74.00095442165967,40.73170609830191],[-74.00141242386637,40.73106525649165],[-74.00168465480945,40.73058156329249],[-74.00215659160689,40.72975679045379],[-74.00220337099437,40.72965325629844],[-74.00252602956398,40.729007920329686],[-74.00278351015878,40.728435470293604],[-74.00281726484997,40.72836312980689],[-74.0031276729681,40.72839380211483],[-74.0053136913515,40.72860449508698],[-74.0070902077075,40.728772253856114],[-74.00859271950969,40.728915277887914],[-74.00934961954432,40.72898755640063],[-74.01054872124601,40.72910068335097],[-74.01064289761028,40.728172108377805],[-74.01076791416925,40.72817395881311],[-74.01087083220061,40.728180494240135],[-74.0110047284862,40.72819323917576],[-74.01138323516679,40.728229272870024],[-74.01439069866335,40.72846304802296],[-74.01434461474166,40.72862218378165],[-74.0142192854302,40.729523427755694],[-74.01407741391151,40.730640409690636],[-74.01408693559907,40.730663172537895],[-74.01403796924798,40.73069421884407],[-74.01401552295431,40.73068283965627],[-74.01116195696476,40.730450676349214],[-74.01108971391913,40.73125256845363],[-74.01107170223513,40.7314524921764],[-74.01099350879163,40.73232041844335],[-74.0109411822674,40.733007762766924],[-74.01146083559186,40.73302841414112],[-74.01400220214607,40.73306800179563],[-74.01399957240966,40.73333227751791],[-74.01090389883285,40.73329761713975],[-74.0108984071244,40.73335120737616],[-74.01087119562877,40.73335261107384],[-74.01084459795318,40.73335720264699],[-74.0108192555359,40.73336487136374],[-74.01079577954346,40.733375432282834],[-74.01077473613176,40.73338863071354],[-74.01075663279269,40.733404148357934],[-74.01074329965175,40.7334226472959],[-74.01073424409643,40.73344258788703],[-74.01072972383811,40.73346340265207],[-74.01072986752096,40.73348449923357],[-74.01073467106033,40.73350527725348],[-74.01074399775862,40.73352514539896],[-74.01075758219493,40.733543538250444],[-74.0107750377782,40.7335599323727],[-74.01080216588863,40.73357812014516],[-74.01083296874205,40.733592528943234],[-74.01086654686934,40.733602738017005],[-74.01083284563205,40.73400709350859],[-74.01201791944403,40.73406374445656],[-74.01200124222385,40.734338400663795],[-74.01081359479102,40.73428344314517],[-74.01078798331723,40.73454829384453],[-74.0107092291038,40.735362872140335],[-74.0106429201788,40.73604869770505],[-74.01067724659342,40.73605627995698],[-74.01066986685149,40.736101931929376],[-74.01068752603769,40.73611386772294],[-74.01070404345349,40.73612918443106],[-74.01071702975841,40.73614635650898],[-74.0107261323198,40.7361649176665],[-74.01073110396335,40.736184363893884],[-74.01073180968531,40.73620416714788],[-74.01072823031869,40.73622378968992],[-74.01072046305416,40.73624269868816],[-74.0107087188013,40.73626038068585],[-74.01069377895611,40.73627594899963],[-74.01067576024602,40.736289501111344],[-74.01065512584171,40.73630068866284],[-74.01065421033879,40.736347744240916],[-74.01061910077432,40.73634539072197],[-74.01056810573449,40.73697222064525],[-74.0105158157675,40.737596064451225],[-74.0104765981442,40.73806394059523],[-74.0110870663594,40.738092749578875],[-74.01106791868261,40.73830409667688],[-74.01108874534026,40.73831752516306],[-74.0111066567485,40.73833319875537],[-74.01112123935664,40.73835075557316],[-74.01113215647038,40.73836979025461],[-74.0111391560257,40.73838986331581],[-74.0111155367333,40.73839208578539],[-74.01109173772858,40.73839218132045],[-74.01106808891194,40.738390148596615],[-74.01105426715455,40.73838794795741],[-74.01105126196646,40.73839642625337],[-74.01045432864593,40.73836450522317],[-74.01042867884634,40.73870336465894],[-74.0103930306848,40.73917429605941],[-74.01049858988299,40.739173432770585],[-74.01055473996819,40.73918623955176],[-74.01074676135302,40.739175936679786],[-74.01138798406551,40.739216055586226],[-74.01148456734612,40.7392604615891],[-74.01158045436232,40.73926453560968],[-74.01158818724899,40.73927159489523],[-74.01158715816617,40.739478869329794],[-74.01163351895192,40.7395064860663],[-74.0116279231176,40.73956247310119],[-74.01155518156285,40.73955672622748],[-74.01152745020399,40.7398737704449],[-74.01151491736535,40.73997286369896],[-74.01146073955348,40.74058421525526],[-74.01215741913097,40.740605998634024],[-74.01215372624051,40.74067425662087],[-74.01265742489994,40.74069665223196],[-74.0126592820849,40.7407476384976],[-74.01257372996915,40.740741731845056],[-74.01257372874724,40.74073525712023],[-74.01147486918863,40.74068706027121],[-74.01137438820497,40.74072394814408],[-74.01071840609642,40.740685594428285],[-74.00963145571748,40.74064536687183],[-74.00949685520361,40.740727011785665],[-74.00949154621281,40.74074270943997],[-74.00951627358202,40.740773583673665],[-74.0095184419594,40.74080572341966],[-74.00950137905859,40.74082922374594],[-74.00946293860208,40.74090233724049],[-74.00941140266131,40.74115409331305],[-74.00953902448505,40.74125115861632],[-74.00966433364141,40.74129880035866],[-74.0096192344045,40.74136361101753],[-74.01020818993538,40.74160753792842],[-74.0103835807221,40.741397854029344],[-74.01139609242074,40.741822813235274],[-74.01083987411933,40.742596734022634],[-74.01029100591911,40.74235852514237],[-74.01012563710833,40.742575831777195],[-74.00932113973238,40.74224424271675],[-74.00928105078988,40.74230524043315],[-74.00919185316725,40.742292631516925],[-74.00915345103353,40.742496188058894]],[[-74.00937125244927,40.742185150284826],[-74.0100880336451,40.74248815567386],[-74.01019827672162,40.74233375374003],[-74.0098223415751,40.74216605205829],[-74.01016559689424,40.7416723485763],[-74.00956912252538,40.741422703061644],[-74.00952151608982,40.74148560794261],[-74.00936174828301,40.7414236242446],[-74.00934576009128,40.74151041070398],[-74.00927792756082,40.74187861135889],[-74.00923779939568,40.74207162766066],[-74.00941384793754,40.742129870171],[-74.00937125244927,40.742185150284826]]]]},"properties":{"nta2020":"MN0203","ntaname":"West Village"}},{"type":"Feature","geometry":{"type":"MultiPolygon","coordinates":[[[[-73.98449647010706,40.7095096644421],[-73.98639828917558,40.70932658388322],[-73.98814626172096,40.70915916701502],[-73.98815546051418,40.70914914197087],[-73.98839064023267,40.70912694916282],[-73.98844653437385,40.70913382054716],[-73.98847967268766,40.70915584730865],[-73.98849727173871,40.70917630579592],[-73.98863658005804,40.7099120615164],[-73.98864533493685,40.709916933898725],[-73.98866750580943,40.7099200348309],[-73.98869610271322,40.7099284503473],[-73.98871771045194,40.70994709051896],[-73.98873681707516,40.70997074234784],[-73.98879717785803,40.70996660747239],[-73.98889845980884,40.709954735765194],[-73.98935765630632,40.70990098670798],[-73.98946067019428,40.70988928705146],[-73.98957449608709,40.709874082109266],[-73.98974515155733,40.70984876215841],[-73.99015825373382,40.709790372663925],[-73.99051420376698,40.70973388411898],[-73.99078913018568,40.709689506086285],[-73.99106783463014,40.709657229340216],[-73.9913510923706,40.7096203327035],[-73.99170260226472,40.709565262956176],[-73.99176779580138,40.7095550550213],[-73.99190544366458,40.70952539607984],[-73.99203926968352,40.709516919162915],[-73.99209131635973,40.70950822240137],[-73.9921486897015,40.709498609104266],[-73.99236116139905,40.70946436931418],[-73.99284846748647,40.709381877638926],[-73.99374012862224,40.7092461209381],[-73.99400820164043,40.70923748042178],[-73.99414063200345,40.70923326740011],[-73.99437823543936,40.7091926391991],[-73.99457899963724,40.70913097291024],[-73.99517577369834,40.70903429381047],[-73.99601898395763,40.70891622384763],[-73.99666400996587,40.70882690502046],[-73.99728287195578,40.708731619843086],[-73.99808351186998,40.708509615869886],[-73.99828602320592,40.708429931467776],[-73.99852758585311,40.70833152790845],[-73.99856114620617,40.70831528273114],[-73.99872197955064,40.70823745289637],[-73.99875396570859,40.70822365052479],[-73.99880846276645,40.708200134490276],[-73.99882158420985,40.708175481175076],[-73.9988813086388,40.70813663391996],[-73.99898340963244,40.70809265331633],[-73.99905276738552,40.70803254536394],[-73.99913434786863,40.70798239694609],[-73.9992236326119,40.70805305212369],[-73.9992963135218,40.70811056798333],[-73.9993344994738,40.708143761185525],[-73.99937681738193,40.70817992532228],[-73.99949511700498,40.70827907227096],[-73.99975899410508,40.7084838220178],[-73.99986942608709,40.70856951479835],[-73.9999583436469,40.70863954804239],[-74.0000648350309,40.708723431340076],[-74.00013547110545,40.708779072540835],[-74.00020611874571,40.70883471537311],[-74.00047449159945,40.7090514992698],[-74.0012241191708,40.70965701921405],[-74.00141934562184,40.709814795772104],[-74.00128258532506,40.70999405347307],[-74.0012347649664,40.710055333035804],[-74.00113646625368,40.710175964728094],[-74.00100325442946,40.71035403076899],[-74.00090633549209,40.71047783135652],[-74.00079637659104,40.71061828715173],[-74.00065774519857,40.71080077084201],[-74.0005098596514,40.71098427045357],[-74.00057195570146,40.71104595572029],[-74.00062881532277,40.71111049841079],[-74.00068021208688,40.71117764151832],[-74.00072594131632,40.71124711768066],[-74.0007658208999,40.71131865024449],[-74.00079969198939,40.71139195459113],[-74.00082741969965,40.71146673859666],[-74.0008488935974,40.711542704469196],[-74.00086402815117,40.71161954970954],[-74.00087276307242,40.71169696831581],[-74.00089166198869,40.712999258356206],[-74.00089354259464,40.713029950788005],[-74.00089640187132,40.71304741461341],[-74.00093174200283,40.713263253045476],[-74.00125701936294,40.71349677866777],[-74.00156635547326,40.71368306399954],[-74.00096840382477,40.713905596114685],[-74.00074652283325,40.714510353738596],[-74.00045462977894,40.71436504759906],[-74.00052734788574,40.715170059365484],[-74.00078955054066,40.71529096840161],[-74.0005783915007,40.71557090342701],[-74.00013820907833,40.716199730562494],[-73.999930976899,40.716543914270694],[-73.99944838180335,40.7173297970985],[-73.99931241612073,40.71755024177758],[-73.9985892550198,40.71709951153728],[-73.99776285925765,40.71681392862427],[-73.99698375215492,40.71654054317223],[-73.99605872612268,40.71623164071364],[-73.99580912195114,40.716644660210676],[-73.99542875812696,40.71727924304803],[-73.99480778889196,40.71845742685302],[-73.99382785532453,40.71814447755253],[-73.99309432105578,40.7179224792367],[-73.99222064285155,40.71765844676515],[-73.99142272626793,40.71741757692699],[-73.99130415304928,40.71738168193557],[-73.99117623136941,40.71734296009509],[-73.99070289946383,40.71720060592557],[-73.9899501906863,40.7169719755547],[-73.98915463750744,40.716708646771785],[-73.98975418109097,40.71555234834068],[-73.99020235909222,40.714664430893045],[-73.99022155496816,40.71457875640877],[-73.99022750964427,40.714491670052816],[-73.99022012603876,40.71440493989813],[-73.98933656444504,40.71413337601421],[-73.98870191200442,40.71418554116259],[-73.98840468949098,40.71421005195973],[-73.98766690183298,40.71427082223863],[-73.9871662796891,40.714312057545854],[-73.98585437560017,40.714420135766616],[-73.98567127734,40.71443529826626],[-73.98558505205506,40.714442405218534],[-73.98534404351345,40.714461578232836],[-73.98522844623366,40.71379292643618],[-73.98506509275862,40.71380691898869],[-73.98511380650824,40.713351257026694],[-73.98505770123434,40.713077717775924],[-73.98503128411657,40.71289988397275],[-73.9850246208341,40.71285503094478],[-73.98495041919544,40.712355530060826],[-73.98485280777922,40.71169814288915],[-73.98478405997494,40.71122878935756],[-73.98470278689686,40.71070201588442],[-73.98468361401434,40.71060508203816],[-73.98467459366353,40.71056357736016],[-73.98466491357523,40.71051417302448],[-73.98465524451053,40.71046476215556],[-73.98449647010706,40.7095096644421]]]]},"properties":{"nta2020":"MN0301","ntaname":"Chinatown-Two Bridges"}},{"type":"Feature","geometry":{"type":"MultiPolygon","coordinates":[[[[-73.98245898564491,40.70554241497245],[-73.9824228717988,40.70582205494961],[-73.98102390618274,40.70589891389373],[-73.9810173390096,40.70579750596535],[-73.98230205183854,40.705736979902404],[-73.98232944150546,40.7055520336641],[-73.98237340439913,40.70554335043761],[-73.98245898564491,40.70554241497245]]],[[[-73.97506051050303,40.718785451244116],[-73.97498996537453,40.71877900827139],[-73.97492162524021,40.71878173045884],[-73.97487087038486,40.71879677988685],[-73.97480627348862,40.7188177198584],[-73.97474239882223,40.71884079474656],[-73.97468709704181,40.71882935509298],[-73.97464860405941,40.718821269317],[-73.9736123433092,40.71860565408387],[-73.97357185653394,40.71859722992405],[-73.97374101738151,40.71809467627212],[-73.97391750479389,40.71759358356498],[-73.97410129682494,40.71709401364574],[-73.97429237062813,40.716596028168134],[-73.97449070246019,40.716099688589054],[-73.9746962676835,40.71560505616096],[-73.97490904076973,40.71511219192409],[-73.97512899530261,40.71462115669945],[-73.9751497793714,40.71457942336109],[-73.97516360806196,40.71455190518881],[-73.97518850986295,40.71450316072415],[-73.97521387023663,40.71444849879866],[-73.97522549627963,40.71442343994215],[-73.97524666388613,40.71437780680823],[-73.97524670420702,40.714377725063805],[-73.97580311283951,40.71317812509194],[-73.97579532792415,40.713170023694374],[-73.97596844519683,40.71278957339107],[-73.9760498138943,40.71260419428054],[-73.97612368838762,40.71246032590113],[-73.9761653123831,40.71242019791103],[-73.9763112786719,40.71211864731037],[-73.97642872514517,40.71190903250389],[-73.97650540115386,40.71179878945266],[-73.9765500881422,40.71173453872846],[-73.97671221539667,40.711535765178574],[-73.97681883474013,40.71141956702121],[-73.97699076574622,40.71125666023073],[-73.97705659401758,40.71119762596446],[-73.97722213562588,40.711068730725934],[-73.97752668432635,40.710843072733326],[-73.97772119493052,40.71071007466089],[-73.97782091638229,40.71064544540978],[-73.97789949619433,40.71059986620255],[-73.97799674790397,40.7105610168892],[-73.97807974906617,40.7105322505774],[-73.97818190694295,40.71050686501523],[-73.97825557749216,40.71049790905548],[-73.97837148165253,40.710489707491774],[-73.97861560123977,40.71047378241362],[-73.97877613342088,40.71046331504746],[-73.97918894377,40.71043492338845],[-73.97920726434594,40.71043366689588],[-73.97929015237106,40.71042814506969],[-73.98003642292828,40.71037840126683],[-73.98028344332192,40.71036181510862],[-73.98033652490477,40.710359200212295],[-73.98033090124423,40.71028693831376],[-73.98051046026367,40.71027475144327],[-73.98128647552548,40.71021834788182],[-73.98124579569932,40.709826215104044],[-73.98306019477388,40.70964791225086],[-73.98364234472628,40.70959187924491],[-73.98449647010712,40.7095096644421],[-73.98465524451048,40.71046476215556],[-73.98466491357507,40.710514173024514],[-73.98467459366348,40.71056357736022],[-73.9846836140143,40.71060508203816],[-73.98470278689686,40.71070201588442],[-73.98478405997501,40.71122878935756],[-73.98485280777926,40.7116981428892],[-73.98495041919527,40.712355530060826],[-73.98502462083403,40.71285503094484],[-73.98503128411647,40.71289988397278],[-73.98505770123428,40.713077717775924],[-73.9851138065082,40.713351257026694],[-73.98506509275857,40.71380691898869],[-73.98522844623366,40.71379292643618],[-73.9853440435134,40.714461578232864],[-73.98558505205496,40.714442405218534],[-73.98567127733983,40.714435298266295],[-73.98585437560017,40.714420135766616],[-73.9871662796891,40.714312057545854],[-73.98766690183292,40.71427082223863],[-73.98840468949098,40.71421005195973],[-73.98870191200437,40.71418554116262],[-73.98933656444504,40.714133376014246],[-73.99022012603865,40.71440493989818],[-73.99022750964416,40.714491670052816],[-73.99022155496799,40.714578756408805],[-73.99020235909205,40.714664430893045],[-73.98975418109092,40.71555234834068],[-73.9891546375074,40.71670864677182],[-73.98995019068624,40.71697197555474],[-73.99070289946371,40.71720060592557],[-73.99117623136941,40.71734296009514],[-73.99130415304928,40.717381681935606],[-73.99142272626793,40.71741757692703],[-73.9922206428515,40.717658446765185],[-73.99309432105572,40.7179224792367],[-73.99382785532457,40.71814447755253],[-73.99480778889186,40.71845742685302],[-73.9943986617055,40.719457108928],[-73.99423470916292,40.71985151506629],[-73.99416805894519,40.720011846252234],[-73.99407263067107,40.72024349190821],[-73.9940415520235,40.72032097982335],[-73.99383792118104,40.72083214912449],[-73.99379593781067,40.72093753796844],[-73.9935273123567,40.721633262371185],[-73.99336181506891,40.72208001783559],[-73.99333917242919,40.72214114067458],[-73.9932601606281,40.72235442627806],[-73.99309190138952,40.72282008536928],[-73.99263254954289,40.724056865655164],[-73.99260322198428,40.72413644968361],[-73.99253198772745,40.72411456659975],[-73.99219861177944,40.724012609684195],[-73.99135472734818,40.72375461958757],[-73.99127307096381,40.72372981344214],[-73.99102410395398,40.723649432740544],[-73.99027361581857,40.72342601879592],[-73.9893921810376,40.72317405899775],[-73.98875683194557,40.72297036611125],[-73.98863862694621,40.722933720766335],[-73.9885436135351,40.722903617853575],[-73.98786491366825,40.72269708870194],[-73.9871358474217,40.722469811623306],[-73.98628573956006,40.72224192000888],[-73.98585984110207,40.7220997322586],[-73.9855168611052,40.72198522495781],[-73.98467780163293,40.72173060534054],[-73.98382387210108,40.721472872067025],[-73.9830030854691,40.72122268107842],[-73.98216615175821,40.72096885477434],[-73.98130824107952,40.72070878563628],[-73.98008058907905,40.720339340510044],[-73.9796602165646,40.72021282967874],[-73.97875234830163,40.71993370711215],[-73.97803122530533,40.71963834764645],[-73.97722379174816,40.719309775859564],[-73.9767449554882,40.71921523353867],[-73.97648182372318,40.71915962886312],[-73.97635525073238,40.719132884921976],[-73.97610198547082,40.719080694260015],[-73.97551012651918,40.71895861253018],[-73.97545167479797,40.718946559928376],[-73.97548131398722,40.71889110782664],[-73.97509719746351,40.71879443343051],[-73.97506051050303,40.718785451244116]]]]},"properties":{"nta2020":"MN0302","ntaname":"Lower East Side"}},{"type":"Feature","geometry":{"type":"MultiPolygon","coordinates":[[[[-73.96715101106554,40.71831612593243],[-73.96656241831437,40.71801586680629],[-73.96659690266586,40.71796798189279],[-73.96718343223782,40.71827592102777],[-73.96719282626925,40.718265144524786],[-73.96730741474404,40.71831306668176],[-73.96723013304984,40.71841466834064],[-73.96718243631273,40.718483055799176],[-73.96706867689147,40.71843903579146],[-73.96709096267313,40.71840576680846],[-73.96715101106554,40.71831612593243]]],[[[-73.9664432335092,40.719243203651835],[-73.96650150486249,40.719191280434885],[-73.96646644128893,40.71917459142351],[-73.96644906386173,40.7191791415829],[-73.96643687073039,40.71913982534474],[-73.9663664313901,40.719100491601516],[-73.96632227620144,40.719104052376295],[-73.9663636385141,40.719050456048485],[-73.96574267076741,40.71870687777715],[-73.96575996467396,40.718689035281855],[-73.96634580602186,40.719016141341186],[-73.96637512035431,40.71898467077628],[-73.96663600829616,40.71913014321545],[-73.96654863232129,40.71922157595245],[-73.96651371046346,40.719202805475874],[-73.96646745714561,40.71924344072401],[-73.96648075649595,40.7193567910718],[-73.96650737099574,40.719358659872796],[-73.96652341507118,40.71936849300298],[-73.96653476032199,40.71938070716422],[-73.96653866772373,40.71939559908954],[-73.96653591996437,40.71941197956665],[-73.96652886928423,40.719420613692556],[-73.96651453667191,40.71943097474466],[-73.96649136159756,40.719436209413765],[-73.96645879444058,40.719433340415215],[-73.96644063945848,40.71941999228302],[-73.96643313544055,40.719396641546474],[-73.96643690008688,40.71938234640714],[-73.9664456742461,40.719370913080745],[-73.96646509449421,40.7193604344076],[-73.9664432335092,40.719243203651835]]],[[[-73.96503278262037,40.72037706947495],[-73.96511736757607,40.720316339861505],[-73.96567655698846,40.7206789605406],[-73.96559823311401,40.720744458402685],[-73.96503278262037,40.72037706947495]]],[[[-73.96483433609403,40.720795547440936],[-73.96436107868253,40.72047723987711],[-73.96439735617604,40.7204418344266],[-73.96486440927369,40.72077554186087],[-73.96492581691774,40.72072028444723],[-73.96503100130573,40.720790841371304],[-73.9649307430023,40.720881350566174],[-73.96485304211566,40.72095280435724],[-73.96475287190977,40.720877483340075],[-73.96483433609403,40.720795547440936]]],[[[-73.96402617458521,40.720880893068745],[-73.9640659124426,40.72079991096256],[-73.96437504301146,40.72099255076879],[-73.96430846303322,40.7210556694886],[-73.96402617458521,40.720880893068745]]],[[[-73.96424069640435,40.72061223099658],[-73.96427462409184,40.720575767593864],[-73.96495059736658,40.72142418210708],[-73.96484284863446,40.721464176094834],[-73.96420193010492,40.72065389425693],[-73.96424069640435,40.72061223099658]]],[[[-73.97177410965303,40.72582128133725],[-73.97179142961485,40.725814221149285],[-73.97181650521712,40.72581496574734],[-73.97185935764855,40.72558296903034],[-73.97187437695213,40.725503116080006],[-73.97188490885411,40.72542440506579],[-73.97191120732053,40.725290370700094],[-73.97193374501082,40.72517629035144],[-73.97193975456312,40.72515803861023],[-73.97196154778612,40.7250399783084],[-73.97200511841213,40.72484148970844],[-73.97203666966882,40.72468407002028],[-73.97206595867391,40.72455915883146],[-73.97207196960318,40.724536351360854],[-73.97208098151926,40.724497567930555],[-73.97208400057282,40.72446790554588],[-73.97209751290927,40.72442341473228],[-73.97215609001717,40.724170178278285],[-73.97216585996632,40.72413196327332],[-73.9722169237619,40.72393005464696],[-73.97223344676958,40.7238467799265],[-73.97226499868268,40.72371445683122],[-73.9723250773157,40.72346349983007],[-73.97236115744644,40.723312060476644],[-73.97239945748277,40.72314881636684],[-73.97251011180381,40.72269688600691],[-73.97288971396699,40.72108829721954],[-73.97314808331096,40.71999057325979],[-73.97357185653394,40.71859722992405],[-73.9736123433092,40.71860565408387],[-73.97464860405941,40.718821269317],[-73.97468709704181,40.71882935509298],[-73.97474239882223,40.71884079474656],[-73.97480627348862,40.7188177198584],[-73.97487087038486,40.71879677988685],[-73.97492162524021,40.71878173045884],[-73.97498996537453,40.71877900827139],[-73.97506051050303,40.718785451244116],[-73.97509719746351,40.71879443343051],[-73.97548131398722,40.71889110782664],[-73.97545167479797,40.718946559928376],[-73.97551012651918,40.71895861253018],[-73.97610198547082,40.719080694260015],[-73.97635525073238,40.719132884921976],[-73.97648182372318,40.71915962886312],[-73.9767449554882,40.71921523353867],[-73.97722379174816,40.719309775859564],[-73.97803122530533,40.71963834764645],[-73.97875234830163,40.71993370711215],[-73.9796602165646,40.72021282967874],[-73.98008058907905,40.720339340510044],[-73.98130824107952,40.72070878563628],[-73.98216615175821,40.72096885477434],[-73.9830030854691,40.72122268107842],[-73.98382387210108,40.721472872067025],[-73.98467780163293,40.72173060534054],[-73.9855168611052,40.72198522495781],[-73.98585984110207,40.7220997322586],[-73.98628573956006,40.72224192000888],[-73.9871358474217,40.722469811623306],[-73.98786491366825,40.72269708870194],[-73.9885436135351,40.722903617853575],[-73.98863862694621,40.722933720766335],[-73.98875683194557,40.72297036611125],[-73.9893921810376,40.72317405899775],[-73.99027361581857,40.72342601879592],[-73.99102410395398,40.723649432740544],[-73.99127307096381,40.72372981344214],[-73.99135472734818,40.72375461958757],[-73.99219861177944,40.724012609684195],[-73.99253198772745,40.72411456659975],[-73.99260322198428,40.72413644968361],[-73.99257987308604,40.724201554923404],[-73.9923276787069,40.72490609839734],[-73.99221516524881,40.72523259566829],[-73.99206108411386,40.725644614334406],[-73.99179396131375,40.72639179586429],[-73.99163853343113,40.72683325627766],[-73.991567627737,40.727034647618886],[-73.99155207512986,40.72709433722655],[-73.99138898249227,40.72749770114226],[-73.99135288829754,40.72755739856281],[-73.99123439470965,40.7277268052625],[-73.99129790628707,40.72775524906495],[-73.99122943516699,40.728072618365914],[-73.99114315146102,40.72858815765818],[-73.99097394420757,40.729195707209264],[-73.99078461514345,40.72974574833861],[-73.99072530255708,40.72987868747649],[-73.9905055844942,40.730564957743006],[-73.9903900987052,40.731288524330154],[-73.99021190884338,40.73199633490752],[-73.99011350142575,40.73240050534902],[-73.99010225655745,40.73244537234051],[-73.99003455647762,40.7327541513741],[-73.9898685205146,40.733527114554995],[-73.9898512118395,40.733678358387486],[-73.9898431191777,40.733830049373346],[-73.9898442599189,40.73398186273539],[-73.98985463157419,40.734133473635026],[-73.98987421212176,40.73428455726343],[-73.98990295970046,40.73443479013707],[-73.98883935023996,40.733990479931485],[-73.98877931595969,40.7339654002412],[-73.98757195138026,40.73345699118114],[-73.98718049582432,40.73329214826433],[-73.98494550511883,40.73234967332065],[-73.98356052033174,40.73177022543642],[-73.98346644120123,40.73173108162115],[-73.98321467146553,40.731624168291304],[-73.98296440531304,40.7315208425476],[-73.98255629231726,40.7313501345547],[-73.98246876214004,40.73131488523588],[-73.98190911373968,40.73109512931668],[-73.98166656898994,40.7309985475813],[-73.98034007500232,40.73044246137657],[-73.97992109976272,40.73026220520887],[-73.97910803740506,40.729910558980514],[-73.97802697796664,40.72943306011242],[-73.97753843746929,40.72922624841975],[-73.97690436239527,40.72895782478054],[-73.97619632359164,40.72866197702931],[-73.97581244833346,40.728519767622544],[-73.97566782459063,40.728462532509226],[-73.9732979670599,40.727428009362406],[-73.97205015281106,40.72688094679736],[-73.97197684905781,40.726830356201454],[-73.97191244063708,40.72679100926994],[-73.97185671237702,40.726758685466315],[-73.9717960198695,40.72671367965678],[-73.97162697271706,40.726628453499636],[-73.97166972701153,40.72639232765715],[-73.97169587451613,40.72624182930254],[-73.97171894361502,40.72612199325969],[-73.97173843313291,40.72599966755558],[-73.97176755410212,40.725833303454834],[-73.97177410965303,40.72582128133725]]]]},"properties":{"nta2020":"MN0303","ntaname":"East Village"}},{"type":"Feature","geometry":{"type":"MultiPolygon","coordinates":[[[[-74.00178824022314,40.76229452014182],[-74.00141628629774,40.76213655266798],[-74.00127796266636,40.76207582517462],[-74.00115054116877,40.76202581235714],[-74.00103587393085,40.76196835225947],[-73.99939320922185,40.761277076437395],[-73.9983121118473,40.76082206902151],[-73.99648642702537,40.76005310107564],[-73.99621172379474,40.75993739482231],[-73.99603730536171,40.75986392534572],[-73.99547450167069,40.759626857017714],[-73.995931496116,40.75899645358069],[-73.99640941488109,40.75833915867459],[-73.99663529111801,40.75801292185985],[-73.99680089635105,40.75778916020682],[-73.99685244812545,40.75773270991662],[-73.99692177805065,40.75763758219793],[-73.99723373657878,40.75720954278116],[-73.99729876461934,40.75710704073607],[-73.99577488030937,40.75645451522952],[-73.99511286348465,40.756175774446284],[-73.99500601536029,40.75613671437038],[-73.99446824672701,40.755908862204855],[-73.99163271156428,40.75470680500966],[-73.99207900011059,40.75409111586552],[-73.99252855903761,40.75347391339538],[-73.99297937711941,40.752853402899134],[-73.99346417670151,40.75219005526781],[-73.99394825571736,40.75152222216278],[-73.99437946790309,40.75093038980298],[-73.99484363698666,40.750293308962995],[-73.99529821372835,40.74967168260019],[-73.99574855507053,40.74905219622111],[-73.99619655400889,40.74843932774479],[-73.99664704350982,40.74782272958553],[-73.99709902854308,40.747205102042415],[-73.99501433044634,40.74632232768275],[-73.99426258496462,40.746003981358],[-73.99141858494612,40.74480268299892],[-73.99187102345438,40.74418557144899],[-73.99206647165171,40.74391620320904],[-73.99232182344697,40.743568093422006],[-73.9928034088292,40.742910020706034],[-73.99328973175751,40.74223428205246],[-73.9937335385751,40.741622202322056],[-73.99397071688509,40.74129843923427],[-73.99416078183029,40.74102882279613],[-73.99459264822453,40.74044198090852],[-73.9950179854245,40.739860011752704],[-73.99544725767048,40.73926838458007],[-73.99587409458944,40.738685946168154],[-73.9963423689983,40.73804523255931],[-73.99683993860414,40.73736088990093],[-73.99968422973271,40.738552474318816],[-74.00252381416747,40.739752643642305],[-74.00310733752076,40.73999752106174],[-74.00512553452256,40.74085021407374],[-74.00536221941265,40.74094950402077],[-74.00544214756812,40.74098214026192],[-74.00697077724409,40.74162712766088],[-74.00779115980625,40.74197084524949],[-74.00820401746283,40.74214751879115],[-74.00869902208262,40.74236172446615],[-74.00879080522756,40.74237514422635],[-74.00889339798327,40.74238416769201],[-74.00901826553093,40.74243747858332],[-74.00915345103353,40.742496188058894],[-74.00909156846187,40.74288614856998],[-74.0092401357503,40.74289951891269],[-74.00924074160118,40.74291316136615],[-74.00962015348905,40.74295124788734],[-74.00956843411774,40.74325778522915],[-74.00958464345696,40.74326351998068],[-74.0121194002866,40.74351661218273],[-74.01213726936176,40.74353192705941],[-74.01214813183593,40.74355930154771],[-74.0120900828904,40.74389763815161],[-74.01206903486668,40.7439224935485],[-74.01202085006399,40.743939770208996],[-74.01197763276794,40.7439355604212],[-74.0095120176736,40.74367609325786],[-74.00948868364225,40.7436956811797],[-74.00943800870859,40.743971254970646],[-74.00939426932104,40.74396871633577],[-74.0090420750423,40.74393387125523],[-74.00890032962842,40.7439179270962],[-74.00880283523894,40.74443934812695],[-74.00872780058869,40.7448582324076],[-74.00872986359421,40.74488153782985],[-74.00893975844275,40.74490921733261],[-74.00957440546827,40.74499290866304],[-74.00961227858333,40.744997903150754],[-74.00955832929749,40.74528882529887],[-74.00991660813463,40.74532725550981],[-74.00993436677696,40.745317078102005],[-74.00993796184925,40.74529670090802],[-74.00994341816717,40.74526576973655],[-74.00995048769153,40.745225690823666],[-74.00995852601352,40.74518012014936],[-74.00996759893339,40.74512868110866],[-74.0099735068339,40.7450951941159],[-74.00998135739343,40.745050682388644],[-74.00998917273134,40.74500638375704],[-74.00999822601715,40.74495505930228],[-74.00998685784818,40.744944164215354],[-74.00986948474728,40.744933917707314],[-74.00987211085473,40.74491650162336],[-74.01016790535392,40.744942329709765],[-74.01016465197362,40.74496392412734],[-74.01005375656217,40.74495423493008],[-74.01003848384619,40.74496345858092],[-74.0100236125255,40.745046345318194],[-74.01001404323709,40.74509967661572],[-74.01000814033458,40.74513257676576],[-74.00999930170606,40.745181839791215],[-74.00999250457971,40.74521971856189],[-74.00998320066579,40.745271573088914],[-74.00997743638767,40.74530370360911],[-74.0099739502192,40.745323135109416],[-74.00999095379989,40.745336685668946],[-74.01046920011868,40.74538676602916],[-74.01048835594958,40.74537571459226],[-74.01049187351383,40.74535516651145],[-74.01049693441198,40.74532561543098],[-74.01050332781192,40.745288270909015],[-74.01051171655331,40.74523927525849],[-74.01052083436342,40.745186021861585],[-74.01052681665291,40.74515108120885],[-74.01052968455846,40.74513433251278],[-74.01055044755881,40.74501305670504],[-74.01053188168753,40.74500298186938],[-74.01041700660248,40.74499358220095],[-74.01041937209379,40.74497682366864],[-74.01076419780692,40.745005032020956],[-74.01076156046138,40.74502372618368],[-74.0106062154019,40.74501101647447],[-74.01058579200931,40.74502044656174],[-74.01056801091906,40.74513793282657],[-74.01056370849734,40.74516636225337],[-74.01055056928827,40.74525318207801],[-74.01053978205329,40.74532445541953],[-74.01053373468656,40.74536440745722],[-74.01053106537704,40.745382050389644],[-74.01054520392164,40.745392135514365],[-74.01110359804885,40.745447670244126],[-74.01111624097207,40.74543612462567],[-74.01112466163889,40.745377762202686],[-74.01113010029034,40.74534322832571],[-74.01113887006929,40.7452875491346],[-74.01114545795528,40.745245720718714],[-74.01115627315944,40.74517704715629],[-74.01116113418436,40.74514617646117],[-74.01117183119833,40.74507825878611],[-74.01115328709832,40.745068642567865],[-74.01104281748233,40.74506096392633],[-74.01104459150831,40.74504621240219],[-74.0113876997419,40.745073113185356],[-74.01138567845317,40.74508800763905],[-74.01123037991141,40.74507583016035],[-74.01121085294047,40.745170803682754],[-74.0112059244744,40.745194770630945],[-74.01118816871934,40.74528112558929],[-74.01118102964986,40.74531584944158],[-74.01116675082797,40.74538529848463],[-74.01115419110828,40.745446378084175],[-74.01116709976122,40.74546035254014],[-74.01173958552825,40.74551991869295],[-74.01179527645735,40.74515466698517],[-74.01178273500794,40.74513495612853],[-74.01166900853472,40.74512733119157],[-74.01167067583789,40.74511397683741],[-74.01183642872417,40.74512596367891],[-74.01177458786383,40.74552484591896],[-74.01177025765044,40.745552783535175],[-74.01176635449525,40.745577980043656],[-74.0117827582809,40.74560157225559],[-74.01171897530921,40.74593984550052],[-74.01171123496545,40.74596125915188],[-74.01167885439514,40.7459794618162],[-74.01163451251723,40.74597839430372],[-74.01055524902235,40.745871103920486],[-74.01055133475734,40.74590288450243],[-74.01012821388653,40.74585723943174],[-74.01012821162075,40.74584233546322],[-74.0099466846229,40.74581951494838],[-74.0099480791384,40.74580017091213],[-74.00946389855972,40.74575014365962],[-74.00945236676588,40.745817473891066],[-74.00944165126164,40.745880035252895],[-74.00943562211815,40.74591524221608],[-74.00942443646909,40.74598054786065],[-74.00941900727406,40.74601224727732],[-74.00940745668294,40.74607969510667],[-74.00940155801693,40.746114136126636],[-74.00939067734767,40.746177655911936],[-74.00938523645618,40.74620942736333],[-74.00938042260202,40.74623753630562],[-74.00937637598555,40.74626116385942],[-74.00936362734237,40.74633560247998],[-74.01153382764755,40.74656775420988],[-74.01156782922591,40.74657945166652],[-74.01159123434022,40.74660150547614],[-74.0115884687918,40.74662807490493],[-74.01153307180618,40.74696682694824],[-74.01151183018266,40.74698460410322],[-74.01148373087554,40.74699058876545],[-74.01144491250467,40.74698628502863],[-74.00924314658668,40.746762790251324],[-74.00913736259926,40.74735976280317],[-74.00956047962374,40.74740279960471],[-74.00956103476231,40.747387733595396],[-74.00956765300357,40.74738787745338],[-74.00956826626565,40.74737108390933],[-74.00955039867249,40.74737070661558],[-74.00955155415365,40.74733934176806],[-74.00996384996873,40.747377803012704],[-74.00995838445463,40.7474116725856],[-74.00990669970044,40.74740685011118],[-74.00990158912964,40.74743848434909],[-74.01135675337719,40.7475924178444],[-74.01139477557412,40.74761090261148],[-74.0114067393551,40.74763054956565],[-74.01134693158467,40.747976205492776],[-74.01133174375619,40.7480005758448],[-74.0113035299375,40.748014571909074],[-74.01126611253964,40.74801371918134],[-74.00905847901343,40.74778564533301],[-74.00894606502322,40.74841189316889],[-74.00897918339888,40.748412709627154],[-74.00897918171539,40.74840021938069],[-74.00907100927556,40.74840976720658],[-74.00907390770351,40.748395061701],[-74.00941511636562,40.74842958641488],[-74.00941607672534,40.7484369350381],[-74.00952336741516,40.74844795680843],[-74.0095188236012,40.74847354043612],[-74.01116687561544,40.74864504676633],[-74.01119472751151,40.74865681411407],[-74.01121561813423,40.7486779927463],[-74.01121562130412,40.748696821175976],[-74.01114914281891,40.74902574726506],[-74.01113289942995,40.74904163433376],[-74.01110891116892,40.749049875417256],[-74.01107797059215,40.749051643117426],[-74.00994817938037,40.748931988508446],[-74.0095617474735,40.749969974696896],[-74.00925340917924,40.749985206224686],[-74.00910453215725,40.750371069730505],[-74.01067737532622,40.75102267497965],[-74.01056463476449,40.751321462604054],[-74.00900098259461,40.750648184285346],[-74.00870618650585,40.75142680500349],[-74.00873137829976,40.75146589446733],[-74.00866729071825,40.751628197723505],[-74.00862089839431,40.75165257742008],[-74.00853256925016,40.75188360880192],[-74.008760049935,40.75194801370469],[-74.00914082120002,40.75209759409922],[-74.00912661123245,40.75211689573511],[-74.00874567715042,40.75196439532719],[-74.00865115936804,40.75193951211322],[-74.0086431823763,40.751956502032115],[-74.00896912527926,40.7520767919815],[-74.00895742294804,40.75209022513113],[-74.00903895969962,40.75212515514748],[-74.00904909796247,40.75211834944319],[-74.00910757975159,40.75213971211202],[-74.00910596820002,40.752142124447055],[-74.00905774009662,40.75221435124337],[-74.00899734911651,40.75218910594731],[-74.00900762808322,40.75217684173439],[-74.00892887650475,40.75214400187035],[-74.00891472422606,40.752163628476005],[-74.00867223768388,40.752062250000904],[-74.00859053101699,40.75202810543455],[-74.00858095760466,40.75204388241179],[-74.00866456561988,40.75207286737443],[-74.00934089245285,40.752355610048305],[-74.00932795206236,40.75237350354891],[-74.00847895572794,40.75201857141748],[-74.00842636447226,40.75215785023945],[-74.0088177981942,40.75232434535178],[-74.00880273703076,40.7523448540374],[-74.0088394166214,40.752358816534866],[-74.00885173565307,40.75234228177313],[-74.00986566961524,40.75276341313944],[-74.00984627922618,40.752785441959595],[-74.0098892261995,40.75280368052574],[-74.00990631519599,40.75278041119854],[-74.0099905581975,40.75281618714928],[-74.00992010631784,40.75291212501199],[-74.00997058797022,40.75293356415334],[-74.00991916209404,40.753003591459446],[-74.00978913116434,40.75294837059045],[-74.0098877480223,40.752814077653554],[-74.00983854674402,40.752794967983235],[-74.00983056847903,40.752803464747366],[-74.00882994505393,40.75238001600731],[-74.00883632714998,40.752371521109716],[-74.0087921009084,40.75235213787711],[-74.00868792219579,40.75249399913116],[-74.0083535283885,40.75235073984506],[-74.00801152240525,40.75325645160709],[-74.00790245613038,40.75354261201463],[-74.00773872468991,40.75397215832133],[-74.00761949611847,40.75428184127169],[-74.0077440483022,40.75433680243448],[-74.00759618989152,40.75453055123691],[-74.00747157990915,40.75447701941887],[-74.00729394650313,40.754723184451045],[-74.00728499944323,40.75473556820334],[-74.00741362036906,40.754789302669614],[-74.00727181174773,40.75498559503798],[-74.00714468360972,40.754932481173604],[-74.00695917416678,40.75518079484957],[-74.00680635763678,40.755391775137916],[-74.00670291840636,40.755532367491114],[-74.00657767658511,40.755706870931554],[-74.00647435577088,40.75584955345522],[-74.00620548925971,40.75622084397118],[-74.00610422115507,40.7563605201234],[-74.0059669102922,40.75655814193046],[-74.00592383847429,40.756620235634394],[-74.00580938168247,40.75678934147854],[-74.00541885841011,40.75732314085194],[-74.00521187705777,40.757231999042666],[-74.00480392560185,40.75780984316488],[-74.00496777078658,40.75788416444813],[-74.00527894797891,40.75802855492844],[-74.00503105070543,40.75835701597075],[-74.0069642874931,40.75916005756179],[-74.00699375268466,40.75917614764281],[-74.00701038304967,40.75920372088941],[-74.0070035890402,40.759231870843806],[-74.00652959987846,40.75987475174394],[-74.00650687640183,40.75989203231737],[-74.00647588371956,40.7598936012682],[-74.00644352901304,40.75989045996217],[-74.00631515935251,40.75984282204481],[-74.00450483093915,40.75908499705544],[-74.00420629125391,40.759501707688564],[-74.00390742032769,40.75937569218368],[-74.00380657835007,40.759510731466186],[-74.0040798895684,40.759626044742895],[-74.00424697128066,40.75969921467416],[-74.0042024743225,40.759761071881954],[-74.00414863814689,40.759835914170964],[-74.00424487588262,40.75988657316676],[-74.0042596785672,40.75987530818128],[-74.00431889425079,40.75991068626618],[-74.00426869584574,40.75995927901352],[-74.00421059345653,40.75992456661018],[-74.00422266067,40.75991310304382],[-74.00413171622799,40.759861642396196],[-74.00411162007795,40.75989300730739],[-74.00366891387445,40.75970596957677],[-74.00357251040079,40.759846559475896],[-74.00392854933564,40.76000301972061],[-74.003825595952,40.76013313666701],[-74.00358800911201,40.76045170745402],[-74.00338488229893,40.76072887120908],[-74.00313338991401,40.76107834509648],[-74.00278691552613,40.76092896970349],[-74.0023352806396,40.761543727001815],[-74.00454520983429,40.76249280144242],[-74.00455814361389,40.76250787607552],[-74.00455641560926,40.762524265527816],[-74.00444951527277,40.76266456720016],[-74.00442709659245,40.76267570735653],[-74.00439976203518,40.76267135909899],[-74.00220082073271,40.76172843272924],[-74.00178824022314,40.76229452014182]]]]},"properties":{"nta2020":"MN0401","ntaname":"Chelsea-Hudson Yards"}},{"type":"Feature","geometry":{"type":"MultiPolygon","coordinates":[[[[-73.99612087994674,40.773275391093215],[-73.99434191991611,40.77252478244623],[-73.9942497922864,40.77252648513829],[-73.99416328456314,40.772487190518916],[-73.99383108136979,40.77293178835342],[-73.99378736933701,40.77290384676547],[-73.99372534620399,40.77286419949062],[-73.99359086248553,40.77279008029667],[-73.99341045387395,40.77287889534579],[-73.99332519689008,40.77283148004022],[-73.99333032870989,40.772824374741525],[-73.99341683117026,40.77270460314077],[-73.99378189746184,40.772199091447774],[-73.993656061224,40.772145962903764],[-73.99091307486894,40.7709877590357],[-73.9906691839986,40.77088535309583],[-73.99059644681434,40.77085481028253],[-73.99042938715506,40.77078465473409],[-73.98806289548571,40.7697908002881],[-73.98521720261179,40.76859463045802],[-73.98410142331296,40.76812416182511],[-73.98236353955835,40.7673880741734],[-73.98287713455186,40.76671559514089],[-73.98313166741198,40.76636698305537],[-73.98336657767967,40.76604524186618],[-73.9838218563728,40.76541847469758],[-73.98428230014541,40.764791815101816],[-73.98473393625358,40.76416910487746],[-73.98519152093256,40.7635436746478],[-73.985646776585,40.76291487498562],[-73.9861040601886,40.76228995260434],[-73.98656138445203,40.761660122362585],[-73.98701514401088,40.7610373674779],[-73.9874752456736,40.76040478688602],[-73.98792640561622,40.75979027766041],[-73.98839044509052,40.75916418668047],[-73.98884253802537,40.75853349956079],[-73.98929727411686,40.75790663815233],[-73.98979085269418,40.75723313191893],[-73.99027621280383,40.756567565552245],[-73.99072636251596,40.75595040556492],[-73.99117738092266,40.75532984908404],[-73.99163271156424,40.75470680500966],[-73.99446824672707,40.755908862204855],[-73.99500601536023,40.75613671437038],[-73.9951128634847,40.756175774446284],[-73.99577488030931,40.75645451522952],[-73.99729876461925,40.75710704073607],[-73.99723373657878,40.757209542781204],[-73.99692177805065,40.75763758219793],[-73.9968524481255,40.75773270991666],[-73.99680089635105,40.75778916020686],[-73.99663529111784,40.75801292185985],[-73.99640941488097,40.75833915867459],[-73.99593149611606,40.75899645358069],[-73.99547450167074,40.759626857017714],[-73.99603730536167,40.75986392534576],[-73.99621172379463,40.75993739482236],[-73.99648642702526,40.76005310107568],[-73.9983121118473,40.76082206902151],[-73.9993932092218,40.761277076437395],[-74.00103587393079,40.761968352259515],[-74.0011505411687,40.76202581235719],[-74.00127796266636,40.76207582517467],[-74.00141628629768,40.762136552668025],[-74.00178824022314,40.76229452014182],[-74.00153309066982,40.7626445986304],[-74.00375735037694,40.76358224164074],[-74.00361214794175,40.7637770439099],[-74.00138603698596,40.762850095002065],[-74.0009730802201,40.763420271725884],[-74.00314976988986,40.76433288818485],[-74.00294809515715,40.76461683542896],[-74.00306161234063,40.76466578315621],[-74.00313458336218,40.76464959820689],[-74.00316194577047,40.76461261095741],[-74.00322275585363,40.764638037670395],[-74.00315586992083,40.764730509880145],[-74.0031465291583,40.764736281428384],[-74.00313605982264,40.76474079654029],[-74.00312475129908,40.76474393041236],[-74.00311291616939,40.76474559642065],[-74.00310088157151,40.76474574851435],[-74.00308898015693,40.76474438248957],[-74.00106364220507,40.76388820826308],[-74.00073105253732,40.763755285859006],[-73.99992712367724,40.76340652847956],[-73.99963853555366,40.763569070990975],[-73.99962263458175,40.76355908121067],[-73.99951767096813,40.76370627968307],[-73.99944642217315,40.763806194578656],[-73.99943330724624,40.7638239101972],[-73.99915098087908,40.76420525958292],[-74.00227436576267,40.76552518109978],[-74.0022880237148,40.76556154329282],[-74.00205713765456,40.76587739041885],[-74.00202454330329,40.765893266570565],[-73.99919997246741,40.76470191498269],[-73.99910832564541,40.764662499355126],[-73.99888473174973,40.76456937755128],[-73.99857638530527,40.764998607270996],[-73.99859978641524,40.76507334028611],[-73.99863487876338,40.765085794737914],[-73.99866530473436,40.76510448074739],[-73.99868637477219,40.765137394267974],[-73.998695730373,40.765174765679774],[-73.99868870694563,40.76520856994748],[-73.99866764711365,40.7652370358457],[-73.99863371556071,40.76526016924399],[-73.99858924105146,40.765276178807035],[-73.99848276468678,40.765297536984576],[-73.9984383037147,40.76531621383403],[-73.99840202518257,40.76535090908775],[-73.99835829733873,40.765418048763934],[-73.99829119846429,40.76552107275896],[-73.99827090308345,40.765552233413466],[-73.99828160709531,40.76556777443239],[-74.00154217871203,40.76694470253285],[-74.00157335319162,40.76697719271351],[-74.0015618057548,40.76699649936847],[-74.00139437159498,40.76723004823581],[-74.00136434612978,40.76724936346869],[-74.00131469636003,40.76725111954758],[-74.00129391014995,40.76724145874433],[-73.99815678438965,40.7658940353743],[-73.99814818647361,40.76590560707514],[-73.99806675905349,40.765871881638446],[-73.99772134825696,40.76634912105857],[-73.99737808447956,40.76682338537458],[-74.00062837395299,40.76820311105892],[-74.00065016786199,40.768220373284294],[-74.00064950530414,40.76824523610579],[-74.00045489336712,40.768504195177655],[-74.00041765393195,40.76851248046722],[-74.00038586489072,40.7685041954295],[-73.99715588949206,40.76712869617297],[-73.99681598463503,40.767600621859366],[-73.9964571540504,40.76809881579582],[-73.999728191901,40.769473506633915],[-73.99973590247859,40.76950617783428],[-73.99955518930786,40.769750808242804],[-73.99951552161598,40.76976756583799],[-73.99947253734007,40.76976421496932],[-73.99707176039315,40.76873264357708],[-73.99702628821062,40.76879551562402],[-73.99715035477142,40.76884738771358],[-73.99701071347721,40.7690287906538],[-73.99689311312365,40.76897962881964],[-73.9965712643956,40.769424568274005],[-73.99902682832892,40.770463272982276],[-73.99876206848202,40.77082505670939],[-73.99631327022085,40.769798836336626],[-73.99588004351683,40.77040057901244],[-73.99601693130079,40.770454849388926],[-73.99590077425023,40.770613123501164],[-73.99576733283621,40.770554595451486],[-73.99542474436292,40.771031615168134],[-73.9957564821289,40.771160668466],[-73.99570859069938,40.77122581253314],[-73.99579774020442,40.77128256276429],[-73.99581687579034,40.771256516415725],[-73.9959128360384,40.77129785562394],[-73.99592803670667,40.77127510283785],[-73.99600175749052,40.77130746533075],[-73.99589990100934,40.77145029908485],[-73.99589260894874,40.771447086522215],[-73.99585437252816,40.77149918074867],[-73.99579117748776,40.77147551932316],[-73.99582805886232,40.77142166722263],[-73.99572993314403,40.771378818793934],[-73.99575123412819,40.77135428177486],[-73.99562982240303,40.77132529262824],[-73.99562306904355,40.771336957513036],[-73.99530566365347,40.771196004909726],[-73.9951239555687,40.77145073876988],[-73.99499014482059,40.771440709806654],[-73.99495733353699,40.77144919069792],[-73.99493501659003,40.77146814557301],[-73.99492385728314,40.77148560543509],[-73.99492582120627,40.77151604240567],[-73.99500915438718,40.771607339441736],[-73.99497830771188,40.77164524997603],[-73.99497688494722,40.77165877542609],[-73.99707328103203,40.772542868399555],[-73.99687291449135,40.77281748122877],[-73.99477407930827,40.77192954753038],[-73.99444501293378,40.77237712658852],[-73.99545514995584,40.772802675029276],[-73.99622972001933,40.77312897454292],[-73.99612087994674,40.773275391093215]]]]},"properties":{"nta2020":"MN0402","ntaname":"Hell's Kitchen"}},{"type":"Feature","geometry":{"type":"MultiPolygon","coordinates":[[[[-73.98085054350298,40.74775037037825],[-73.98134068661598,40.747078663682586],[-73.98183365015745,40.74641659155745],[-73.9822787265639,40.74579756296625],[-73.98272686388887,40.74518041538567],[-73.98317411809384,40.74456031138686],[-73.98362519896223,40.74394311456531],[-73.98407485194073,40.743324718416666],[-73.98452636642416,40.7427070425804],[-73.98497775412784,40.742088958150916],[-73.98542767744945,40.741470348529575],[-73.98587913063194,40.74085300043373],[-73.98636141647276,40.74018480104851],[-73.9868491848874,40.739521821837165],[-73.98703592721053,40.73926637854955],[-73.9873015480288,40.73890302603654],[-73.98774074448198,40.73831218833144],[-73.98817910247622,40.73773074905847],[-73.98859298276517,40.73714256120277],[-73.98901559219944,40.73656015532212],[-73.9892095394256,40.73630712113835],[-73.98945471993385,40.73598724726908],[-73.98987421282683,40.73540825891736],[-73.98986198872072,40.735326099687384],[-73.98989412810194,40.735269576542926],[-73.9899192834991,40.73521104113597],[-73.98993724087867,40.73515099155557],[-73.98994784786086,40.73508993858315],[-73.98995101378516,40.73502840188908],[-73.9899467117329,40.734966905096826],[-73.9899029597005,40.73443479013707],[-73.99075396728541,40.734839155076365],[-73.99119899334929,40.73501236908623],[-73.99171498619222,40.735215301169255],[-73.99361688263357,40.736004491616136],[-73.99683993860414,40.73736088990093],[-73.9963423689983,40.73804523255931],[-73.99587409458944,40.738685946168154],[-73.99544725767048,40.73926838458007],[-73.9950179854245,40.739860011752704],[-73.99459264822453,40.74044198090852],[-73.99416078183029,40.74102882279613],[-73.99397071688509,40.74129843923427],[-73.9937335385751,40.741622202322056],[-73.99328973175751,40.74223428205246],[-73.9928034088292,40.742910020706034],[-73.99232182344697,40.743568093422006],[-73.99206647165171,40.74391620320904],[-73.99187102345438,40.74418557144899],[-73.99141858494612,40.74480268299892],[-73.99426258496462,40.746003981358],[-73.99501433044634,40.74632232768275],[-73.99709902854308,40.747205102042415],[-73.99664704350982,40.74782272958553],[-73.99619655400889,40.74843932774479],[-73.99574855507053,40.74905219622111],[-73.99529821372835,40.74967168260019],[-73.99484363698666,40.750293308962995],[-73.99437946790309,40.75093038980298],[-73.99394825571736,40.75152222216278],[-73.99346417670151,40.75219005526781],[-73.99219264683107,40.75165393744735],[-73.99169668430575,40.75144481833771],[-73.99062219949944,40.7509917549135],[-73.98889511598651,40.7502606344343],[-73.98793687471044,40.74985496758745],[-73.98776905879744,40.74978702944447],[-73.98729376963958,40.750451609326205],[-73.9871526981961,40.750392442726756],[-73.98436512919452,40.74922324997946],[-73.98407636029249,40.749102126389246],[-73.98247211958956,40.748431502421624],[-73.98094249981168,40.747790071404644],[-73.98085054350298,40.74775037037825]]]]},"properties":{"nta2020":"MN0501","ntaname":"Midtown South-Flatiron-Union Square"}},{"type":"Feature","geometry":{"type":"MultiPolygon","coordinates":[[[[-73.97301487176121,40.76427887944539],[-73.9714114162371,40.76358747419985],[-73.96990489190867,40.762958042728805],[-73.96980028759536,40.762913512630256],[-73.97025814636973,40.76228875261041],[-73.97075063816695,40.76160870175036],[-73.9712427715288,40.76093641898143],[-73.97169609148774,40.76031266144982],[-73.97215595399906,40.759681240357224],[-73.97261271352352,40.75905930848455],[-73.97306851888703,40.75843149419641],[-73.97352419545784,40.757808441284176],[-73.97398183130215,40.757179759091024],[-73.97443866251297,40.75655630684866],[-73.97488727054356,40.755923791143374],[-73.97534377802101,40.75529969518171],[-73.97580739271987,40.75467727461167],[-73.97589877608893,40.75471422269567],[-73.97651569358025,40.754974263345105],[-73.97697378975926,40.75434867554563],[-73.97743259092807,40.75371708824103],[-73.97787494174452,40.75309839238371],[-73.97834876909162,40.752410130141755],[-73.97779152004189,40.75216759592665],[-73.97767660455384,40.752118937380985],[-73.97806635527867,40.7515721807124],[-73.9781531697365,40.75145174780754],[-73.97855531662948,40.75091396598882],[-73.97860724068066,40.75084248539406],[-73.9790550813198,40.750218543881815],[-73.97950369288863,40.74960334490443],[-73.97995531449345,40.74898589996825],[-73.98040408822267,40.7483665209797],[-73.98085054350298,40.74775037037825],[-73.98094249981168,40.747790071404644],[-73.98247211958956,40.748431502421624],[-73.98407636029249,40.749102126389246],[-73.98436512919452,40.74922324997946],[-73.9871526981961,40.750392442726756],[-73.98729376963958,40.750451609326205],[-73.98776905879744,40.74978702944447],[-73.98793687471044,40.74985496758745],[-73.98889511598651,40.7502606344343],[-73.99062219949944,40.7509917549135],[-73.99169668430575,40.75144481833771],[-73.99219264683107,40.75165393744735],[-73.99346417670151,40.75219005526781],[-73.99297937711941,40.752853402899134],[-73.99252855903761,40.75347391339538],[-73.99207900011059,40.75409111586552],[-73.99163271156428,40.75470680500966],[-73.99117738092272,40.75532984908404],[-73.9907263625159,40.75595040556492],[-73.99027621280389,40.756567565552245],[-73.98979085269418,40.75723313191893],[-73.98929727411686,40.7579066381523],[-73.98884253802548,40.75853349956079],[-73.98839044509052,40.759164186680415],[-73.98792640561638,40.75979027766041],[-73.98747524567365,40.76040478688602],[-73.98701514401093,40.76103736747786],[-73.98656138445213,40.76166012236254],[-73.9861040601886,40.7622899526043],[-73.985646776585,40.76291487498558],[-73.98519152093266,40.7635436746478],[-73.98473393625368,40.76416910487741],[-73.98428230014541,40.764791815101766],[-73.98382185637274,40.76541847469755],[-73.98336657767977,40.76604524186618],[-73.98313166741198,40.76636698305537],[-73.98287713455196,40.76671559514089],[-73.9823635395584,40.76738807417335],[-73.98211061400892,40.767744476546305],[-73.98206018025489,40.767727837590925],[-73.98200758632947,40.76771566357693],[-73.98195351354988,40.76770811220989],[-73.98189866234226,40.76770528045802],[-73.9818437431846,40.767707205875915],[-73.98178946751986,40.767713863520996],[-73.98172960220704,40.76772923372397],[-73.98167269768982,40.767750116530216],[-73.98161962820231,40.76777619111466],[-73.9815712087372,40.76780705709449],[-73.981528183534,40.767842240098375],[-73.98149121360566,40.767881199603515],[-73.97907658623869,40.76687608680492],[-73.97836112821051,40.766573711989636],[-73.97623388642693,40.76567463211451],[-73.97419228933254,40.76480652900197],[-73.97363584544792,40.76456991427832],[-73.97301487176121,40.76427887944539]]]]},"properties":{"nta2020":"MN0502","ntaname":"Midtown-Times Square"}},{"type":"Feature","geometry":{"type":"MultiPolygon","coordinates":[[[[-73.96236596889399,40.72420906211704],[-73.96200744732944,40.72399190160773],[-73.96207271877786,40.72388030090552],[-73.96246789944986,40.72413157960128],[-73.96247195112899,40.72417498927368],[-73.9624434091145,40.724199784978985],[-73.96239043044622,40.724193567186944],[-73.96236596889399,40.72420906211704]]],[[[-73.9750736174147,40.73536962854286],[-73.97495992910359,40.735368719003965],[-73.97489304987108,40.73537519743279],[-73.97482618516185,40.73538167415066],[-73.97474900502543,40.73542518850009],[-73.9746719303936,40.735398303178556],[-73.97444064950444,40.73531677190043],[-73.9744261618417,40.73523421868118],[-73.97441126714143,40.73517824545214],[-73.97439063081437,40.73509213243073],[-73.97437417946838,40.73503063633963],[-73.9743505499799,40.73494231313663],[-73.9743155973785,40.7348036776962],[-73.97427147926852,40.73463060847904],[-73.97425543467867,40.734566885863444],[-73.97421192226575,40.73440586844048],[-73.97418317281999,40.73430095641409],[-73.97416917978923,40.734239711792675],[-73.97415110840316,40.73416396666884],[-73.97410591714231,40.7339935435477],[-73.97406016216316,40.73381107244249],[-73.97402174588234,40.733663894437136],[-73.97399237023676,40.73355457425369],[-73.97395905029705,40.73342116553866],[-73.9739432192492,40.733403089365986],[-73.9739353135698,40.73336607678419],[-73.97390702695157,40.733349717111025],[-73.9739013764529,40.73332733730501],[-73.97389120382256,40.73330926190467],[-73.97386631865598,40.73331097608695],[-73.97386292958613,40.73329118239629],[-73.97385275193625,40.733282571401205],[-73.97384483854886,40.73326536111392],[-73.97386520802397,40.7332464280398],[-73.97385729970425,40.73321630363859],[-73.97384145962643,40.73321974086842],[-73.9738493738127,40.73323265510645],[-73.973831268467,40.733245564606754],[-73.97380976846526,40.7332489998757],[-73.97378375783396,40.73322748070565],[-73.97380298847429,40.73321198753997],[-73.97378376867186,40.733199933821965],[-73.9737645264947,40.73321284338803],[-73.97374076899347,40.733209389439814],[-73.97372718707749,40.733219714853696],[-73.97370795169569,40.733213685205136],[-73.9736898498262,40.73321885010107],[-73.97367627576054,40.73320593388827],[-73.97369438098583,40.73319560951378],[-73.97369212859815,40.73317409574764],[-73.97371588914245,40.73316979674737],[-73.97372607356364,40.73315947055964],[-73.97373739762297,40.73314311987512],[-73.9737577603274,40.73313968436049],[-73.97377813922648,40.73312419146039],[-73.9738052975528,40.73312075748457],[-73.97381887171827,40.73309924815734],[-73.97384036797052,40.73310355629611],[-73.97387206174007,40.73309495480681],[-73.97386810776189,40.7330656876984],[-73.9737703082618,40.73268844617701],[-73.97367702799261,40.732310230246426],[-73.97364735766598,40.73217549376673],[-73.97362736335182,40.73210744560788],[-73.97360833346643,40.73204268972983],[-73.97353969289675,40.73176433332623],[-73.97352137914282,40.73169016478146],[-73.97341321730873,40.73128241592624],[-73.97338181410112,40.73123602442214],[-73.9733659100067,40.73122002045114],[-73.97334064688678,40.73118304166213],[-73.97331715426387,40.73115792717328],[-73.97328321111108,40.73111267641132],[-73.97323625417958,40.731056926238644],[-73.97320012915407,40.7310166323903],[-73.97314592791588,40.730960881498866],[-73.97309858148473,40.7309136798909],[-73.9730530485384,40.73086730275064],[-73.97300605975387,40.7308231319107],[-73.97291929100173,40.730750242005456],[-73.97283215562831,40.73068148130984],[-73.97274611643171,40.73060583194708],[-73.97264270492411,40.73052353780756],[-73.97255990007308,40.73045809311571],[-73.97247970053031,40.730400806860445],[-73.97245936471883,40.73038632988043],[-73.97233277439535,40.730296571965745],[-73.97224018578797,40.73023049713616],[-73.97223370120912,40.73022567784338],[-73.9720891859024,40.730118357041825],[-73.97205385215003,40.730086649930136],[-73.97201026033457,40.73004517148782],[-73.97196340301227,40.73000037772024],[-73.97190238512796,40.729930708644616],[-73.97185608949049,40.729875550267415],[-73.97182992841701,40.72984569147044],[-73.97174822290934,40.72974201454457],[-73.97174494790056,40.72973454909127],[-73.97170029038104,40.7296657029567],[-73.97162729998553,40.729557884146175],[-73.97157719441842,40.72946913563285],[-73.97151882628022,40.72935136174036],[-73.97150816031584,40.72932396598998],[-73.97147994841174,40.729249576693256],[-73.97145716122313,40.72916940755814],[-73.97143981500639,40.72909584986446],[-73.9714322181421,40.72906361904436],[-73.97142139208222,40.7289958439724],[-73.97141235109765,40.72887985602181],[-73.9714065960599,40.72879447180837],[-73.9714061790853,40.728718763748645],[-73.97141946379243,40.72856882804678],[-73.97142718443577,40.72848582538255],[-73.97145269559628,40.728341433815885],[-73.97145662182956,40.7283192375119],[-73.97147343819998,40.728209255425625],[-73.97151048447964,40.72800276290166],[-73.97155553514926,40.72770310910091],[-73.97156931647119,40.72769376669602],[-73.97157278760149,40.72764591976786],[-73.97158965149985,40.72764003369348],[-73.97161872706992,40.72765055818601],[-73.97163586152143,40.727647974121545],[-73.97165160075588,40.72764321253479],[-73.97168514866578,40.72740588663671],[-73.97158604106313,40.72739693355545],[-73.9715611436591,40.72739468824785],[-73.97153686592743,40.72739296510097],[-73.97152076789605,40.727386166239924],[-73.97151282181247,40.72737430807873],[-73.97149259992189,40.72737312284879],[-73.97149039092838,40.72735009811009],[-73.97162697271706,40.726628453499636],[-73.9717960198695,40.72671367965678],[-73.97185671237702,40.726758685466315],[-73.97191244063708,40.72679100926994],[-73.97197684905781,40.726830356201454],[-73.97205015281106,40.72688094679736],[-73.9732979670599,40.727428009362406],[-73.97566782459063,40.728462532509226],[-73.97581244833346,40.728519767622544],[-73.97619632359164,40.72866197702931],[-73.97690436239527,40.72895782478054],[-73.97753843746929,40.72922624841975],[-73.97802697796664,40.72943306011242],[-73.97910803740506,40.729910558980514],[-73.97992109976272,40.73026220520887],[-73.98034007500232,40.73044246137657],[-73.98166656898994,40.7309985475813],[-73.98190911373968,40.73109512931668],[-73.98246876214004,40.73131488523588],[-73.98255629231726,40.7313501345547],[-73.98238628685739,40.73141124480838],[-73.98232282456816,40.73149789086889],[-73.9819678211488,40.73198256112849],[-73.98180339169024,40.73220479890743],[-73.981499102476,40.73261859738729],[-73.98126771170408,40.73292473076554],[-73.98105847023749,40.73321141463668],[-73.98088975663019,40.733437071428106],[-73.98064498826052,40.73377931950949],[-73.98038020094464,40.7341443703661],[-73.98020496097199,40.73438532269404],[-73.98009050389022,40.734544370690706],[-73.97978903901505,40.734961818259194],[-73.97952802546645,40.73530632817925],[-73.97946317254214,40.73539192717354],[-73.9793481946199,40.735553113128056],[-73.97890917295847,40.736164125965274],[-73.97857449689259,40.736677281906566],[-73.97854094493694,40.736887659360356],[-73.97833820564574,40.73672147104454],[-73.97799812769105,40.736574466800995],[-73.97712441142457,40.73619679802778],[-73.97636373273296,40.735867977808276],[-73.97589093627813,40.735673198821544],[-73.97522019107778,40.735413262789024],[-73.9750736174147,40.73536962854286]]]]},"properties":{"nta2020":"MN0601","ntaname":"Stuyvesant Town-Peter Cooper Village"}},{"type":"Feature","geometry":{"type":"MultiPolygon","coordinates":[[[[-73.978540944937,40.736887659360356],[-73.97857449689259,40.73667728190652],[-73.97890917295852,40.73616412596522],[-73.97934819462,40.735553113128056],[-73.97946317254231,40.7353919271735],[-73.97952802546656,40.73530632817922],[-73.9797890390151,40.734961818259166],[-73.98009050389028,40.73454437069066],[-73.98020496097209,40.73438532269399],[-73.98038020094458,40.7341443703661],[-73.98064498826052,40.73377931950949],[-73.98088975663019,40.733437071428106],[-73.98105847023743,40.73321141463668],[-73.98126771170419,40.73292473076554],[-73.9814991024761,40.73261859738722],[-73.98180339169035,40.73220479890737],[-73.9819678211488,40.731982561128454],[-73.98232282456816,40.73149789086889],[-73.98238628685746,40.73141124480838],[-73.98255629231735,40.73135013455466],[-73.98296440531315,40.7315208425476],[-73.98321467146559,40.73162416829126],[-73.98346644120133,40.73173108162115],[-73.98356052033185,40.73177022543638],[-73.98494550511893,40.73234967332065],[-73.98718049582438,40.73329214826433],[-73.98757195138036,40.73345699118114],[-73.98877931595973,40.73396540024115],[-73.98883935024,40.73399047993144],[-73.9899029597005,40.73443479013707],[-73.9899467117329,40.734966905096826],[-73.98995101378516,40.73502840188908],[-73.98994784786086,40.73508993858315],[-73.98993724087867,40.73515099155557],[-73.9899192834991,40.73521104113597],[-73.98989412810194,40.735269576542926],[-73.98986198872072,40.735326099687384],[-73.98987421282683,40.73540825891736],[-73.98945471993385,40.73598724726908],[-73.9892095394256,40.73630712113835],[-73.98901559219944,40.73656015532212],[-73.98859298276517,40.73714256120277],[-73.98817910247622,40.73773074905847],[-73.98774074448198,40.73831218833144],[-73.9873015480288,40.73890302603654],[-73.98703592721053,40.73926637854955],[-73.9868491848874,40.739521821837165],[-73.98636141647276,40.74018480104851],[-73.98587913063194,40.74085300043373],[-73.98542767744945,40.741470348529575],[-73.98497775412784,40.742088958150916],[-73.98452636642416,40.7427070425804],[-73.98407485194073,40.743324718416666],[-73.98400851958684,40.74329901890528],[-73.98245520730401,40.742646960084926],[-73.98085965324304,40.74196976808196],[-73.98131180297912,40.74135092460949],[-73.98176150669184,40.740733112559425],[-73.98221134367088,40.74011453513653],[-73.9826675979102,40.739498439778224],[-73.98219046759937,40.73929736935941],[-73.98180819557223,40.73913626953194],[-73.980760053671,40.73869454876734],[-73.98066600341524,40.73865462706092],[-73.98042358439359,40.73855308790656],[-73.97949062548729,40.73815979304605],[-73.9789157439442,40.737917659664426],[-73.97805226409517,40.7375539536562],[-73.978540944937,40.736887659360356]]]]},"properties":{"nta2020":"MN0602","ntaname":"Gramercy"}},{"type":"Feature","geometry":{"type":"MultiPolygon","coordinates":[[[[-73.96128450656235,40.73015906220393],[-73.96128261876044,40.730061025512626],[-73.96134184244276,40.730063677588284],[-73.96140472395209,40.730061052766814],[-73.96140171917793,40.73011102561102],[-73.9616867065903,40.7300818693039],[-73.96191028747239,40.729962580615606],[-73.96188586360677,40.72995256566809],[-73.96195920452803,40.72985966844824],[-73.96202496266523,40.72988542223799],[-73.96197794944979,40.72994401874999],[-73.96221474459296,40.72991693527432],[-73.96241964278741,40.72980120811426],[-73.9624854657926,40.729711167112626],[-73.96254933952301,40.72974406834934],[-73.96247787713797,40.7298369665584],[-73.96245157418072,40.72982838062284],[-73.96226735368313,40.72993124874223],[-73.96225228876595,40.72998556647954],[-73.96219463503515,40.72997597375577],[-73.96220156915889,40.729954099237304],[-73.96194409928027,40.729986894374925],[-73.96170724216636,40.73012119529501],[-73.96135279077674,40.73015195755598],[-73.96128450656235,40.73015906220393]]],[[[-73.96197039369794,40.731577111685645],[-73.96197040783923,40.731552333172814],[-73.96171289348555,40.73156611485],[-73.96169848157612,40.7315323418973],[-73.96167446706346,40.73148125455785],[-73.96199050226586,40.7314665662112],[-73.96199800352291,40.73149325315437],[-73.96290006803089,40.731447801677625],[-73.96290258567524,40.73142874114966],[-73.96320076537533,40.73141740112747],[-73.96319829672976,40.7313506874105],[-73.96328098663872,40.73134308883666],[-73.96328097403442,40.731365962573705],[-73.96355911991354,40.73133555339181],[-73.96355164152934,40.73126312024724],[-73.96365939232885,40.73124981148223],[-73.96369938139036,40.73143662006002],[-73.96358410965732,40.73145755028242],[-73.96356661657292,40.731371771152496],[-73.96328095722937,40.731396459605364],[-73.96329343161838,40.73149557932865],[-73.96290754784943,40.73151642296405],[-73.96291505478288,40.731533580101065],[-73.96197039369794,40.731577111685645]]],[[[-73.96051732536237,40.74410534158377],[-73.96056856726295,40.744029666585185],[-73.96067204645479,40.7440512158564],[-73.96064863700711,40.74413031761426],[-73.96051732536237,40.74410534158377]]],[[[-73.97604824796775,40.75144139387808],[-73.97444451493509,40.75076469299489],[-73.97395914661114,40.75144102178004],[-73.9735025572896,40.75206493265777],[-73.97126234383126,40.75112224129957],[-73.96895616037153,40.75013124346107],[-73.96890797166554,40.75011244375033],[-73.96932031369863,40.74951697534544],[-73.96954460583608,40.74920504593271],[-73.96964244432957,40.74915807397912],[-73.96993994085602,40.74890818022377],[-73.96998692011056,40.74886871410219],[-73.96989975474928,40.748826908159145],[-73.9698450138527,40.74880065338369],[-73.96974960064186,40.74882682426008],[-73.9696663891406,40.74878927836308],[-73.96846164115897,40.74829237930537],[-73.9682953485235,40.74819657318801],[-73.96819585983536,40.74810394684837],[-73.96812137126072,40.74807637172095],[-73.96804637794249,40.74803899645981],[-73.96797654536046,40.748004920839726],[-73.96791272906268,40.74797093564212],[-73.96811893399281,40.747725829750095],[-73.96817376101056,40.74766675374197],[-73.96823574687345,40.74759121889509],[-73.96836519324144,40.74743349462033],[-73.96823171715793,40.747368476489434],[-73.96829622113238,40.74729565136728],[-73.96829811451536,40.74728339450046],[-73.96830191005915,40.74727329874221],[-73.96831613715759,40.74727402435948],[-73.9683261043343,40.747252034096405],[-73.96834696591314,40.74724121831026],[-73.96836118844801,40.74721814448139],[-73.96840008314135,40.747166954467026],[-73.96843139158776,40.747129456620435],[-73.96846363690706,40.74709412848585],[-73.96847691942963,40.74707250030328],[-73.9685006403586,40.747044384507376],[-73.9685148595502,40.747032843998234],[-73.96853479000805,40.74700039727711],[-73.96854427866177,40.74698814281547],[-73.96858885224545,40.746943443580975],[-73.96859169503479,40.74693334705027],[-73.96860023472263,40.74692109131999],[-73.96860971997499,40.74691460360588],[-73.96861730876974,40.74689945477289],[-73.96863912464659,40.7468792741443],[-73.96866379796649,40.74684681981253],[-73.96867043421345,40.74683600998012],[-73.96869225190505,40.74680860846039],[-73.96870458089755,40.746800682796376],[-73.9687107654442,40.746788263917345],[-73.96875271240361,40.74674271521692],[-73.96894301109302,40.746518335696685],[-73.96896670537485,40.74653050079959],[-73.96897366849464,40.74652900733668],[-73.968988992317,40.74650579149492],[-73.96899981595465,40.74650193477255],[-73.96900302810072,40.746490808882086],[-73.96901641754017,40.74648115258903],[-73.96901961115891,40.74647243940536],[-73.96907193267167,40.74641298300639],[-73.96913096118836,40.74634071530684],[-73.96921135921289,40.74624451480145],[-73.96923432172304,40.74622228451424],[-73.96924707518127,40.74620778149106],[-73.96925028881678,40.746196171945435],[-73.96932591437405,40.74610408720805],[-73.96933228026558,40.74610167233771],[-73.9693392445915,40.746092656591124],[-73.96938290644789,40.74603594902514],[-73.96940022327856,40.74602084326566],[-73.96940086652106,40.746014027130194],[-73.96941753333469,40.74599696633198],[-73.96943292389894,40.7459769882263],[-73.96946210038284,40.74594457813636],[-73.96952046125196,40.7458690411167],[-73.96955059658639,40.74583882769375],[-73.9695974026113,40.74578278461459],[-73.96962370583377,40.74574671729723],[-73.96963204180284,40.74574330514363],[-73.96969487777564,40.745666796891115],[-73.96969678845915,40.74565700029317],[-73.9698756140306,40.7454447891378],[-73.96990575265286,40.74545820464274],[-73.96991227975771,40.74545175893381],[-73.96993139614943,40.74546300192006],[-73.96992704959041,40.74546779203522],[-73.96997377026268,40.74549574743079],[-73.9700475890486,40.7454028618021],[-73.9700912317568,40.74535112965375],[-73.97012962576976,40.74530536609192],[-73.97021602288615,40.745200579535634],[-73.97033931161238,40.74504963202268],[-73.9703257132144,40.745036948962],[-73.9703257193112,40.74502326089776],[-73.97037811940505,40.74495230558344],[-73.97044255489001,40.744870376009736],[-73.97046063637525,40.74486474389331],[-73.9704724057641,40.74486624225046],[-73.97050560032646,40.74482376425946],[-73.9705687722909,40.74473186530626],[-73.97062381510642,40.74465642621025],[-73.97078834776615,40.74440621819312],[-73.97085704434332,40.74443263789998],[-73.97087688233857,40.74444557343115],[-73.97088963376729,40.744447729199536],[-73.97089742067703,40.74445473677991],[-73.97090946066079,40.74445635209413],[-73.97091724845453,40.744463359840935],[-73.9709285803237,40.74446336270178],[-73.97094062960392,40.744471444528195],[-73.97098222712394,40.744407634217495],[-73.97101392396064,40.74435861480527],[-73.97111438057892,40.744204360932514],[-73.9707827612865,40.7440472473896],[-73.97077757716099,40.74404662522211],[-73.9707583395367,40.74403919038248],[-73.97075084955125,40.74402980466494],[-73.97071823494028,40.744016927848335],[-73.97070578720823,40.74400256198699],[-73.97070317531659,40.743990495411545],[-73.97072277474828,40.743969516223984],[-73.97074257272017,40.743948325162826],[-73.97075061381979,40.7439486341133],[-73.97076123524698,40.74394210814445],[-73.9707920969469,40.74395601043527],[-73.97079892989288,40.74395279750657],[-73.9708358740413,40.74396967223831],[-73.97083595486522,40.74396970358617],[-73.97087357851309,40.743987675272166],[-73.97095964992798,40.74402569698725],[-73.97096300193458,40.74402367277505],[-73.97117346753153,40.74410753500842],[-73.97118193576082,40.74410323270803],[-73.97120616502974,40.744066029846785],[-73.97127362462311,40.74396474842377],[-73.97135752941857,40.74383845535967],[-73.9712342398151,40.743784646190406],[-73.97120546301963,40.74377151030149],[-73.97128101831672,40.74365194205151],[-73.97135563409142,40.74353964985223],[-73.97149421270429,40.743334673962686],[-73.97163772174339,40.74311720098465],[-73.97167921200835,40.74305446355734],[-73.97188888913038,40.74272482035568],[-73.97176261327057,40.74267267153485],[-73.97174059715836,40.7426635795091],[-73.9717750124805,40.74261591164221],[-73.97195955856255,40.74233792154389],[-73.97204926316724,40.74188775327382],[-73.97206949682824,40.741788905432415],[-73.97210163980672,40.74162320206111],[-73.97215263572176,40.74138858760143],[-73.97219804747697,40.741144668691796],[-73.97228618248522,40.74073827307399],[-73.97228992099203,40.740721039534534],[-73.97221282599348,40.74071166411102],[-73.97219567275307,40.740709579461566],[-73.97218268503993,40.74070628041226],[-73.97216848387873,40.740693120300676],[-73.97216477368673,40.74067572162674],[-73.97216549760822,40.74067216505014],[-73.97221525425884,40.74042656351961],[-73.97222515614351,40.74041669642881],[-73.9722350431715,40.74041340390477],[-73.9722356621098,40.74040541572794],[-73.97219641647804,40.7404025787505],[-73.97221685422322,40.740307625061696],[-73.97226753642106,40.74031374377988],[-73.9722700133414,40.74030857434587],[-73.97225332319142,40.74030010605758],[-73.97224837803611,40.7402911723615],[-73.97229979590853,40.74003496274316],[-73.97231030373018,40.74001851267488],[-73.97233141721718,40.74001090819987],[-73.97243888981437,40.740021749470884],[-73.97265743803044,40.73922275427715],[-73.97265528968876,40.73917826898279],[-73.97265060379648,40.73905826621833],[-73.97264431062423,40.73901746233554],[-73.97264512721938,40.73895866831118],[-73.97264674830757,40.73884587100994],[-73.97263256455176,40.738789469047724],[-73.97263100998644,40.73874026500832],[-73.97262787457528,40.73870906146984],[-73.97262630543392,40.73866586408468],[-73.97262792189827,40.738593868666165],[-73.97262084766378,40.73852066499118],[-73.9726192965622,40.73846306804616],[-73.97262753952535,40.738400385485036],[-73.9726388480016,40.73839530927482],[-73.9726383333128,40.738379685474094],[-73.97262807328735,40.738367967245615],[-73.97262452608486,40.73824336395973],[-73.9726327464411,40.73823242476496],[-73.97263327107359,40.73822383329863],[-73.97262254718066,40.73821706821197],[-73.97261946865977,40.7380442787477],[-73.97261474017323,40.73802986884568],[-73.9726060999748,40.73793867228895],[-73.97261872947428,40.73791467680086],[-73.97261242656481,40.7378978720693],[-73.97260457307706,40.73782227257326],[-73.97261404225631,40.73779827633345],[-73.97260621196618,40.73766627757054],[-73.97259038224705,40.73676965433984],[-73.9725829245612,40.73674468409112],[-73.9725797979852,40.736690688574335],[-73.97257525871015,40.73664650893171],[-73.97255622610943,40.73646148552771],[-73.97256333684302,40.73644588163222],[-73.97248994174741,40.735803280107795],[-73.9725101678601,40.735787129859794],[-73.97286939178447,40.735770861788325],[-73.97441385816532,40.736414393859185],[-73.97445975070453,40.73629401971853],[-73.97441677354779,40.73627772610699],[-73.97441154346602,40.73628527904697],[-73.97439952343285,40.73628408408991],[-73.97402692104305,40.73612576724569],[-73.97404679254475,40.73609992943224],[-73.97442932366866,40.736260633491625],[-73.97442775474427,40.73626619904159],[-73.97446647047282,40.73627845683008],[-73.97450376013232,40.73606458844425],[-73.97447471755295,40.73606238071319],[-73.9744408292407,40.736050478652],[-73.97443372879933,40.73605371686972],[-73.97414062018385,40.73595565666497],[-73.97415127634757,40.735933793170865],[-73.97444722336739,40.736033473456764],[-73.97444828612812,40.73603779285934],[-73.97447828183064,40.73604418545128],[-73.97450488219891,40.73604228053673],[-73.97451459772584,40.735894598913994],[-73.9745079393817,40.73579694526997],[-73.97448854079066,40.73587567974396],[-73.97445077717819,40.735869129966886],[-73.9744623333545,40.73583114456839],[-73.9742498246836,40.735797182522745],[-73.97424630658287,40.73578011045604],[-73.97425866775502,40.735766268164014],[-73.97447040507865,40.735797872255304],[-73.9744696202371,40.73578786857459],[-73.97447775431213,40.73578786116363],[-73.97447154941685,40.735727223255516],[-73.97446537767351,40.735666886566456],[-73.97439223918202,40.73566753456842],[-73.97439185493194,40.73567194813484],[-73.97426375884297,40.73567147429343],[-73.97426474799423,40.735675877109585],[-73.97419233708442,40.73568012679831],[-73.97418956000165,40.735659913272066],[-73.97415747430519,40.735657841982956],[-73.97414616457407,40.73567162100784],[-73.9740928793795,40.73564072502899],[-73.97409007994668,40.73564465423467],[-73.97341869582557,40.73536773730036],[-73.97343881801855,40.73534121731168],[-73.97328030291011,40.73527336492566],[-73.97305698712073,40.73517745291314],[-73.97280661710455,40.735523918521324],[-73.97293673907613,40.7355992492997],[-73.97293031926421,40.73560761489947],[-73.97276308380349,40.73550508747374],[-73.97299695202474,40.73518650689133],[-73.9729639526812,40.73516906567493],[-73.97293185609784,40.735205312369196],[-73.97288512790851,40.73518020390189],[-73.97286403050055,40.735212267517866],[-73.97283745943471,40.73519971620206],[-73.97294520758656,40.735065170573876],[-73.97296719785808,40.735078430264466],[-73.97294519031807,40.73510770051329],[-73.97299560236603,40.73512793748074],[-73.97297083569535,40.73515721697131],[-73.97300291199286,40.73517255953289],[-73.97303684713732,40.73512794714516],[-73.97329895046123,40.73524235507728],[-73.97332187458139,40.7352019191676],[-73.97331638345146,40.73519634278224],[-73.97329897672407,40.735176816386385],[-73.97327881634085,40.73514752741453],[-73.97327241144029,40.73511893435426],[-73.97327700851466,40.735079195798555],[-73.97329627296868,40.73504085714519],[-73.97332929043593,40.735010877391886],[-73.97336870942664,40.73498927476286],[-73.97341821248345,40.73497115816128],[-73.9734594591502,40.73496837685138],[-73.97352270834288,40.73497536084711],[-73.97354472795836,40.73494432660406],[-73.97444064950444,40.73531677190043],[-73.9746719303936,40.735398303178556],[-73.97474900502543,40.73542518850009],[-73.97482618516185,40.73538167415066],[-73.97489304987108,40.73537519743279],[-73.97495992910359,40.735368719003965],[-73.9750736174147,40.73536962854286],[-73.97522019107778,40.735413262789024],[-73.97589093627813,40.735673198821544],[-73.97636373273296,40.735867977808276],[-73.97712441142457,40.73619679802778],[-73.97799812769105,40.736574466800995],[-73.97833820564574,40.73672147104454],[-73.97854094493694,40.736887659360356],[-73.97805226409511,40.73755395365624],[-73.97891574394424,40.73791765966447],[-73.97949062548723,40.73815979304605],[-73.98042358439349,40.73855308790656],[-73.98066600341517,40.73865462706097],[-73.9807600536709,40.738694548767384],[-73.98180819557211,40.73913626953198],[-73.98219046759937,40.73929736935941],[-73.98266759791014,40.739498439778224],[-73.98221134367073,40.74011453513657],[-73.98176150669184,40.740733112559454],[-73.98131180297916,40.74135092460954],[-73.98085965324293,40.74196976808199],[-73.9824552073039,40.74264696008497],[-73.98400851958684,40.74329901890532],[-73.98407485194069,40.7433247184167],[-73.98362519896217,40.74394311456531],[-73.98317411809388,40.7445603113869],[-73.98272686388883,40.74518041538567],[-73.98227872656385,40.74579756296628],[-73.98183365015736,40.74641659155748],[-73.98134068661598,40.747078663682586],[-73.98085054350298,40.74775037037825],[-73.98040408822273,40.7483665209797],[-73.9799553144933,40.74898589996829],[-73.97950369288853,40.74960334490443],[-73.97905508131984,40.75021854388185],[-73.9786072406806,40.7508424853941],[-73.97855531662937,40.75091396598882],[-73.97815316973644,40.75145174780754],[-73.97806635527856,40.7515721807124],[-73.97767660455372,40.75211893738103],[-73.97754284922765,40.752063556416275],[-73.97710781072453,40.75188340656466],[-73.9768515231549,40.75177649415408],[-73.97651587058667,40.75163647208574],[-73.97604824796775,40.75144139387808]]]]},"properties":{"nta2020":"MN0603","ntaname":"Murray Hill-Kips Bay"}},{"type":"Feature","geometry":{"type":"MultiPolygon","coordinates":[[[[-73.96658338334103,40.76155093607907],[-73.96431353499129,40.76059923135032],[-73.96355618844026,40.76028081858204],[-73.9630807346268,40.76008316424283],[-73.96196573611601,40.75961946128823],[-73.95972180286459,40.75866306368127],[-73.9590368100845,40.75838378260468],[-73.95893448513704,40.75833515544863],[-73.95875669779105,40.75858870305415],[-73.95871908094715,40.758640233115855],[-73.95858261800093,40.75858374666467],[-73.95849119453524,40.75854590383034],[-73.95854329679058,40.75849562293599],[-73.9587779082273,40.75827092034634],[-73.95905574721682,40.75792987282024],[-73.95917118465763,40.757864108601105],[-73.95918103286087,40.75785611105263],[-73.95965770810534,40.75726014562576],[-73.95966400300077,40.75721141268965],[-73.96003900990587,40.756725350741604],[-73.96036455140823,40.75626941113357],[-73.96065638180474,40.75592314955037],[-73.9607970991498,40.75580477274081],[-73.96079722985934,40.75580465585217],[-73.96102790867137,40.75561058508181],[-73.96162927534917,40.7551523842593],[-73.96176227368014,40.75500025373204],[-73.96213559058114,40.75457323097089],[-73.96219381838414,40.754504315153426],[-73.96223125165561,40.75452213092462],[-73.96268703046536,40.754004373286804],[-73.96289729202545,40.753765517094486],[-73.96286896769232,40.753742509157064],[-73.96316073983628,40.753412207830685],[-73.96373572283169,40.752783775777196],[-73.96470952774996,40.75171941559831],[-73.9647680886754,40.75179144745612],[-73.96482162836573,40.751899414270206],[-73.96486224877107,40.75201110205952],[-73.96505548554134,40.75181258180556],[-73.96521537047964,40.75180846081004],[-73.96523050619517,40.75185714678117],[-73.96515081557104,40.75192385134851],[-73.96523658169949,40.75194353360082],[-73.96531268220541,40.751936827523],[-73.96532479543205,40.751937191853735],[-73.96541528541687,40.75194995958367],[-73.96688157039814,40.752544556854126],[-73.96701854936917,40.75260074318291],[-73.96706733798226,40.752620676324625],[-73.96710437028217,40.752636382422054],[-73.96722654996013,40.75268822384287],[-73.96737626745595,40.75248204143706],[-73.96766358439498,40.75208842582549],[-73.96769834585133,40.752040803227715],[-73.9677970232592,40.75171705389275],[-73.96777705473687,40.75162597108275],[-73.96797381531356,40.75136572611424],[-73.96842681180959,40.75076366842843],[-73.96890797166566,40.7501124437503],[-73.96895616037153,40.75013124346101],[-73.97126234383133,40.75112224129957],[-73.97350255728973,40.75206493265777],[-73.9739591466112,40.75144102178004],[-73.9744445149352,40.75076469299489],[-73.97604824796775,40.75144139387808],[-73.97651587058684,40.75163647208574],[-73.97685152315496,40.75177649415408],[-73.97710781072453,40.75188340656466],[-73.97754284922765,40.75206355641623],[-73.97767660455384,40.752118937380985],[-73.97779152004189,40.75216759592665],[-73.97834876909162,40.752410130141755],[-73.97787494174452,40.75309839238371],[-73.97743259092807,40.75371708824103],[-73.97697378975926,40.75434867554563],[-73.97651569358025,40.754974263345105],[-73.97589877608893,40.75471422269567],[-73.97580739271987,40.75467727461167],[-73.97534377802101,40.75529969518171],[-73.97488727054356,40.755923791143374],[-73.97443866251297,40.75655630684866],[-73.97398183130215,40.757179759091024],[-73.97352419545784,40.757808441284176],[-73.97306851888703,40.75843149419641],[-73.97261271352352,40.75905930848455],[-73.97215595399906,40.759681240357224],[-73.97169609148774,40.76031266144982],[-73.9712427715288,40.76093641898143],[-73.97075063816695,40.76160870175036],[-73.97025814636973,40.76228875261041],[-73.96980028759536,40.762913512630256],[-73.96968801010544,40.7628659634456],[-73.9681868771548,40.76222682132583],[-73.96658338334103,40.76155093607907]]]]},"properties":{"nta2020":"MN0604","ntaname":"East Midtown-Turtle Bay"}},{"type":"Feature","geometry":{"type":"MultiPolygon","coordinates":[[[[-73.96421230395704,40.74660431797426],[-73.96427364752437,40.746541845055184],[-73.96433729322393,40.746545726593354],[-73.96437765272148,40.746495088038635],[-73.96444522664541,40.74641042526051],[-73.96458318338802,40.74645440134334],[-73.96458702311317,40.746515898544516],[-73.96454518104478,40.74656415047286],[-73.96447543657672,40.7466408337006],[-73.96437443772187,40.74670453064321],[-73.9643375860567,40.74673484818135],[-73.96427256202237,40.74675130758166],[-73.96421616616284,40.74683700083096],[-73.9641598028843,40.74686554735975],[-73.96412514486175,40.74684576060551],[-73.96413382933497,40.7468127961656],[-73.96421192462765,40.74666667680318],[-73.96421230395704,40.74660431797426]]],[[[-73.96532479543205,40.751937191853735],[-73.96531268220541,40.751936827523],[-73.96523658169949,40.75194353360082],[-73.96515081557104,40.75192385134851],[-73.96523050619517,40.75185714678117],[-73.96521537047964,40.75180846081004],[-73.96505548554134,40.75181258180556],[-73.96486224877107,40.75201110205952],[-73.96482162836573,40.751899414270206],[-73.9647680886754,40.75179144745612],[-73.96470952774996,40.75171941559831],[-73.96494444755467,40.751462643217145],[-73.96532405586477,40.75104771827219],[-73.96791272906283,40.74797093564207],[-73.9679765453604,40.74800492083968],[-73.96804637794258,40.74803899645981],[-73.96812137126072,40.74807637172095],[-73.96819585983542,40.74810394684833],[-73.96829534852355,40.74819657318801],[-73.96846164115891,40.74829237930533],[-73.96966638914064,40.74878927836308],[-73.96974960064196,40.748826824260036],[-73.96984501385265,40.748800653383654],[-73.9698997547492,40.748826908159145],[-73.9699869201106,40.74886871410219],[-73.96993994085614,40.74890818022373],[-73.96964244432957,40.74915807397912],[-73.9695446058362,40.74920504593271],[-73.96932031369863,40.74951697534544],[-73.96890797166566,40.7501124437503],[-73.96842681180959,40.75076366842843],[-73.96797381531356,40.75136572611424],[-73.96777705473687,40.75162597108275],[-73.9677970232592,40.75171705389275],[-73.96769834585133,40.752040803227715],[-73.96766358439498,40.75208842582549],[-73.96737626745595,40.75248204143706],[-73.96722654996013,40.75268822384287],[-73.96710437028217,40.752636382422054],[-73.96706733798226,40.752620676324625],[-73.96701854936917,40.75260074318291],[-73.96688157039814,40.752544556854126],[-73.96541528541687,40.75194995958367],[-73.96532479543205,40.751937191853735]]]]},"properties":{"nta2020":"MN0661","ntaname":"United Nations"}},{"type":"Feature","geometry":{"type":"MultiPolygon","coordinates":[[[[-73.9750011183182,40.77752777991658],[-73.97545932367622,40.77689872272676],[-73.97595517295001,40.7762197551289],[-73.9764577724561,40.7755325377544],[-73.97691168226277,40.77490912402721],[-73.97737084838785,40.77428100771637],[-73.97782639298833,40.77365619242448],[-73.97828220014141,40.773031879408244],[-73.97872246726007,40.77241889878781],[-73.97919214357707,40.771781266001256],[-73.97965233314095,40.771155327542644],[-73.98011181473568,40.770528369348526],[-73.98056370600727,40.769905325236145],[-73.98102289962164,40.769272834229874],[-73.98167943551228,40.768390131606346],[-73.98163149424343,40.768367928762274],[-73.98158722628567,40.76834168467606],[-73.98154721809706,40.76831174702985],[-73.98151200007102,40.76827851226247],[-73.98148203841923,40.7682424208768],[-73.981457730063,40.76820395100905],[-73.98144254367755,40.768163970188205],[-73.98143283466639,40.76812301548738],[-73.98142870556221,40.768081519454874],[-73.98143019996463,40.76803992035561],[-73.98143730204836,40.767998657565585],[-73.9814499368221,40.76795816685911],[-73.98146797083325,40.76791887588077],[-73.98149121360557,40.767881199603515],[-73.9815281835339,40.767842240098375],[-73.98157120873722,40.76780705709449],[-73.98161962820227,40.76777619111466],[-73.9816726976898,40.76775011653026],[-73.98172960220695,40.76772923372394],[-73.98178946751976,40.767713863521045],[-73.98184374318448,40.767707205875915],[-73.98189866234213,40.76770528045809],[-73.98195351354983,40.76770811220989],[-73.9820075863293,40.767715663576915],[-73.98206018025483,40.76772783759097],[-73.98211061400887,40.76774447654634],[-73.98236353955835,40.7673880741734],[-73.98410142331296,40.76812416182511],[-73.98521720261179,40.76859463045802],[-73.98806289548571,40.7697908002881],[-73.99042938715506,40.77078465473409],[-73.99059644681434,40.77085481028253],[-73.9906691839986,40.77088535309583],[-73.99091307486894,40.7709877590357],[-73.993656061224,40.772145962903764],[-73.99378189746184,40.772199091447774],[-73.99341683117026,40.77270460314077],[-73.99333032870989,40.772824374741525],[-73.99332519689008,40.77283148004022],[-73.99341045387395,40.77287889534579],[-73.99359086248553,40.77279008029667],[-73.99372534620399,40.77286419949062],[-73.99378736933701,40.77290384676547],[-73.99383108136979,40.77293178835342],[-73.99388754370234,40.772955744666575],[-73.99389125243694,40.77295519537951],[-73.99396258551452,40.77294465441169],[-73.99401262326245,40.77288284663205],[-73.99412205808233,40.77292405852363],[-73.99413665258845,40.77290187017448],[-73.99430134084847,40.772970029166615],[-73.99428153513446,40.77299380156694],[-73.99437655186944,40.77303955160413],[-73.9943186333649,40.77312144027033],[-73.99429402894232,40.77315624449453],[-73.9950232758608,40.77348119657636],[-73.99507108796963,40.773414138666006],[-73.99508939101129,40.773388475039276],[-73.99501396283533,40.77335803492455],[-73.99505028469918,40.773297153190036],[-73.99624065101737,40.77378979190044],[-73.9961958361488,40.773852356184264],[-73.99610846748615,40.77381631651784],[-73.99610778143,40.77381737760125],[-73.99606316808172,40.77388688661024],[-73.99612697685565,40.77391335462098],[-73.99612850482777,40.7739139854059],[-73.99612636007996,40.77391671415694],[-73.99609880670857,40.773951805801836],[-73.99611835102765,40.77396032446417],[-73.99617945931261,40.77398695485428],[-73.9960952439039,40.77408618694039],[-73.9960512527533,40.77406889580338],[-73.9955722651611,40.77387073189708],[-73.993936941822,40.773179510967104],[-73.99386295329134,40.773269528569855],[-73.99382334505351,40.773381766882885],[-73.99376791399207,40.77348399400542],[-73.99369930927809,40.77356215165316],[-73.99362279521314,40.773632290212596],[-73.99352782764122,40.77371444646879],[-73.99344341917192,40.77377055018106],[-73.99341175671502,40.77380261292668],[-73.99335894150738,40.77392688065742],[-73.9926226638654,40.77497405653968],[-73.99257784276604,40.77495601635963],[-73.9925277439515,40.775002110440035],[-73.99246974581519,40.77502416005454],[-73.99240383719177,40.77501814039085],[-73.99226708903534,40.77511603385877],[-73.99205908493721,40.77549759819248],[-73.99212537239482,40.775509075053535],[-73.99222686779683,40.77548221152891],[-73.9923293466088,40.77546890095874],[-73.99236175680107,40.77550189976686],[-73.99238604296035,40.77555717941971],[-73.99208768471259,40.77598397132416],[-73.9920187799106,40.77607334123817],[-73.99142953190218,40.776879560042936],[-73.99092717414973,40.77756687876315],[-73.99073041339486,40.77756054974017],[-73.99039616003645,40.77758506567927],[-73.99010126597655,40.777996457516835],[-73.9896488729282,40.778627560009205],[-73.9892009588643,40.779252398651785],[-73.98920068089923,40.77925278627948],[-73.98917577843805,40.77928752351338],[-73.98908519478589,40.77940759715964],[-73.98886861739992,40.77969292291159],[-73.98887187449985,40.77971373775061],[-73.98921902288056,40.77969789520962],[-73.989277858383,40.77972343927118],[-73.98940905418,40.779737706974714],[-73.98949861492692,40.77972504438998],[-73.98959649338819,40.779698146181],[-73.98967981290251,40.77967756815569],[-73.98975270293793,40.779671244211755],[-73.98984224780634,40.779680752670885],[-73.98994430227155,40.77969659226624],[-73.99004010212067,40.7797076766933],[-73.99013797752488,40.77969976970497],[-73.99022336845637,40.77968236121139],[-73.99033584033211,40.779661794395174],[-73.99043059869706,40.77966497205057],[-73.99050764615511,40.77966813912405],[-73.99062219939681,40.779676063909406],[-73.99074506950537,40.77967132818424],[-73.9908721142822,40.77964600714154],[-73.9909616722243,40.779639683751945],[-73.99105747282948,40.77965235212337],[-73.99115742949704,40.77966977560665],[-73.99124281740438,40.779671367084696],[-73.99125531828973,40.779650782516704],[-73.99129488711995,40.77963020920907],[-73.99132196764978,40.77963179604161],[-73.99135945556937,40.77958588233242],[-73.99155105922753,40.77957482043242],[-73.99141982585954,40.779755280287276],[-73.98888614411685,40.77987889853295],[-73.98893965670626,40.7799561784406],[-73.98892610353073,40.78005929201385],[-73.98891168026452,40.7800960371468],[-73.98891166067365,40.78012236576527],[-73.98891926146824,40.78022609484644],[-73.98838105020263,40.78098107404603],[-73.98823241384693,40.78123314421579],[-73.98821042083155,40.78122548304487],[-73.98814418069283,40.78136567182993],[-73.98813788174459,40.78137928177677],[-73.98812746069495,40.78140179694496],[-73.9879936306824,40.78134281785033],[-73.98746219768844,40.78110861009828],[-73.9874143255822,40.78108751159777],[-73.98736363895011,40.78106280511054],[-73.98730772788198,40.78104130328792],[-73.98707137399502,40.780906382597536],[-73.98654378885695,40.78065798079119],[-73.986488532618,40.780635905541935],[-73.9856793602949,40.780312633335036],[-73.98536952545112,40.781078373367755],[-73.98507184256836,40.781779681471896],[-73.9835260137889,40.781130011022775],[-73.9823419491434,40.78063043442353],[-73.98186936677016,40.78043090167362],[-73.9816278729492,40.78032893547243],[-73.9815191128119,40.7802817575163],[-73.98140948669939,40.780235418619505],[-73.98067365278773,40.779925182487425],[-73.97944815819352,40.77940990983266],[-73.97926136519479,40.77933136760841],[-73.97783301572865,40.77873072253425],[-73.9750011183182,40.77752777991658]]]]},"properties":{"nta2020":"MN0701","ntaname":"Upper West Side-Lincoln Square"}},{"type":"Feature","geometry":{"type":"MultiPolygon","coordinates":[[[[-73.96417598455193,40.792362045027716],[-73.96468540607225,40.79166402679862],[-73.96517705432885,40.79099034109932],[-73.96562799450462,40.79036611763153],[-73.96609500484251,40.78973439026914],[-73.96655226678882,40.7891071534958],[-73.96700976919085,40.78847679124453],[-73.96744908284967,40.78786072109297],[-73.9679269620018,40.78722157112577],[-73.96838479313631,40.78659569719424],[-73.96885036817855,40.7859740529882],[-73.96908608547696,40.78563969641441],[-73.96910950437494,40.78560328120225],[-73.96933573164641,40.78529328005942],[-73.96983225490668,40.78461091125633],[-73.97030068162124,40.78397541394867],[-73.97076013028558,40.78334013755357],[-73.97122292220932,40.78270625609018],[-73.97172305555839,40.782021476462404],[-73.97357117357147,40.779477862291245],[-73.97406668103346,40.778805417391496],[-73.97429294708233,40.77849798945608],[-73.97453231356181,40.77816778502559],[-73.974754240142,40.77786469309968],[-73.9750011183183,40.77752777991658],[-73.97783301572876,40.778730722534206],[-73.97926136519479,40.77933136760841],[-73.97944815819352,40.77940990983266],[-73.98067365278779,40.77992518248739],[-73.9814094866995,40.780235418619505],[-73.98151911281197,40.7802817575163],[-73.9816278729492,40.78032893547243],[-73.98186936677027,40.78043090167362],[-73.9823419491434,40.78063043442353],[-73.98352601378895,40.781130011022775],[-73.98507184256847,40.78177968147185],[-73.98536952545118,40.781078373367755],[-73.9856793602949,40.780312633334994],[-73.986488532618,40.780635905541935],[-73.98654378885689,40.78065798079119],[-73.9870713739951,40.780906382597536],[-73.98730772788198,40.78104130328792],[-73.98736363895021,40.78106280511054],[-73.98741432558231,40.78108751159772],[-73.9874621976886,40.78110861009828],[-73.9879936306824,40.78134281785028],[-73.98812746036442,40.7814017974475],[-73.98804128806735,40.78158596034881],[-73.98810029382462,40.78160287830547],[-73.98807644914505,40.78165093500181],[-73.98801805997222,40.78163418881061],[-73.98796079284213,40.78177098703173],[-73.98791968459248,40.7818334777134],[-73.98787728725019,40.78189205083235],[-73.98647480368594,40.78391657371892],[-73.98625187003545,40.78423876424563],[-73.98611372725306,40.78443891137497],[-73.98561580396368,40.785141862595225],[-73.98546581197026,40.78536070057562],[-73.98617270496534,40.78606845276145],[-73.98645586240188,40.785919219584166],[-73.98707234561569,40.78518963831773],[-73.98711901394275,40.78521031799912],[-73.98649778102349,40.78595120339001],[-73.98616462880626,40.7861218824485],[-73.98612842248589,40.78623900133132],[-73.98607113521973,40.78624070602679],[-73.98602727478912,40.786228964236905],[-73.9860976378493,40.786058226200694],[-73.98542932126942,40.78541394218482],[-73.98508113773205,40.78592193511063],[-73.98519883325449,40.785966552197955],[-73.98517050238989,40.786013334158355],[-73.98521621867376,40.786030501314016],[-73.9852550979798,40.785976206014325],[-73.98524273937667,40.78597257164835],[-73.98524962933016,40.78596313985603],[-73.98528177918674,40.785978620950246],[-73.98524003288452,40.78603585813697],[-73.98568388524217,40.78622212391986],[-73.98571752834334,40.78617599466889],[-73.98576566029752,40.78619627485881],[-73.98568287192252,40.78630978621333],[-73.98563627093064,40.786290149644316],[-73.98567072256466,40.786242911993995],[-73.98561523764425,40.78621964621804],[-73.98520511880025,40.78604766971554],[-73.98521103560748,40.78603955488388],[-73.9851626399472,40.78602099876479],[-73.98513163631205,40.78606029702015],[-73.98501696406495,40.78601423719582],[-73.98493597820354,40.78613072065117],[-73.98465507883012,40.78653474231073],[-73.98574378790113,40.78657008235235],[-73.98589227228327,40.78642652901978],[-73.98594285433376,40.78645284788045],[-73.9859495615568,40.78648711296155],[-73.98581237352651,40.786616865357274],[-73.98513520970337,40.78658761789052],[-73.98461942858398,40.786586016852596],[-73.98369521623653,40.78791528181547],[-73.98234664147564,40.78985478077284],[-73.98188645946561,40.79051657993014],[-73.98139174468567,40.79122824550274],[-73.98128937370952,40.791375509433216],[-73.9809470835408,40.79186789328011],[-73.980537679464,40.79245681262518],[-73.98043434255989,40.79259428359953],[-73.98013222578663,40.79299376538334],[-73.98004684398002,40.79311352516411],[-73.9792882208298,40.79417763216351],[-73.97828949086626,40.79558676046095],[-73.97779475437075,40.79628462977197],[-73.97685207845194,40.797631348393374],[-73.9763995193054,40.79827321119528],[-73.97635598023365,40.79825402100787],[-73.97584048765881,40.79802885849456],[-73.97559453380583,40.797930077725944],[-73.97549419363874,40.797888552311065],[-73.97539813964339,40.79784774355733],[-73.97523065689226,40.79777973010466],[-73.97507069937068,40.797713350063184],[-73.97413148043796,40.797343788876745],[-73.97365145266349,40.797148318619264],[-73.97225661671395,40.79656086537683],[-73.97093073123413,40.79600104819112],[-73.97082734180017,40.79595859955887],[-73.97073269548645,40.79591917001082],[-73.96941543722124,40.79536077907437],[-73.96987063171011,40.79473520505714],[-73.96856488090994,40.794196352940375],[-73.96701559079894,40.793556967201745],[-73.96644741035597,40.79331495520083],[-73.96543410377306,40.79287668686671],[-73.96417598455193,40.792362045027716]]]]},"properties":{"nta2020":"MN0702","ntaname":"Upper West Side (Central)"}},{"type":"Feature","geometry":{"type":"MultiPolygon","coordinates":[[[[-73.95964685334928,40.80115642375894],[-73.95883381257524,40.80081750560493],[-73.95848111409947,40.80067047859116],[-73.95817296971535,40.80058254195962],[-73.958333048684,40.80036505451611],[-73.95861879190555,40.799977026154465],[-73.95907669072292,40.79935223392784],[-73.95953658802027,40.79871852602314],[-73.9600301843706,40.79803810839966],[-73.96052271603398,40.79736846946235],[-73.96074784935978,40.79705597666016],[-73.96097971719733,40.796738644547794],[-73.96144060567532,40.79611082768643],[-73.96189985306606,40.795479270563426],[-73.96235979996321,40.79485206123048],[-73.96282149737695,40.794237236194],[-73.96297579396449,40.794016181496275],[-73.96307930960458,40.793867877333014],[-73.96321832612621,40.7936785739482],[-73.96371100568115,40.793009029049855],[-73.96380600911218,40.79287990180815],[-73.96417598455193,40.792362045027716],[-73.96543410377306,40.79287668686671],[-73.9664474103559,40.79331495520083],[-73.96701559079894,40.79355696720178],[-73.96856488090998,40.7941963529404],[-73.96987063171011,40.79473520505714],[-73.96941543722113,40.79536077907441],[-73.97073269548628,40.79591917001082],[-73.97082734180017,40.79595859955887],[-73.97093073123413,40.79600104819117],[-73.97225661671389,40.79656086537683],[-73.97365145266343,40.797148318619264],[-73.97413148043786,40.797343788876745],[-73.97507069937068,40.797713350063184],[-73.97523065689226,40.79777973010469],[-73.97539813964329,40.79784774355733],[-73.97549419363874,40.79788855231112],[-73.97559453380573,40.797930077725944],[-73.97584048765872,40.79802885849459],[-73.9763559802336,40.79825402100787],[-73.97639951930529,40.79827321119533],[-73.97628527884225,40.79843523591286],[-73.97583055785243,40.79909228041088],[-73.97578169321191,40.79915625678051],[-73.97579140130166,40.79920962838901],[-73.97576219486481,40.79926017354952],[-73.97554385822002,40.799528250637515],[-73.97526783234434,40.79993285003452],[-73.97508668067861,40.80018953413579],[-73.97496436808174,40.80036963419408],[-73.97483924435984,40.80055824376542],[-73.97466556722719,40.800813514734344],[-73.9744872252097,40.801057428896996],[-73.97414361823463,40.801516895341386],[-73.97394098366715,40.80180902536164],[-73.97389989052456,40.801889863531414],[-73.97377477245989,40.80204584645132],[-73.97372060455749,40.802167815783044],[-73.97361322463918,40.80229685938481],[-73.97354227655421,40.80235641125036],[-73.9733667106777,40.80263011384926],[-73.97320518045738,40.80283005827647],[-73.97312859120973,40.8029747160114],[-73.97307070537917,40.803055548950205],[-73.97303522835914,40.80307397424456],[-73.97292317001957,40.80324982284407],[-73.97286807262148,40.80332073417621],[-73.9728717908154,40.80335618714291],[-73.97255429829619,40.80379863465031],[-73.97217237241772,40.80431907746188],[-73.97205095521862,40.804530376010256],[-73.9719529243853,40.80461970905176],[-73.9718184948358,40.80471754219954],[-73.97179980150722,40.80478561598881],[-73.97171200727084,40.80493169127671],[-73.97162049569299,40.80504229490212],[-73.97161113391445,40.80509618747454],[-73.97144210961488,40.805334427342544],[-73.9712908330033,40.80552870753345],[-73.97110765808215,40.80579013942548],[-73.97098767871225,40.80574290292903],[-73.97084148354809,40.80568534376005],[-73.97076362300699,40.805657372879885],[-73.97069326385139,40.805630268951724],[-73.96978721849004,40.805300497384415],[-73.96860707273827,40.80487094989798],[-73.96855913351779,40.804853584120345],[-73.96849506637912,40.804832270886884],[-73.96804849260943,40.80468370013364],[-73.96680327257117,40.80420756162373],[-73.96670106824132,40.80416847743972],[-73.96659750376655,40.80412367716156],[-73.96617495045246,40.803945505806404],[-73.96603501450645,40.803886498631314],[-73.96556498572275,40.80368860225054],[-73.96542640500678,40.8036303182781],[-73.96434277616534,40.803174561404646],[-73.96386126202978,40.8029720383533],[-73.96107793869854,40.80180035772015],[-73.95964685334928,40.80115642375894]]]]},"properties":{"nta2020":"MN0703","ntaname":"Upper West Side-Manhattan Valley"}},{"type":"Feature","geometry":{"type":"MultiPolygon","coordinates":[[[[-73.95763576836265,40.74840634746513],[-73.957493440047,40.74833646476311],[-73.95751889188831,40.74830361959195],[-73.95766680471932,40.74837347952164],[-73.9577265433443,40.74829406239848],[-73.95783953942082,40.74833800287286],[-73.95768831843425,40.748535026871835],[-73.95757650467826,40.7484885253785],[-73.95763576836265,40.74840634746513]]],[[[-73.9355679704974,40.77191877803632],[-73.93565635283767,40.771756396435265],[-73.93552163065269,40.77171629406108],[-73.93556621751351,40.77162911639181],[-73.93585195294797,40.77171600149025],[-73.93580987642515,40.77179936862196],[-73.935698338885,40.77176690312417],[-73.93560853449766,40.77193127768471],[-73.9355679704974,40.77191877803632]]],[[[-73.94180032729415,40.76904692662492],[-73.9425680614214,40.76850590573174],[-73.94285528620647,40.76830349491207],[-73.94321923520103,40.76789264385337],[-73.94381427322762,40.767220912050064],[-73.94422343089231,40.76666497789003],[-73.9448402665221,40.76582362839103],[-73.94623787959823,40.76428501454996],[-73.94657165080055,40.76391755826112],[-73.94662141408685,40.76386277208116],[-73.94682460228425,40.76361763273205],[-73.94708876929518,40.76329892108699],[-73.94788268389203,40.762365697592216],[-73.9479297966422,40.762310316259956],[-73.94832459591146,40.76184623000167],[-73.9487778940647,40.76131457086531],[-73.94914738541911,40.760881215989336],[-73.94943175563233,40.760548616859104],[-73.94971226700011,40.76032891738497],[-73.95008262637674,40.760047470463476],[-73.95033358814476,40.75985675555379],[-73.95126005908729,40.75881011687451],[-73.95148626283107,40.75866645484953],[-73.95171190411013,40.75846249420154],[-73.95177822026001,40.75840254987715],[-73.95209233022592,40.75799314084761],[-73.95217663423729,40.757831335937574],[-73.95221146342024,40.757583640335696],[-73.9525407933683,40.75709531504002],[-73.95312156546179,40.75652380482729],[-73.95322009963193,40.75642684131528],[-73.95326888611034,40.7563810436009],[-73.95330696035853,40.75634432712769],[-73.9533455646292,40.756311375165055],[-73.95340583052024,40.75625853137487],[-73.95409527736325,40.75565492844297],[-73.95507326928144,40.75479868255497],[-73.95519503117477,40.75477452347613],[-73.95579415237687,40.754161547911465],[-73.95692404304639,40.75296115989134],[-73.95721003531281,40.75271535683181],[-73.95791452493181,40.75210985452551],[-73.95860755756419,40.751613323987144],[-73.95868495443514,40.75157377742194],[-73.95903248609443,40.75138642277143],[-73.95902757442518,40.751297369348556],[-73.95955875930795,40.75081459776215],[-73.95990187081902,40.75055851485122],[-73.96039170572524,40.75025618611752],[-73.96081286928457,40.7499006164365],[-73.96083011436723,40.74988767803423],[-73.96084435960309,40.74987277712379],[-73.9608552248949,40.74985631130017],[-73.960877620581,40.749827570606996],[-73.96090586294001,40.74980198161017],[-73.96093920034158,40.749780225318716],[-73.96095994786542,40.749766412637754],[-73.96098341644816,40.74975540331187],[-73.96100895814449,40.749747501297456],[-73.96103586777383,40.74974292476097],[-73.96106340238876,40.74974180005597],[-73.96109080178704,40.74974415823441],[-73.96111730949931,40.74974993418935],[-73.96114219367479,40.74975896845269],[-73.96116476728584,40.74977101159754],[-73.9613284548104,40.74960095762467],[-73.96153855464473,40.749723119840674],[-73.96138656105296,40.74988050333846],[-73.96140909839852,40.74989974621024],[-73.96142702649928,40.74992161308358],[-73.96143982772797,40.749945472615074],[-73.96144713248013,40.74997063592873],[-73.96144426998414,40.74998853375833],[-73.96143797721972,40.75000591677116],[-73.96142839105293,40.75002240688296],[-73.96141571998278,40.75003764543004],[-73.96140023960616,40.75005130097051],[-73.96138044658358,40.75006351634196],[-73.9613634008892,40.75007792985037],[-73.96134951969924,40.75009418874149],[-73.96111060141841,40.75060047040352],[-73.96068557870034,40.75120193747044],[-73.96001132329779,40.75183151783759],[-73.95989061758648,40.75209747812543],[-73.95957156539706,40.7528047164027],[-73.95950079929003,40.75295638219569],[-73.95901616627437,40.753595060460135],[-73.95892671032833,40.75356249236132],[-73.9584583680566,40.75394923650511],[-73.95768072771942,40.75482196116554],[-73.95689476871853,40.7557039958263],[-73.95646348773006,40.75618798254583],[-73.95598563410057,40.75672422530532],[-73.95565513098005,40.75709510622831],[-73.95559286207379,40.7572228001735],[-73.95556724634356,40.757257666685945],[-73.95553464377002,40.757296034971134],[-73.95550425524475,40.757333456072764],[-73.95544904085207,40.757395556034034],[-73.95534193752171,40.75752113506563],[-73.95499406068491,40.757929019155036],[-73.95390795119135,40.75920087485093],[-73.95384294876453,40.75923894538798],[-73.95378145676348,40.75932308273114],[-73.95374760519333,40.75936393842846],[-73.95366241810737,40.7594797336111],[-73.95361272256534,40.75950214901437],[-73.95332321617957,40.75974596418506],[-73.95339140733908,40.75979676286049],[-73.95312451504951,40.76005275842971],[-73.95297788216074,40.759962107877065],[-73.95248457912025,40.76046011051551],[-73.95208632266538,40.76086215440504],[-73.95187667298384,40.76124558279821],[-73.95162504907874,40.761678863605695],[-73.95097191594407,40.762494507507746],[-73.95093734928082,40.762570495237995],[-73.95073068782692,40.76275822543399],[-73.95037548074438,40.76317384507807],[-73.9499719168419,40.76364602981438],[-73.94920376022783,40.76426964383299],[-73.94908628791565,40.76426402727516],[-73.94881315316434,40.76461075396634],[-73.94770109012747,40.766022397827946],[-73.94655273893149,40.7673682045617],[-73.94591458839497,40.768213939018544],[-73.94585112333084,40.768247750235716],[-73.9458445142377,40.76832122875417],[-73.94575361333548,40.76830167142723],[-73.94570357268704,40.76832793380908],[-73.9455965853587,40.76847086500533],[-73.94548114289283,40.76862477943799],[-73.9456272109344,40.7686929531791],[-73.9455630204878,40.76880177552471],[-73.94540491850032,40.76873217303875],[-73.9453820817897,40.76876320304803],[-73.94524510341354,40.768773268310575],[-73.94515704133364,40.76911831775147],[-73.9450906572797,40.76921372182042],[-73.94472353132527,40.76973405888376],[-73.94472478343205,40.769786271534315],[-73.9446729319523,40.76981996805314],[-73.94456161429414,40.769886395927124],[-73.94427006997454,40.77014053525458],[-73.94400423868233,40.77029398164801],[-73.9432041411417,40.770992400251366],[-73.94281710872087,40.7714108612046],[-73.94257830168748,40.77170185722063],[-73.94212674580714,40.77203470050927],[-73.9413699061019,40.77230915082727],[-73.94088707123443,40.77237251678093],[-73.94056957420564,40.77261475946692],[-73.94027460921212,40.772947437395764],[-73.94017959715906,40.772959316096696],[-73.94007665619392,40.77292618686003],[-73.94001157258303,40.77284236105534],[-73.94018451224508,40.77256490680435],[-73.94028207924185,40.7723014069914],[-73.94027766722304,40.771713142242305],[-73.94020021779653,40.77112830566291],[-73.9402287038903,40.77085226216716],[-73.94027985829325,40.77067071100996],[-73.94035533477506,40.770496574371286],[-73.94082605300332,40.76991215626317],[-73.9411177871802,40.76941440857483],[-73.94121934173008,40.76933434312253],[-73.94125975382558,40.76930887989545],[-73.94180032729415,40.76904692662492]]],[[[-73.9583537498379,40.75866662516292],[-73.95842620189605,40.75860387300703],[-73.95845501743884,40.75858090219769],[-73.9584911945351,40.75854590383034],[-73.95858261800083,40.758583746664705],[-73.95871908094715,40.758640233115855],[-73.95875669779095,40.75858870305415],[-73.95893448513704,40.75833515544863],[-73.9590368100845,40.75838378260468],[-73.95972180286464,40.75866306368132],[-73.96196573611596,40.75961946128823],[-73.96308073462676,40.76008316424283],[-73.96355618844021,40.76028081858208],[-73.96431353499125,40.76059923135036],[-73.96658338334092,40.7615509360791],[-73.9661274722962,40.76217929969564],[-73.96566959817785,40.76280455661427],[-73.96521327921789,40.763431359563455],[-73.96475544759753,40.764057071102016],[-73.96429790304761,40.76468198812304],[-73.96384291024998,40.765309686172735],[-73.9634015401756,40.76591119153753],[-73.96292865765722,40.76655862794702],[-73.96246998928173,40.76718493378805],[-73.96201412965428,40.76781230949783],[-73.96154785451905,40.76843158184929],[-73.9611099699185,40.7690644088078],[-73.9606018057136,40.76974918771159],[-73.9601095510839,40.770432210965325],[-73.95964440707765,40.771064266857735],[-73.95918179972249,40.771696823955956],[-73.95871707375642,40.772331674653884],[-73.95857052505814,40.77253279547027],[-73.95825534849057,40.772965337086085],[-73.95779380404115,40.77359989745671],[-73.95729409955628,40.77428355557777],[-73.9550548155685,40.77333685117597],[-73.95268752392711,40.77234302098265],[-73.95043175491416,40.77138973153767],[-73.9482247208946,40.770458071861036],[-73.9480738787856,40.77039439516794],[-73.9477938540364,40.77024915206147],[-73.94771625023168,40.770216069090715],[-73.94766538304376,40.770193253129136],[-73.94761452889779,40.77017042944483],[-73.94752257755805,40.77012969629424],[-73.9474897536819,40.77011515452139],[-73.94808633406504,40.7694747937216],[-73.94866416477957,40.76885762339446],[-73.94908536768654,40.76827827079591],[-73.94937332131504,40.76788219105455],[-73.94957912071389,40.76762893017974],[-73.95006979303095,40.767025087880945],[-73.95066345088138,40.76638071134931],[-73.95122497666563,40.76577119897365],[-73.95176480900392,40.76516371184333],[-73.95230963181133,40.76455428860622],[-73.95336559897473,40.7633681709116],[-73.954418260786,40.762184104951274],[-73.95573621574248,40.76102439234497],[-73.95587222339061,40.76090471211576],[-73.95630917634212,40.76050836705188],[-73.95633318967808,40.76048658506153],[-73.95697841727626,40.75989675444613],[-73.9573173758794,40.7595922122568],[-73.95759869445274,40.759342318257964],[-73.95763772742096,40.759306739898506],[-73.95800496616789,40.75897200013211],[-73.95818604432436,40.7588117202536],[-73.95824543566668,40.75875900865984],[-73.95833351948279,40.75868387955003],[-73.9583537498379,40.75866662516292]]]]},"properties":{"nta2020":"MN0801","ntaname":"Upper East Side-Lenox Hill-Roosevelt Island"}},{"type":"Feature","geometry":{"type":"MultiPolygon","coordinates":[[[[-73.94933170560955,40.785193126557786],[-73.94982390342892,40.78451557104557],[-73.95028254854698,40.783890469992535],[-73.95073913675597,40.78326171127909],[-73.95119927206787,40.78263339296084],[-73.95165920682966,40.78200767416527],[-73.95212203183532,40.78138671022063],[-73.95257421783995,40.78075303402252],[-73.95303367885595,40.780125455038586],[-73.9534921225099,40.779496622675886],[-73.95371393266856,40.7791922719269],[-73.95375828607416,40.77913141368214],[-73.95398370089133,40.7788221106205],[-73.95448223960696,40.77813866502125],[-73.95494519919835,40.77750394766896],[-73.95540729695428,40.776868480901875],[-73.95586933527845,40.77623622684749],[-73.95633492193268,40.77560078338022],[-73.95658387298086,40.77525931675084],[-73.95679748994272,40.77496631066803],[-73.95729409955632,40.77428355557773],[-73.95779380404115,40.77359989745671],[-73.95825534849057,40.77296533708605],[-73.95857052505825,40.77253279547027],[-73.95871707375652,40.772331674653856],[-73.95918179972243,40.771696823955914],[-73.95964440707776,40.77106426685769],[-73.960109551084,40.77043221096529],[-73.96060180571365,40.76974918771155],[-73.9611099699185,40.769064408807765],[-73.96154785451905,40.76843158184929],[-73.96201412965428,40.76781230949777],[-73.96246998928184,40.767184933788],[-73.96292865765733,40.76655862794698],[-73.9634015401756,40.765911191537505],[-73.96384291024998,40.7653096861727],[-73.96429790304767,40.76468198812301],[-73.96475544759764,40.764057071101966],[-73.96521327921789,40.76343135956339],[-73.96566959817801,40.76280455661427],[-73.96612747229631,40.76217929969561],[-73.96658338334103,40.76155093607907],[-73.9681868771548,40.76222682132583],[-73.96968801010544,40.7628659634456],[-73.96980028759536,40.762913512630256],[-73.96990489190867,40.762958042728805],[-73.9714114162371,40.76358747419985],[-73.97301487176121,40.76427887944539],[-73.97255352207601,40.764897732393415],[-73.9720985231214,40.765517251729946],[-73.97164774202095,40.76614246897514],[-73.97118520913466,40.76677029067497],[-73.97072777348453,40.76739372342133],[-73.97028165436144,40.76802503293228],[-73.96982455199645,40.76864600949088],[-73.96951605111292,40.76906520109458],[-73.9693648454653,40.76927065749321],[-73.96890454556068,40.769900832293445],[-73.96844155867254,40.77051632737561],[-73.96799327710882,40.77114723145525],[-73.96753398378233,40.771776184654115],[-73.96703947447702,40.77246121948631],[-73.96653616947071,40.77314036909276],[-73.96607448908784,40.773772989099946],[-73.96560968533342,40.77440720211544],[-73.96514745286605,40.77504423259224],[-73.96468735709493,40.77567708238524],[-73.96422820041792,40.77631030968491],[-73.96376123785065,40.77695097043736],[-73.9637260260802,40.777005718569974],[-73.96322991822858,40.77767704803186],[-73.96313459803535,40.77780805178096],[-73.96276715427432,40.77831304088846],[-73.96230361413694,40.77894704187489],[-73.96183836839708,40.77958419269878],[-73.96136872606758,40.780229749717584],[-73.96091016072192,40.78085703602685],[-73.96041430521686,40.781524268474705],[-73.9599209422003,40.782212944507414],[-73.95946905991516,40.782833321664626],[-73.9590117652701,40.78346128530477],[-73.95856809945384,40.78408344454221],[-73.95810353289924,40.784713004730925],[-73.95763599235518,40.78534345832344],[-73.95716243258384,40.785979638761916],[-73.95671862998218,40.786600794327086],[-73.95626130831457,40.78722287678228],[-73.95577735758036,40.78791392447064],[-73.95416476904346,40.78722756357629],[-73.95371344994439,40.78703758602923],[-73.95341646690392,40.78691257113931],[-73.95266136573831,40.7865950206291],[-73.95255145469038,40.78654858066234],[-73.95246430034462,40.786510431923055],[-73.95222947470897,40.78641155023147],[-73.9512967085309,40.78602007486535],[-73.95092812655976,40.78586538067487],[-73.95033803998145,40.78561715001276],[-73.94933170560955,40.785193126557786]]]]},"properties":{"nta2020":"MN0802","ntaname":"Upper East Side-Carnegie Hill"}},{"type":"Feature","geometry":{"type":"MultiPolygon","coordinates":[[[[-73.93804640603422,40.78082954427574],[-73.93790133623929,40.78074999617273],[-73.937794486603,40.78078125875526],[-73.93779944179558,40.78103133979683],[-73.93764631755363,40.78100121589267],[-73.93765365963758,40.78079000805558],[-73.93759894622616,40.78046784086168],[-73.93779269036342,40.78035790421254],[-73.9382377350939,40.780259079465516],[-73.93839622591784,40.78026243288883],[-73.93861200821945,40.78033895586917],[-73.93923746178274,40.779733393556015],[-73.93931821987555,40.77971800232962],[-73.93953015793254,40.7795276202607],[-73.9395837897242,40.77957647450991],[-73.93943238034647,40.779812200274435],[-73.93949329752046,40.77987369131564],[-73.93937515379629,40.77997877235199],[-73.93930528430658,40.77995122455193],[-73.93921789625274,40.78001352022167],[-73.93872802926543,40.78051074420736],[-73.93883951845037,40.78059924980004],[-73.93882863410155,40.780763450727854],[-73.93874423089268,40.78104387604246],[-73.93830097951646,40.781362084365234],[-73.93808213268757,40.78141843727485],[-73.93796757721594,40.78128933456301],[-73.9380494885564,40.78105580604232],[-73.93806723089968,40.7809447021957],[-73.93804640603422,40.78082954427574]]],[[[-73.94360047475412,40.78015909946638],[-73.94343876735945,40.779763242468604],[-73.9424642534702,40.780032500044406],[-73.94245164079231,40.780034301684346],[-73.94243881234524,40.780034573688795],[-73.9424260871595,40.78003330929311],[-73.94241378169744,40.78003053994164],[-73.94240220198301,40.78002633450526],[-73.94239163599171,40.78002079756887],[-73.94238234648851,40.78001406683034],[-73.94237456449295,40.78000630967593],[-73.9423684835349,40.77999771901818],[-73.94236425484041,40.77998850849729],[-73.9421202220566,40.779472556372646],[-73.94211585205258,40.77946438178308],[-73.94211320931082,40.779455789742784],[-73.94211235826057,40.77944698972593],[-73.94211331964989,40.77943819627737],[-73.94211607003913,40.779429623781404],[-73.94212054237336,40.77942148123563],[-73.94212662761645,40.779413967155385],[-73.9421341774095,40.779407264733834],[-73.94214300768843,40.77940153737606],[-73.94272973395677,40.779257248158274],[-73.9427188460896,40.779208452787664],[-73.94271719246164,40.77915897644398],[-73.94272480662887,40.779109823742985],[-73.9427415339661,40.779061992726845],[-73.94276703480749,40.779016454598874],[-73.94280079145874,40.77897413411727],[-73.94284211834898,40.778935890490885],[-73.94289017633311,40.77890250024778],[-73.94294398959741,40.778874641367814],[-73.94300246547277,40.77885287951766],[-73.9426553074297,40.77812496557434],[-73.94245741056957,40.77740747334814],[-73.94229506198677,40.77733196198072],[-73.94228050044822,40.77734743772626],[-73.94231968904039,40.777452518764676],[-73.94236333715743,40.77744701092432],[-73.94245545698132,40.77774786433384],[-73.94242853953912,40.777752827567355],[-73.94242491195624,40.777742319563714],[-73.94238999107066,40.77774727929168],[-73.94235943486066,40.77775389868928],[-73.94236233470946,40.77776495966759],[-73.94233541821139,40.77776881687684],[-73.94224111393426,40.77747017361327],[-73.94228549380605,40.777460243329564],[-73.94224050534159,40.7773341473238],[-73.94225579604536,40.777316459774944],[-73.94211982454031,40.77725556641191],[-73.9421853701388,40.777163809265055],[-73.94230970647094,40.777219719880605],[-73.94229368333247,40.77724293574539],[-73.94243403895554,40.77730046148639],[-73.94242964535643,40.777288949454416],[-73.94233789325409,40.7772489011775],[-73.94238467141909,40.777171097604786],[-73.94232882914014,40.777155216752604],[-73.94227622710854,40.77713387996413],[-73.94222778292577,40.77710745944461],[-73.94218434166052,40.77707641608071],[-73.94214666110557,40.77704129140082],[-73.94211539855979,40.77700269812796],[-73.94209109936159,40.77696130949075],[-73.94207418737722,40.7769178474795],[-73.94200266722274,40.7761853173829],[-73.94208160457381,40.77595701631722],[-73.94240100949001,40.77572692802888],[-73.94258769640638,40.77521895703082],[-73.94293043715292,40.7746762680357],[-73.94333894684375,40.7742111925905],[-73.9436643174873,40.77384076367413],[-73.94396084370908,40.77353041958957],[-73.944363934407,40.773108539295166],[-73.94487889596742,40.77256956150487],[-73.94561514012553,40.771943026085275],[-73.94640418919063,40.77126904561942],[-73.94690764133767,40.77073391172377],[-73.9474897536819,40.77011515452139],[-73.94752257755805,40.77012969629424],[-73.94761452889779,40.77017042944483],[-73.94766538304376,40.770193253129136],[-73.94771625023168,40.770216069090715],[-73.9477938540364,40.77024915206147],[-73.9480738787856,40.77039439516794],[-73.9482247208946,40.770458071861036],[-73.95043175491416,40.77138973153767],[-73.95268752392711,40.77234302098265],[-73.9550548155685,40.77333685117597],[-73.95729409955628,40.77428355557777],[-73.95679748994272,40.77496631066803],[-73.9565838729808,40.775259316750876],[-73.95633492193258,40.77560078338025],[-73.95586933527849,40.77623622684752],[-73.95540729695435,40.77686848090191],[-73.95494519919824,40.77750394766896],[-73.95448223960703,40.77813866502125],[-73.95398370089133,40.77882211062055],[-73.9537582860741,40.77913141368214],[-73.9537139326685,40.779192271926945],[-73.95349212250973,40.779496622675886],[-73.95303367885583,40.780125455038586],[-73.9525742178399,40.78075303402252],[-73.95212203183532,40.78138671022063],[-73.95165920682966,40.78200767416527],[-73.95119927206781,40.78263339296084],[-73.95073913675586,40.78326171127909],[-73.95028254854694,40.78389046999258],[-73.94982390342892,40.784515571045624],[-73.9493317056096,40.785193126557786],[-73.94877626223455,40.784958235926915],[-73.94784345948781,40.78456375606823],[-73.94708951828564,40.78424490579472],[-73.94644497128868,40.783973179080206],[-73.94592185905542,40.783752798857044],[-73.94472264438717,40.78324757314381],[-73.94464665903752,40.78321787430514],[-73.94405439380174,40.7829643585487],[-73.94395460074938,40.782915520153566],[-73.94389324473693,40.7828877273321],[-73.94383256609856,40.78285908997769],[-73.94376005208356,40.782828932219545],[-73.9436735813055,40.78271662373041],[-73.94364823450802,40.78265616183563],[-73.94388068102498,40.781532042862004],[-73.94387075922585,40.78127302657144],[-73.94371468850511,40.78062981603161],[-73.94360047475412,40.78015909946638]]]]},"properties":{"nta2020":"MN0803","ntaname":"Upper East Side-Yorkville"}},{"type":"Feature","geometry":{"type":"MultiPolygon","coordinates":[[[[-73.95210125149217,40.811442853501475],[-73.95259125622047,40.810765333568874],[-73.95307869907204,40.810094085409496],[-73.9532765486116,40.80987960428284],[-73.95357577722126,40.809476698162094],[-73.95496657106287,40.81006455520624],[-73.9554297470212,40.80942915340627],[-73.9558841752817,40.80880224955143],[-73.95634493613599,40.80817335404033],[-73.9563699073104,40.80813932014121],[-73.95645088437541,40.80802895134939],[-73.95647969715911,40.80798968088372],[-73.9568054381114,40.80754570978224],[-73.95726581466334,40.80691617138686],[-73.95728508561184,40.80688974849613],[-73.95769641268312,40.806325744554925],[-73.95772175927723,40.80629098862718],[-73.95818962106898,40.80560880369037],[-73.95822724911433,40.805537497295774],[-73.9582564594939,40.80546394834808],[-73.95827702487057,40.80538872933116],[-73.95828878449724,40.805312425414655],[-73.95829164751598,40.80523563087963],[-73.95828559167313,40.80515894346914],[-73.95825482514002,40.8047138784414],[-73.95824272320102,40.80452248107084],[-73.95823477383303,40.80439673194501],[-73.95820300718935,40.80389427150131],[-73.9582487817548,40.80310648647079],[-73.9586883921315,40.802469794868244],[-73.95914741049165,40.801843760137096],[-73.95964685334928,40.80115642375894],[-73.96107793869854,40.80180035772015],[-73.96386126202978,40.8029720383533],[-73.96434277616534,40.803174561404646],[-73.96542640500678,40.8036303182781],[-73.96556498572275,40.80368860225054],[-73.96603501450645,40.803886498631314],[-73.96617495045246,40.803945505806404],[-73.96659750376655,40.80412367716156],[-73.96670106824132,40.80416847743972],[-73.96680327257117,40.80420756162373],[-73.96804849260943,40.80468370013364],[-73.96849506637912,40.804832270886884],[-73.96855913351779,40.804853584120345],[-73.96860707273827,40.80487094989798],[-73.96978721849004,40.805300497384415],[-73.97069326385139,40.805630268951724],[-73.97076362300699,40.805657372879885],[-73.97084148354809,40.80568534376005],[-73.97098767871225,40.80574290292903],[-73.97110765764116,40.80579013967667],[-73.9704651214442,40.80662431711005],[-73.97021400799245,40.806935705650986],[-73.96988290614713,40.80736478797888],[-73.96977288943349,40.80752528214136],[-73.96955934797347,40.80779550099915],[-73.96911173565802,40.80840637057173],[-73.96909103244369,40.80843016507862],[-73.9689167848404,40.80863078055999],[-73.96885218645349,40.8087519856122],[-73.96866264764898,40.808963293180966],[-73.96855747771212,40.809072893821174],[-73.96854420633765,40.80914511039293],[-73.96846348611653,40.809318714020165],[-73.9684247350703,40.809394060333226],[-73.96823952732133,40.809662683894615],[-73.96815337512078,40.80976588090632],[-73.96811674952515,40.80980683624054],[-73.96813186592715,40.80984448922522],[-73.96796065311788,40.81010000906434],[-73.96788312497532,40.81020156518236],[-73.96788099107852,40.81024414782705],[-73.96779484834431,40.8103669973742],[-73.96772160095219,40.81043416111112],[-73.96770439052264,40.81048820038714],[-73.96766778940892,40.81055044594309],[-73.96762038824578,40.810584850897136],[-73.96762041422639,40.81063070053493],[-73.96754397270519,40.81077319972429],[-73.96740185312343,40.8110221558999],[-73.96713048758559,40.8113874205767],[-73.9670411118029,40.81152009962706],[-73.96700232144049,40.8115479480299],[-73.96692265508437,40.81169044653388],[-73.9668817501494,40.81177397642845],[-73.96674930787943,40.81198198551458],[-73.96663300760136,40.812153969783054],[-73.96652962321858,40.81228501552503],[-73.96639177720901,40.81247337265951],[-73.96627762716831,40.8126388114979],[-73.96615809223927,40.81281570329406],[-73.9661063947334,40.812863206936264],[-73.96588240945083,40.813200626851334],[-73.96579194974622,40.813328382202826],[-73.96565840161249,40.81349873149261],[-73.96548975012963,40.81374707236805],[-73.96548932424895,40.81374769375638],[-73.96534706551687,40.8139396518969],[-73.96510784267484,40.814275475527374],[-73.96509511906363,40.814319571654174],[-73.96432483391338,40.81551273751341],[-73.96414082888293,40.81577165745409],[-73.96340395102334,40.81668419693534],[-73.96312702403768,40.816955095839155],[-73.96308529694105,40.81700611343333],[-73.96271913392074,40.81736849075755],[-73.96203105751877,40.81808633097919],[-73.96189984850145,40.818047287355704],[-73.96181860145632,40.81802315472921],[-73.9616880598367,40.81796669424679],[-73.96163613470632,40.81793985230985],[-73.96157543968943,40.81790997171814],[-73.96138875951948,40.81781807601401],[-73.96102015507535,40.81764868569768],[-73.96068717735129,40.81751051765027],[-73.95949328737717,40.817007473778844],[-73.95839496608971,40.81579688733458],[-73.95835611877102,40.81575587271084],[-73.95829447377139,40.815690790640744],[-73.95822677449533,40.815612089287455],[-73.95819953120416,40.815580417965556],[-73.95782821805555,40.815156048878976],[-73.9571692986533,40.81440312395274],[-73.95710690001732,40.81433182143895],[-73.95707628339936,40.81429482935257],[-73.95625889682282,40.81338943442838],[-73.95570689991116,40.81414396054259],[-73.95520337871008,40.81355412906591],[-73.95408058341555,40.812280112895714],[-73.95354382953624,40.81205082062985],[-73.95210125149217,40.811442853501475]]]]},"properties":{"nta2020":"MN0901","ntaname":"Morningside Heights"}},{"type":"Feature","geometry":{"type":"MultiPolygon","coordinates":[[[[-73.94607828608069,40.8212632160618],[-73.94640289781525,40.82057204268724],[-73.94671831879403,40.81989426803332],[-73.94703623140666,40.81920837200796],[-73.9473495389148,40.818534998223335],[-73.94766641252544,40.817855509991766],[-73.94800732801156,40.81711650889921],[-73.94835601453075,40.81637430561877],[-73.94867681741358,40.81569228651986],[-73.94883939421027,40.8153568260672],[-73.94901859639863,40.815025754824894],[-73.94921410372903,40.814699770984774],[-73.94942552761023,40.814379584095526],[-73.94963674845418,40.81408666601493],[-73.94963688376123,40.81408647844661],[-73.94963702038646,40.81408629724479],[-73.9498621889739,40.813799980436556],[-73.95035019209078,40.813159389290014],[-73.95092865672767,40.81257507153136],[-73.95098203327805,40.81252162978963],[-73.95150537198396,40.81200768564182],[-73.95210125149221,40.81144285350143],[-73.95354382953636,40.81205082062985],[-73.95408058341565,40.812280112895714],[-73.95520337871008,40.813554129065864],[-73.95570689991122,40.814143960542545],[-73.95625889682282,40.81338943442833],[-73.95707628339936,40.81429482935257],[-73.95710690001737,40.81433182143895],[-73.95716929865335,40.81440312395274],[-73.9578282180556,40.81515604887893],[-73.95819953120426,40.815580417965556],[-73.95822677449533,40.815612089287455],[-73.95829447377145,40.815690790640744],[-73.95835611877118,40.81575587271084],[-73.95839496608976,40.81579688733454],[-73.95949328737711,40.817007473778816],[-73.96068717735145,40.81751051765022],[-73.9610201550753,40.81764868569763],[-73.96138875951965,40.81781807601397],[-73.96157543968937,40.81790997171814],[-73.96163613470637,40.81793985230985],[-73.9616880598367,40.817966694246756],[-73.96181860145643,40.818023154729175],[-73.96189984850156,40.818047287355704],[-73.96203105707758,40.81808633148163],[-73.961879170353,40.818258564592796],[-73.96131833180573,40.81889452355756],[-73.96094889843974,40.8193112888729],[-73.96044728492032,40.81987715679118],[-73.95999892229345,40.82038294480247],[-73.95981462674587,40.82029787419898],[-73.95939068731778,40.820855178355785],[-73.95932566265178,40.82094627675615],[-73.95928300647289,40.82099497441386],[-73.95913061580599,40.8211689542775],[-73.95920767709246,40.82120790934967],[-73.95926255403742,40.821235655358755],[-73.95930263598646,40.82118989802581],[-73.95942624349648,40.821252381738134],[-73.95914685715192,40.82157132855115],[-73.95903294155774,40.82151374622867],[-73.95923467194027,40.82127782476804],[-73.95917712794261,40.821249429985286],[-73.9590896024009,40.821206247056104],[-73.95881892233997,40.82151852484693],[-73.9589417294171,40.821569364009754],[-73.95885403985366,40.82167475074997],[-73.958745236605,40.82180551197381],[-73.95896360094639,40.822373794142294],[-73.95900018289892,40.822409728374524],[-73.95911304024075,40.82245496514832],[-73.95922976213465,40.8222869101325],[-73.95990999378239,40.82257111982193],[-73.9596033246028,40.8229946867835],[-73.95892614718271,40.82271175594409],[-73.95904953331679,40.822541335870994],[-73.9589172176045,40.82248605137161],[-73.95886745433307,40.82245023922823],[-73.95883849863237,40.822405042078024],[-73.95865126011921,40.821918436573505],[-73.958645850815,40.82190436963172],[-73.95852731524258,40.82184375665232],[-73.95820019354012,40.82228313691829],[-73.95816805363593,40.82245810099137],[-73.95813063305596,40.822531090455975],[-73.9580746794387,40.82261135846504],[-73.95793904909091,40.82277435405003],[-73.95822838183035,40.822887867101066],[-73.95820639539136,40.82292213140986],[-73.95814312769234,40.823020721769026],[-73.9591645863233,40.82345179548355],[-73.95918196037674,40.82345912244321],[-73.95943846744453,40.82356239179054],[-73.95946454189144,40.82357113617446],[-73.95948269766957,40.82357865266578],[-73.95949747410923,40.82358681678865],[-73.95950361164489,40.82359118579793],[-73.95950897939188,40.82359578890296],[-73.95953101411841,40.82361918218078],[-73.95953800225297,40.82362933408751],[-73.95954284439085,40.82363916845262],[-73.95954472552461,40.82364494233203],[-73.95954522180355,40.823647337097235],[-73.95953351105084,40.823685018397434],[-73.95955575493863,40.823693797768954],[-73.95914038137627,40.82431759020488],[-73.95741069280895,40.823273474634696],[-73.957222029754,40.82322595909123],[-73.95715187419384,40.82321376626194],[-73.95708264224676,40.82320154793499],[-73.9568282452636,40.82316507944155],[-73.95651468387791,40.82312012828424],[-73.95634010375615,40.82309232750727],[-73.95576937238847,40.82290432086431],[-73.95573074894818,40.82289125825016],[-73.95569660777309,40.82287647687132],[-73.95376927284617,40.82205869093093],[-73.95367103329552,40.82201753401231],[-73.95357262881213,40.82197589162547],[-73.95291028936347,40.82169694692596],[-73.9508287990319,40.82082793759966],[-73.95037710497127,40.82144561908415],[-73.94992194321388,40.82207231473013],[-73.94854029702124,40.82148762331544],[-73.94808289749476,40.82210802201343],[-73.9472384465802,40.82175398626649],[-73.94607828608069,40.8212632160618]]]]},"properties":{"nta2020":"MN0902","ntaname":"Manhattanville-West Harlem"}},{"type":"Feature","geometry":{"type":"MultiPolygon","coordinates":[[[[-73.94034643247481,40.830457843352235],[-73.94014131121871,40.83037198888044],[-73.93962569863977,40.830155837387814],[-73.93943428706268,40.83007611669199],[-73.93926612530757,40.82999853179372],[-73.93899743371458,40.829888853366676],[-73.93864026605648,40.82973887442024],[-73.9389603480079,40.82898633046249],[-73.93924885616293,40.82829635121206],[-73.93968952732978,40.827656574227724],[-73.94013953822808,40.82703869055579],[-73.94059472566465,40.826413604531524],[-73.94104840743191,40.82579262960364],[-73.94150312587476,40.82517136739312],[-73.94195569574536,40.82455444112511],[-73.94242953890151,40.82390915693532],[-73.94292366846379,40.82326058775286],[-73.94323581817392,40.82292133503323],[-73.94350594397176,40.82262775327924],[-73.94404986301971,40.82205159210488],[-73.94460364515598,40.821461981187966],[-73.94516004829619,40.82087904397875],[-73.94607828608069,40.8212632160618],[-73.9472384465802,40.82175398626649],[-73.94808289749476,40.82210802201343],[-73.94854029702124,40.82148762331544],[-73.94992194321388,40.82207231473013],[-73.95037710497127,40.82144561908415],[-73.9508287990319,40.82082793759966],[-73.95291028936347,40.82169694692596],[-73.95357262881213,40.82197589162547],[-73.95367103329552,40.82201753401231],[-73.95376927284617,40.82205869093093],[-73.95569660777309,40.82287647687132],[-73.95573074894818,40.82289125825016],[-73.95576937238847,40.82290432086431],[-73.95634010375615,40.82309232750727],[-73.95651468387791,40.82312012828424],[-73.9568282452636,40.82316507944155],[-73.95708264224676,40.82320154793499],[-73.95715187419384,40.82321376626194],[-73.957222029754,40.82322595909123],[-73.95741069280895,40.823273474634696],[-73.95914038137627,40.82431759020488],[-73.95901612941928,40.824504187996894],[-73.95899582803376,40.82449642742526],[-73.95743708511714,40.826848548452446],[-73.95725896977147,40.82711730987327],[-73.95694866354306,40.82700055393494],[-73.9563178451031,40.827944215388754],[-73.95620054528351,40.827901227100256],[-73.95620373779566,40.82789698610002],[-73.95622394360274,40.82787008688901],[-73.95503912978361,40.82741343241461],[-73.954697366195,40.82791838551438],[-73.95454188062094,40.827861476868264],[-73.954464699772,40.82797417020154],[-73.95446458034667,40.827974332652765],[-73.95444120044071,40.828006635298856],[-73.95436068010171,40.82811788351792],[-73.95427220906049,40.828236543142644],[-73.95421653625729,40.82830747135824],[-73.95416950644204,40.828360869240356],[-73.95413649135867,40.82839340906029],[-73.95406111804215,40.828462132954236],[-73.95403271651476,40.82849042349055],[-73.95402106612515,40.82850298030443],[-73.95398614911781,40.82854351625182],[-73.95395406407458,40.82858535816427],[-73.95359128626757,40.829097721151484],[-73.95297619362583,40.83009020377378],[-73.95218597296554,40.83127711791929],[-73.95191404057142,40.83161971741848],[-73.95180892345925,40.831824321020754],[-73.95165656369048,40.8319769940691],[-73.95155293475376,40.832134199987244],[-73.95131742037631,40.83247957244552],[-73.95119183012169,40.83263915178259],[-73.95114792166837,40.83278359245916],[-73.95105224571313,40.832922437634],[-73.95104109555966,40.83302248809388],[-73.95100838567099,40.833140649455665],[-73.95095307082967,40.83328358033254],[-73.95086512705237,40.83343412012521],[-73.95080734993236,40.83351414932603],[-73.95072698740043,40.83359226410266],[-73.95068177244163,40.83365133130841],[-73.95056874248017,40.833788518529694],[-73.95051346128342,40.83388570427211],[-73.95048330225957,40.833944778526636],[-73.95044809740766,40.83404197218303],[-73.95041794939807,40.834085797893124],[-73.95034009355597,40.83416772480759],[-73.95028481740808,40.834257285082664],[-73.95021218560015,40.83430311995851],[-73.95007777733062,40.834251800541715],[-73.94993193692676,40.83419849319215],[-73.94985612947902,40.834179350468176],[-73.94979197766332,40.83415015010922],[-73.94967072287922,40.834105011544],[-73.94950730060035,40.8340427614282],[-73.9493412262308,40.83398211496196],[-73.94897390483271,40.834052228652375],[-73.94890543220046,40.83406529937924],[-73.94827676702778,40.83386545609754],[-73.94592558095874,40.83280648970217],[-73.94582395086611,40.83276546128719],[-73.9457193354422,40.83272141376794],[-73.94297966110949,40.83156798036177],[-73.94136799449048,40.8308908385851],[-73.9410754691443,40.830766851875914],[-73.94034643247481,40.830457843352235]]]]},"properties":{"nta2020":"MN0903","ntaname":"Hamilton Heights-Sugar Hill"}},{"type":"Feature","geometry":{"type":"MultiPolygon","coordinates":[[[[-73.94177140103845,40.8070890008521],[-73.94226311088819,40.80641573824753],[-73.94275367162054,40.80574401279446],[-73.94285550154605,40.805786554955816],[-73.94315770319461,40.80591280523911],[-73.94377476780275,40.80617059265475],[-73.9443558695654,40.806413587911365],[-73.94480742947479,40.8057888091633],[-73.94527043727425,40.80516836906089],[-73.9457332123988,40.80453203335625],[-73.94620045768923,40.80390652243222],[-73.94561836398002,40.80365897805449],[-73.94470926046549,40.80327192790195],[-73.94459915208044,40.803225048342576],[-73.9447597648013,40.8030030414929],[-73.94505127896332,40.80259859871724],[-73.94550863852021,40.80197023174208],[-73.94596789661186,40.80134239517221],[-73.94646133719719,40.800665306384424],[-73.94697366652673,40.799961703412265],[-73.94728018231284,40.79954178928642],[-73.9473277142641,40.7994766714784],[-73.94737599778551,40.799410524720415],[-73.94741996169058,40.799350295295554],[-73.94771055891137,40.79895218061322],[-73.94775716402712,40.798888332040725],[-73.94781662986682,40.79880686297184],[-73.94784679052705,40.79876554320329],[-73.94805130136857,40.79848535985418],[-73.94810108960388,40.79841714888387],[-73.94815384258702,40.79834487657826],[-73.94820641449834,40.79827285109811],[-73.94831125322115,40.798129217566384],[-73.94878702678898,40.79748283900472],[-73.94906517792775,40.797100494106],[-73.94923327016367,40.7968719999053],[-73.9497477293007,40.79709700227081],[-73.95094228217191,40.797603118340454],[-73.95237418996642,40.79820977124773],[-73.95246092785237,40.79824249468065],[-73.95253186666169,40.79826974269244],[-73.95276726824007,40.79837209207127],[-73.95522296477984,40.799406646617776],[-73.95525763516926,40.79942119889413],[-73.9553036392048,40.79944050119987],[-73.95536651620195,40.79946642708668],[-73.95786499207041,40.80051527294146],[-73.95817296971542,40.80058254195962],[-73.95848111409947,40.800670478591115],[-73.95883381257535,40.80081750560493],[-73.9596468533494,40.801156423758904],[-73.95914741049171,40.80184376013707],[-73.95868839213162,40.802469794868216],[-73.95824878175492,40.80310648647076],[-73.95820300718947,40.80389427150126],[-73.95823477383297,40.80439673194501],[-73.95824272320102,40.80452248107084],[-73.95825482513996,40.8047138784414],[-73.95828559167313,40.80515894346914],[-73.95829164751605,40.80523563087958],[-73.95828878449723,40.80531242541461],[-73.95827702487068,40.80538872933116],[-73.95825645949402,40.80546394834805],[-73.95822724911444,40.805537497295774],[-73.95818962106898,40.80560880369037],[-73.95772175927739,40.80629098862718],[-73.95769641268316,40.8063257445549],[-73.95728508561196,40.80688974849609],[-73.95726581466329,40.80691617138686],[-73.95680543811145,40.80754570978224],[-73.95647969715922,40.80798968088369],[-73.95645088437558,40.80802895134936],[-73.9563699073105,40.80813932014117],[-73.95634493613605,40.80817335404033],[-73.9558841752818,40.80880224955143],[-73.9554297470212,40.80942915340627],[-73.95496657106287,40.81006455520624],[-73.95357577722136,40.809476698162065],[-73.9532765486117,40.809879604282806],[-73.95307869907211,40.81009408540946],[-73.95259125622059,40.810765333568874],[-73.95210125149221,40.81144285350143],[-73.95067975515929,40.81084296435372],[-73.94792306676732,40.809676922967405],[-73.94783892075638,40.80964112780469],[-73.94773985387287,40.8095997216169],[-73.94506102898416,40.80847450034968],[-73.94499360605086,40.808446183841745],[-73.94491601785558,40.80841350378145],[-73.94177140103845,40.8070890008521]]]]},"properties":{"nta2020":"MN1001","ntaname":"Harlem (South)"}},{"type":"Feature","geometry":{"type":"MultiPolygon","coordinates":[[[[-73.93515659173437,40.8326824057349],[-73.93512878131628,40.83236353447711],[-73.93511398341465,40.832365777339916],[-73.93507789246162,40.831941623611534],[-73.93509565184875,40.831942381267204],[-73.93508783728582,40.8318591983502],[-73.93506824974095,40.83170406762599],[-73.93504103028233,40.831474283556936],[-73.93486348275142,40.83005834140783],[-73.93483087208486,40.82980843705196],[-73.93479881905724,40.829792309149845],[-73.93480080676976,40.82977283275263],[-73.934789962788,40.829768324076966],[-73.93479293827941,40.82975634024975],[-73.93478111085878,40.82974059266486],[-73.93477028229685,40.829720361694406],[-73.93475944294418,40.82970012100038],[-73.93476343288322,40.829657403948794],[-73.93474372525105,40.82963716811997],[-73.9347393083098,40.82960906094416],[-73.93474919492763,40.82959708136358],[-73.9347373734992,40.829574589425384],[-73.93472260127821,40.829550600495786],[-73.93472557699917,40.82952736927107],[-73.93471476025812,40.82949514357733],[-73.93470100252401,40.829440430800204],[-73.93469412707404,40.82941645521619],[-73.93471288494554,40.82940072544187],[-73.93470504836114,40.829340774690365],[-73.93469321669608,40.8293287736015],[-73.93467597101805,40.82931340221072],[-73.93466228987826,40.82918075994621],[-73.93468302702506,40.82916578733371],[-73.93470769402468,40.8291583097924],[-73.93470080780777,40.829132073631506],[-73.93468107991025,40.82913355777932],[-73.93467714880197,40.829116328548075],[-73.93467025222023,40.829112570426574],[-73.93465447618146,40.82909757696124],[-73.93464959309411,40.82904811940762],[-73.9346619319834,40.829038760294644],[-73.93466295225605,40.829014033311694],[-73.93466495971363,40.8289735668267],[-73.93465611022576,40.82894283638634],[-73.93465515536495,40.8289128585813],[-73.93463641852165,40.82890685964664],[-73.93461640343897,40.82869365579351],[-73.93461171198555,40.82868983576179],[-73.93460260323826,40.828682401237884],[-73.93460883642791,40.82866118918522],[-73.93461052506917,40.82865543568986],[-73.93460804993313,40.8286533630184],[-73.93460065779202,40.82864718171029],[-73.93459873640637,40.82860072400912],[-73.93460192118351,40.8285925492988],[-73.93461159553193,40.8285677551864],[-73.93460917445479,40.828521674968286],[-73.93461017716503,40.82850293629039],[-73.93461219000993,40.82845722914921],[-73.93460433489878,40.828428002794894],[-73.93460731363092,40.82840102556392],[-73.93460043185588,40.82838228241457],[-73.93460834555331,40.8283635575392],[-73.93459750565471,40.82834482035372],[-73.93460048488119,40.82832833398528],[-73.93459360040826,40.828301351160285],[-73.9345867414778,40.82825938499262],[-73.93459562914437,40.82825114985751],[-73.93458676210477,40.82823840327921],[-73.9345917047489,40.82822716756001],[-73.93459763971535,40.828208431678696],[-73.9345887726729,40.828195693476665],[-73.93458684240785,40.828156719068986],[-73.93456513010294,40.82816270394697],[-73.93455810179822,40.82811740328054],[-73.93454586266007,40.82804816146435],[-73.9345423063815,40.82802687031321],[-73.93453258880562,40.827968558361945],[-73.93452175638006,40.82790780059414],[-73.9345389813401,40.82790347317352],[-73.9345318309276,40.827849402043604],[-73.93452076528119,40.82776568965124],[-73.93451590672413,40.827728930758674],[-73.93442396339046,40.82704289397231],[-73.93448291058755,40.82703709277896],[-73.93446426549448,40.82684220569625],[-73.93442844400506,40.82646785059161],[-73.93436717955417,40.82582759765614],[-73.93435643452145,40.82582093714452],[-73.93432574289068,40.825232590797214],[-73.93429530732718,40.82464923172552],[-73.93429371670602,40.82449638641485],[-73.93427285440853,40.824438952751535],[-73.9342464289503,40.82416688354001],[-73.9342183480328,40.82379904579035],[-73.93416594530649,40.82307858087113],[-73.9341465766699,40.82302903205064],[-73.93414604382139,40.82302061918059],[-73.93413373625334,40.822800655977005],[-73.93412126165063,40.822647252741916],[-73.93411752612668,40.82252433268862],[-73.9341023336634,40.82220121691691],[-73.93409986738308,40.82213991183871],[-73.93409843799957,40.82210422734402],[-73.93409112517412,40.82199603748773],[-73.93407944723481,40.82180557579647],[-73.9340743435484,40.82171709911047],[-73.93407734095152,40.821694561770215],[-73.93407005522698,40.82155932093437],[-73.93404447476462,40.82117670357457],[-73.93404599779073,40.8211338765204],[-73.93403560443217,40.82095254678013],[-73.93402662334526,40.82081681025566],[-73.93400389615738,40.82039783968172],[-73.93400069207455,40.82033819717488],[-73.93398295705487,40.8199999202019],[-73.93398664640621,40.819968034725335],[-73.93397241531093,40.819729574765844],[-73.9338300916373,40.81971974292724],[-73.93383076840261,40.81959665747747],[-73.93383000629757,40.81949109558749],[-73.93411701628979,40.8195505349107],[-73.93431276753601,40.819629866848786],[-73.9344003987707,40.819667783439066],[-73.93447523610446,40.81969749639639],[-73.93447015541103,40.81959784047529],[-73.93446032007955,40.8194071713944],[-73.93445248158015,40.819327307071035],[-73.9344362759638,40.8191522369075],[-73.93442913125868,40.819123401231074],[-73.93433846858034,40.8187574752363],[-73.93429487719855,40.81890498677659],[-73.93423575984355,40.81864931975367],[-73.93408481947195,40.81793086250987],[-73.93407463845418,40.81782651394801],[-73.93412816606748,40.81773396351836],[-73.93423519483304,40.817554881717676],[-73.93445400072711,40.81718852906122],[-73.93463790184465,40.81690804897745],[-73.93487343768776,40.816527848019994],[-73.93575548122583,40.815325584296794],[-73.93599371262924,40.814988693569795],[-73.9360507651192,40.81490801561903],[-73.9361355433089,40.81478812764468],[-73.93622962288423,40.814647390967515],[-73.93668854816602,40.81404163072313],[-73.93708163628833,40.81350614105243],[-73.93714398336014,40.81342104144431],[-73.93761714797354,40.81274036533335],[-73.93813552253167,40.812065619231745],[-73.93820642556017,40.81196760479746],[-73.93830924976865,40.811825464011065],[-73.93838748441648,40.81171844357858],[-73.93863753172272,40.81137638907166],[-73.93874394437563,40.81123082056667],[-73.9390175324844,40.81085655687434],[-73.93949397407617,40.810208809533],[-73.939948759109,40.80958141803249],[-73.94040344747809,40.808958096147585],[-73.94086063043315,40.80833426759877],[-73.9413174228129,40.80771334638073],[-73.94177140103841,40.8070890008521],[-73.9449160178555,40.80841350378149],[-73.94499360605086,40.80844618384178],[-73.94506102898406,40.80847450034971],[-73.94773985387287,40.809599721616934],[-73.94783892075631,40.80964112780469],[-73.9479230667672,40.809676922967405],[-73.95067975515934,40.81084296435372],[-73.95210125149217,40.811442853501475],[-73.95150537198396,40.81200768564187],[-73.95098203327805,40.81252162978963],[-73.95092865672757,40.81257507153136],[-73.95035019209067,40.813159389290014],[-73.94986218897385,40.8137999804366],[-73.94963702038646,40.81408629724479],[-73.94963688376123,40.81408647844661],[-73.94963674845424,40.814086666014965],[-73.94942552761012,40.814379584095526],[-73.94921410372893,40.814699770984774],[-73.94901859639869,40.81502575482493],[-73.94883939421021,40.8153568260672],[-73.94867681741353,40.81569228651993],[-73.94835601453069,40.816374305618815],[-73.94800732801151,40.81711650889925],[-73.94766641252534,40.817855509991766],[-73.9473495389148,40.818534998223384],[-73.9470362314066,40.81920837200796],[-73.94671831879397,40.81989426803336],[-73.94640289781525,40.82057204268724],[-73.94607828608069,40.821263216061844],[-73.94516004829607,40.82087904397875],[-73.94460364515598,40.821461981187966],[-73.94404986301961,40.82205159210491],[-73.94350594397166,40.82262775327928],[-73.94323581817375,40.82292133503323],[-73.94292366846379,40.82326058775289],[-73.94242953890146,40.82390915693536],[-73.9419556957453,40.82455444112514],[-73.94150312587466,40.82517136739312],[-73.94104840743196,40.82579262960364],[-73.9405947256646,40.82641360453156],[-73.94013953822798,40.82703869055579],[-73.93968952732978,40.827656574227724],[-73.93924885616283,40.82829635121206],[-73.93896034800785,40.82898633046249],[-73.93864026605654,40.82973887442024],[-73.93899743371446,40.829888853366676],[-73.93926612530763,40.82999853179372],[-73.93943428706257,40.83007611669199],[-73.93962569863967,40.83015583738785],[-73.94014131121864,40.83037198888044],[-73.94006947601358,40.83048997494226],[-73.93999744228553,40.830734637505614],[-73.93998396079002,40.830773245785885],[-73.93996168792495,40.83083481315249],[-73.93993407296874,40.83089511891353],[-73.93990123821465,40.83095389597134],[-73.93986433382429,40.83100343314319],[-73.9398236755727,40.83105124478678],[-73.93977940284867,40.83109716697979],[-73.93973047314424,40.831144151676476],[-73.93957215471526,40.831311645623494],[-73.93950544582285,40.83137953288939],[-73.93944593176458,40.831451175214816],[-73.93939397719073,40.831526133667126],[-73.93934990043896,40.83160394899528],[-73.9393139715856,40.83168414444324],[-73.93922856097772,40.831907802483514],[-73.93918842274455,40.83199755090555],[-73.93915027895576,40.83208017956926],[-73.93910667017161,40.832161233540376],[-73.93905770848046,40.832240504448],[-73.93894859700762,40.832417336328064],[-73.93877360195481,40.83266321266225],[-73.9385804997354,40.832898676008305],[-73.93848743114563,40.83299450440286],[-73.93839095601098,40.833088369194236],[-73.9382911460965,40.833180200544994],[-73.93818807523276,40.83326993002771],[-73.93808182051336,40.833357490973825],[-73.9379724609834,40.833442818235106],[-73.93729533199006,40.83397591920848],[-73.93700641578585,40.8341931111853],[-73.93660364645432,40.83451301667631],[-73.9357262417768,40.8351563472692],[-73.93530787937625,40.83547772543572],[-73.93506336254389,40.83567765880969],[-73.93496274110625,40.835759935252646],[-73.93485595040315,40.83585697518646],[-73.93467393002148,40.83606490323896],[-73.93463510507978,40.83605019274695],[-73.93445239353248,40.83598096014984],[-73.93446697910218,40.83595775699737],[-73.93445377234241,40.83593526309501],[-73.93444877564322,40.83591143450398],[-73.9344517053741,40.83590029914291],[-73.93445684398527,40.83588963538656],[-73.93446407045238,40.83587969438437],[-73.93447321457913,40.83587071026383],[-73.93448406100515,40.835862894616156],[-73.93449635427865,40.83585643151273],[-73.93450980487205,40.83585147317049],[-73.93453869935644,40.83581622813848],[-73.93454550794839,40.83579712673945],[-73.93455055397723,40.83576949201253],[-73.93456637664846,40.83574381421554],[-73.93457313780561,40.835742593835725],[-73.93457952060335,40.83574050623453],[-73.93458533381349,40.835737613956304],[-73.93459040327329,40.83573400365327],[-73.93459457710226,40.83572978348984],[-73.93459773025299,40.83572507990164],[-73.9345997682577,40.83572003380761],[-73.9346006300583,40.835714796388146],[-73.93460028983584,40.83570952455557],[-73.9346191349238,40.835684756109444],[-73.93464163907127,40.83567991938247],[-73.93467363613819,40.83565615129378],[-73.93467510914539,40.835626676799585],[-73.93470757260722,40.83559803653266],[-73.9347339324972,40.835587567638875],[-73.93475278250976,40.83555994071274],[-73.93475657295762,40.83553230526538],[-73.93478046231697,40.83548371439528],[-73.93477424314923,40.83542748265067],[-73.93477300861923,40.83540746803833],[-73.93478684030035,40.835377932348095],[-73.93482072984594,40.83536746836144],[-73.93484813571963,40.83535143220752],[-73.9348698506775,40.835332715633804],[-73.9348946004199,40.8352540431225],[-73.9349153357865,40.83523082193901],[-73.93493620828455,40.835080217651715],[-73.9349422585534,40.83502687541744],[-73.93495859566961,40.834882778542315],[-73.93497941208675,40.83478912095118],[-73.93498833140738,40.834748657391266],[-73.9349508717845,40.83470667336786],[-73.93495775984093,40.83468276036353],[-73.93496523015511,40.834656848456426],[-73.93496624164247,40.83462912264331],[-73.93497316061227,40.83462163453921],[-73.93497219073575,40.83460814429516],[-73.93499389736705,40.83459766568069],[-73.93503060323974,40.83439236534145],[-73.93503612427708,40.83429832034356],[-73.93503124118651,40.83424886234714],[-73.93504212490845,40.83421139923468],[-73.9350764443672,40.83392404328687],[-73.93506958098244,40.83388731750238],[-73.93508341297209,40.833865596929414],[-73.93509687471865,40.83371535729497],[-73.93509690469148,40.83368463191003],[-73.9351038425559,40.83365765691801],[-73.9351124510007,40.833425739073654],[-73.9351174304808,40.833377034281604],[-73.93512041704271,40.83335380306763],[-73.93513225848734,40.83334482290519],[-73.93512636041808,40.83332608085905],[-73.93512935500891,40.83329460948012],[-73.93512443552916,40.8332811176828],[-73.93513826819081,40.83326014375588],[-73.93513729127854,40.83324141318875],[-73.9351304030063,40.833228667273666],[-73.93512154973723,40.83320169227426],[-73.93512352949845,40.83318969900646],[-73.93511565826194,40.83317620487798],[-73.93513243602678,40.83316272511794],[-73.93513935847687,40.833151491503116],[-73.93512752379401,40.83314248880928],[-73.93512465984583,40.83305106902952],[-73.93512171853354,40.83302859034775],[-73.93511580879876,40.83302184217274],[-73.93511187882297,40.83300310072944],[-73.93511979365462,40.832983628676956],[-73.9351178302051,40.83296713952724],[-73.93512376770067,40.83294541299695],[-73.93512085547357,40.832904195768705],[-73.93513170518379,40.8329026976739],[-73.93514455114395,40.832884722036724],[-73.9351672529468,40.832874991773515],[-73.93516480840945,40.83285288326448],[-73.93515659173437,40.8326824057349]]]]},"properties":{"nta2020":"MN1002","ntaname":"Harlem (North)"}},{"type":"Feature","geometry":{"type":"MultiPolygon","coordinates":[[[[-73.94103496795258,40.79254666917791],[-73.93864883146107,40.79155775480549],[-73.93819346828454,40.79218819474575],[-73.93773611991232,40.79281580410147],[-73.93679209194667,40.79240392925624],[-73.93555312751045,40.79184222557399],[-73.93539920746304,40.79197068945409],[-73.93529038061364,40.79187313717634],[-73.935240607788,40.791833875513476],[-73.93519360465874,40.791797999058126],[-73.93513822041692,40.7917528346312],[-73.93510751461542,40.791729199490845],[-73.93508309445134,40.79170961746699],[-73.93505405969788,40.79168623135817],[-73.93510764491633,40.79164888869991],[-73.935171824516,40.79160473956765],[-73.93526809778344,40.79152802630314],[-73.93526500788931,40.7915257634814],[-73.93519039296174,40.79147116012929],[-73.93546762088405,40.79126365205773],[-73.93553896695929,40.79131869365993],[-73.93583106788897,40.79109470487044],[-73.93602391823829,40.79082912762354],[-73.93632010870559,40.790425958151324],[-73.93669302210014,40.78991304915926],[-73.93706168747107,40.78941358971109],[-73.93705304512744,40.78940641675728],[-73.93708104382291,40.78936639571018],[-73.93707246262223,40.78934584188634],[-73.93701479686683,40.78932128168766],[-73.9361407331407,40.788949073913244],[-73.93612836235297,40.78893853005985],[-73.93612689213508,40.78892686848783],[-73.93621859869943,40.788800497574485],[-73.93622751229212,40.78879561294966],[-73.93624303324994,40.78879577465485],[-73.93714965461052,40.78916844956227],[-73.93722890167288,40.78899630803735],[-73.93739788609345,40.788621719341045],[-73.93741675677477,40.7885797610139],[-73.93754989162562,40.78828374452899],[-73.93763482912324,40.78809424431239],[-73.93768669385376,40.78797356057918],[-73.9376956302226,40.78795729352065],[-73.93774122176144,40.78785390485362],[-73.93777363255053,40.78778335856532],[-73.93781722692903,40.78768846868105],[-73.93794768910857,40.78747729942904],[-73.93794590851304,40.78746915825289],[-73.93795930775185,40.78745627993022],[-73.93797181735226,40.78743187388488],[-73.93811570089716,40.78718476275656],[-73.93813356193037,40.78716578989605],[-73.93819429625309,40.78709733029996],[-73.93824519951461,40.78704106760569],[-73.93853937331639,40.78671077700028],[-73.93926642644561,40.78588875256475],[-73.93982619696507,40.78525655191311],[-73.93983453997964,40.78525397185674],[-73.93984282390943,40.7852514098616],[-73.93985267603377,40.78524393165036],[-73.939880455607,40.785232375007716],[-73.9398885206169,40.78522352784983],[-73.9399100328247,40.78521196675819],[-73.93992974399404,40.785201766034085],[-73.93995483679325,40.785189522794674],[-73.93998978019029,40.785170477290386],[-73.94001308386677,40.78515687430919],[-73.94002473252587,40.78515347592335],[-73.94004982707635,40.785138513729066],[-73.94006415729037,40.78513103012284],[-73.94011434323865,40.78510382464484],[-73.94014947276226,40.785087255882246],[-73.94018512931089,40.785066201558294],[-73.94020230181297,40.78505918714053],[-73.94022475284191,40.78504515078859],[-73.94023795768307,40.78503713468422],[-73.94026700995506,40.78502210145362],[-73.94036209351322,40.784971984082496],[-73.94045320748533,40.78492287258106],[-73.94053377198207,40.784878771606074],[-73.94055093807795,40.784866741091214],[-73.94058130200904,40.78485370870941],[-73.94059054968368,40.78484668914228],[-73.94062357057605,40.78482965091443],[-73.94067374402148,40.784803597926825],[-73.94071732676353,40.7847805405647],[-73.94072128361546,40.78478054260005],[-73.94074901654395,40.78476751820202],[-73.94076750825941,40.78475749512147],[-73.9407886800606,40.784747449291366],[-73.94083088142574,40.78472742455658],[-73.94102499731875,40.78463522248657],[-73.94108573710604,40.784609167019504],[-73.94111082838901,40.78459714817809],[-73.94113723613098,40.78458311400442],[-73.94117288854771,40.784566076962726],[-73.94144612018889,40.7844314743544],[-73.94152576810184,40.78439090097005],[-73.94167454195741,40.784313830632136],[-73.94185448592167,40.784220747180214],[-73.94201431753095,40.78413758489759],[-73.94217918595554,40.78405136339501],[-73.94231388874364,40.783981165264024],[-73.94239128520914,40.78394072668543],[-73.94243451137065,40.783917830322586],[-73.94246970378653,40.78389646094691],[-73.9425722552491,40.78382472365296],[-73.9426044272356,40.78380183093091],[-73.9426737981823,40.7837537436499],[-73.94278137533362,40.7836781900967],[-73.94286783792664,40.78361865580272],[-73.94293520531122,40.7835721060898],[-73.94301663136883,40.78351486596128],[-73.94311516211339,40.78344617012729],[-73.94316141910545,40.78341182999237],[-73.94320565536934,40.783369842987895],[-73.94323985739699,40.78332785219709],[-73.94327003035721,40.78328815417437],[-73.94331027382064,40.78323318044404],[-73.94334749366351,40.783182033501284],[-73.94339679077277,40.783109502846635],[-73.94344105526409,40.78304918212828],[-73.94355143839495,40.78290350798593],[-73.94354420712477,40.78288052432542],[-73.94364823450802,40.78265616183563],[-73.9436735813055,40.78271662373041],[-73.94376005208356,40.782828932219545],[-73.94383256609856,40.78285908997769],[-73.94389324473693,40.7828877273321],[-73.94395460074938,40.782915520153566],[-73.94405439380174,40.7829643585487],[-73.94464665903752,40.78321787430514],[-73.94472264438717,40.78324757314381],[-73.94592185905542,40.783752798857044],[-73.94644497128868,40.783973179080206],[-73.94708951828564,40.78424490579472],[-73.94784345948781,40.78456375606823],[-73.94877626223455,40.784958235926915],[-73.9493317056096,40.785193126557786],[-73.95033803998145,40.78561715001281],[-73.95092812655976,40.78586538067487],[-73.95129670853079,40.78602007486535],[-73.95222947470891,40.786411550231506],[-73.95246430034467,40.7865104319231],[-73.95255145469024,40.78654858066234],[-73.9526613657382,40.78659502062914],[-73.9534164669038,40.786912571139354],[-73.95371344994429,40.78703758602923],[-73.95416476904342,40.78722756357629],[-73.95577735758026,40.78791392447064],[-73.95528233414731,40.78858445548821],[-73.9551041694836,40.78882207242312],[-73.9548172368436,40.78920474503991],[-73.95439919103121,40.78977490866755],[-73.9538891701477,40.790470499559376],[-73.95343683772941,40.79108514204173],[-73.95316044840521,40.791466881886],[-73.95309827540682,40.79155275291253],[-73.95297740553518,40.791719693670835],[-73.95252222638698,40.7923476228955],[-73.95207127012492,40.79298117248589],[-73.95160265364838,40.79360780661914],[-73.95111102306241,40.79428503582438],[-73.95062885387499,40.79495959204631],[-73.950158211608,40.79558773217438],[-73.94968682842153,40.796216985882914],[-73.94942287749444,40.796606384830774],[-73.94923327016367,40.79687199990534],[-73.94906517792765,40.79710049410603],[-73.94878702678886,40.79748283900475],[-73.9483112532211,40.79812921756641],[-73.94722520736575,40.797671686460475],[-73.94670030839073,40.79745054371757],[-73.94566684625886,40.79700834433947],[-73.94556506648554,40.796964795114846],[-73.94522698753265,40.796820133799315],[-73.9450961463569,40.796763483463714],[-73.94495942782794,40.79670574159556],[-73.94421313756244,40.79638585793353],[-73.94415121599776,40.79635931661898],[-73.94348323961806,40.79607299357228],[-73.94287776087002,40.795821671484106],[-73.94275347928573,40.795770084669144],[-73.94247923025895,40.795656248256954],[-73.94232710803183,40.79559310276925],[-73.9418760457263,40.79540586955281],[-73.94234988027561,40.79475532497736],[-73.94281007232331,40.79413145266516],[-73.94327251058219,40.793488103940284],[-73.94103496795258,40.79254666917791]]]]},"properties":{"nta2020":"MN1101","ntaname":"East Harlem (South)"}},{"type":"Feature","geometry":{"type":"MultiPolygon","coordinates":[[[[-73.9271851473424,40.79734989711528],[-73.92735485441726,40.79731658128903],[-73.92734692252739,40.7972939021206],[-73.92767122620857,40.79721701426642],[-73.92770694127172,40.79729866287719],[-73.92738263624605,40.79737706257546],[-73.9273667559454,40.79734682034461],[-73.9272029970413,40.79738674846966],[-73.9271851473424,40.79734989711528]]],[[[-73.92672091168967,40.800414210943785],[-73.92653846389969,40.80033389881066],[-73.92655351565463,40.80031517292104],[-73.92674263892941,40.80040349947553],[-73.92673683953142,40.80041147097949],[-73.92672526216894,40.80040733832043],[-73.92672091168967,40.800414210943785]]],[[[-73.92666565480394,40.80018271403597],[-73.92669572541307,40.80014697765469],[-73.9272477078927,40.80039295736917],[-73.92711464230625,40.80056375622975],[-73.92706696628478,40.80054301212599],[-73.92716933022416,40.8004058541989],[-73.92666565480394,40.80018271403597]]],[[[-73.92688606021946,40.800840648871706],[-73.9265095486725,40.800657032027345],[-73.926552416761,40.80060482609681],[-73.9268452842956,40.800739647215586],[-73.92683162740748,40.80076552901485],[-73.92686908679453,40.80078367679947],[-73.92699531303118,40.80063617610446],[-73.92704640297914,40.80065174303151],[-73.92688606021946,40.800840648871706]]],[[[-73.9338261413771,40.81935642975051],[-73.93380019473052,40.81834975887419],[-73.93379334625767,40.81777660857989],[-73.93378997399208,40.81715137370182],[-73.93380589881859,40.81651249324727],[-73.93382900884613,40.8155853601877],[-73.93394608825335,40.81558762473934],[-73.93394609933712,40.81557645756487],[-73.93394170146236,40.81556529841845],[-73.93394905857511,40.81555636955869],[-73.93395054151384,40.81554298001014],[-73.93394173470436,40.815531808453926],[-73.93394175021217,40.815516184963535],[-73.93395205657991,40.81549721771684],[-73.93395353730935,40.81548605238922],[-73.93393445709587,40.81547153450912],[-73.93394623227597,40.81544251797652],[-73.93393892276201,40.815415724783264],[-73.93394921255478,40.815401223729445],[-73.93394628434696,40.81539005487072],[-73.93395659090885,40.815372204174004],[-73.93394853112737,40.815348201509046],[-73.93394855439136,40.81532476149821],[-73.9339485843048,40.815294621684956],[-73.93395302092101,40.81526672687848],[-73.93395452158148,40.815235472529416],[-73.93394426378208,40.81520532631963],[-73.93394870283085,40.81517519841308],[-73.93394725313905,40.81515509799593],[-73.93396344530987,40.815129443023686],[-73.93396788302566,40.81510042245209],[-73.9339635051224,40.81506916406515],[-73.9339694135804,40.81503902711474],[-73.93398565957801,40.814947510925016],[-73.93398936930922,40.81491235703109],[-73.93398203685818,40.814895612781314],[-73.93398352753833,40.81487439749659],[-73.93397473519484,40.81484872821351],[-73.93398210661385,40.81482529307857],[-73.93397332647184,40.81478733236306],[-73.93399097511455,40.814775068116816],[-73.93397776416138,40.814758311119306],[-73.93398954202202,40.81473822815893],[-73.93399543936373,40.814719258381636],[-73.93398075656543,40.814704743024635],[-73.93398224834044,40.81468242006788],[-73.93398523963995,40.81462995863854],[-73.93397645065996,40.81460093082546],[-73.93396620950391,40.814565210749066],[-73.93399121978341,40.81452838643432],[-73.93401476726973,40.814483752624966],[-73.93385652572606,40.814481474921614],[-73.93386230972851,40.814249295818115],[-73.93386391449228,40.81419273778626],[-73.93386510261887,40.8141531579558],[-73.93386927846737,40.814101174314196],[-73.93387232548908,40.81406326476346],[-73.93392984600135,40.81334769113657],[-73.93398178986824,40.812814635545415],[-73.93400770204929,40.81260849869744],[-73.93403843917824,40.81234088057376],[-73.93409306691906,40.81196840253098],[-73.93413711416108,40.81171237042213],[-73.93419558749105,40.81139317819568],[-73.93428227801445,40.81082305000624],[-73.93430417398088,40.81048166561276],[-73.93431440507302,40.81032226491149],[-73.93434080971474,40.80992758274973],[-73.9343386458468,40.80956221433414],[-73.9342139101693,40.80905917429541],[-73.93419639195717,40.80903185208522],[-73.9341353262405,40.808736390514376],[-73.93412073484292,40.808656451977626],[-73.93356119245327,40.80760067738646],[-73.93332852361887,40.807318945960574],[-73.9332590953999,40.80723724520688],[-73.93318395639854,40.8071561972947],[-73.93317413539488,40.807145390950126],[-73.93308471749702,40.807026914702284],[-73.9329328832928,40.80687102213407],[-73.93263088267565,40.80655293390704],[-73.93239017119203,40.80629914046613],[-73.93154417434285,40.80539778382942],[-73.9314960419243,40.805351154209],[-73.93147549592479,40.8053280924357],[-73.93146707188332,40.805305969805815],[-73.93144891427829,40.80529764576185],[-73.93143198588065,40.80528195738818],[-73.93140904210988,40.80524691381163],[-73.9313909010205,40.80523307016286],[-73.93130511520292,40.8051316059575],[-73.93126947240515,40.805090554215234],[-73.93115949987322,40.804966940262624],[-73.93112688759328,40.80492267799747],[-73.93111408924754,40.80490435001046],[-73.9310979084433,40.80488117803225],[-73.93107375323181,40.804847051028084],[-73.93103390093881,40.8047944827171],[-73.93102787741594,40.80478249455943],[-73.93097654532366,40.80471563251222],[-73.9309753529656,40.80470549889541],[-73.93095843210773,40.80468704529124],[-73.93093429158846,40.80465291876809],[-73.93090936516813,40.8046193940202],[-73.93082801324279,40.80450996680601],[-73.93080628114511,40.80447400780642],[-73.930716303165,40.80435549733273],[-73.93071028702613,40.80434074466823],[-73.93069577525917,40.80432598756627],[-73.93068733276404,40.804310312725626],[-73.93063902816995,40.804245752960604],[-73.93063179494806,40.804230079513346],[-73.93061004100664,40.80420701568171],[-73.93057261208953,40.80415260421629],[-73.93057263757132,40.80414339237902],[-73.93054243306817,40.8041074178381],[-73.93044280213056,40.80397414959697],[-73.93040536964529,40.803920665657586],[-73.93035344986744,40.80384780424054],[-73.93033292065559,40.80381921361456],[-73.93030876458822,40.803786014865715],[-73.93027860567426,40.80373437972842],[-73.93026171394952,40.80370579413708],[-73.9301917546035,40.803583165190574],[-73.93018329452507,40.80357394771117],[-73.93006020693792,40.8033616486633],[-73.93001261302958,40.80328749842896],[-73.92997373618633,40.8031964674717],[-73.92997862176993,40.80319024488259],[-73.93004460838803,40.8031061122731],[-73.93000931090494,40.80304013465487],[-73.92998288427755,40.802984752494396],[-73.92991008609884,40.80286455074764],[-73.92988948082964,40.80283035745926],[-73.92978668000143,40.80266074871767],[-73.92969251214595,40.802440285948116],[-73.92957693839438,40.80218002571846],[-73.92952043928469,40.80205347961572],[-73.92945366333548,40.801907368333595],[-73.92943654118756,40.801861711857576],[-73.92935435998567,40.80167125043805],[-73.92933126971816,40.801598853991045],[-73.92930220396828,40.80149580134915],[-73.92927487688024,40.80137319023289],[-73.92920817595964,40.80114752061144],[-73.92911838814166,40.801113003729114],[-73.92903490240303,40.801080903852046],[-73.92902671406671,40.80096986031452],[-73.92902123584638,40.800895572561906],[-73.92901644642036,40.80083071554227],[-73.92900788120595,40.80077234912557],[-73.92899994866282,40.800710098195474],[-73.92898618762995,40.80060212311954],[-73.92895348657603,40.80030936798228],[-73.92893763668584,40.80017084377788],[-73.92890152344229,40.79985521416033],[-73.92891942515726,40.79945818699425],[-73.92894396880828,40.79891158893523],[-73.92897121002336,40.79825886057991],[-73.92903640113434,40.79676259460364],[-73.92905461028752,40.796694433867536],[-73.92927936741167,40.79585313952083],[-73.92930773275847,40.79581025745325],[-73.9295305805685,40.79550779885204],[-73.9296829425107,40.7952962342659],[-73.92974594625429,40.79520874873642],[-73.92987485778255,40.79503515622596],[-73.92984244753393,40.79501503835868],[-73.92985144395367,40.7950013999262],[-73.92980955349977,40.79498316629692],[-73.92983254042477,40.79494906164361],[-73.92988740651907,40.79496729260415],[-73.92990139788348,40.794946824865235],[-73.92991636120536,40.79494911263983],[-73.92993735334552,40.79491878628461],[-73.92992039501154,40.794909671827675],[-73.93006881035544,40.794700828605635],[-73.93010771028094,40.79471299156649],[-73.93019664392948,40.79459322384986],[-73.93041980479964,40.79447087234881],[-73.93111408045324,40.79409650134406],[-73.93142758557951,40.79392798838301],[-73.93165821105735,40.793801740439335],[-73.93179292520355,40.79372796128862],[-73.93187500171737,40.79368192184389],[-73.93201001457182,40.79360548617007],[-73.93207886021811,40.79356650833145],[-73.93235128869026,40.79341384565405],[-73.93250920949674,40.79333190154473],[-73.9325385265489,40.79331668213559],[-73.93267239130842,40.793248233275655],[-73.93287712655037,40.79313025187065],[-73.93310683207811,40.79299532820974],[-73.93324587394584,40.79291429653188],[-73.93327131954996,40.79289946335147],[-73.93348489644694,40.792774170830164],[-73.93372790503643,40.792601477868715],[-73.93388785265695,40.79248947701731],[-73.93406997726625,40.79235829327057],[-73.93427221714543,40.79221731630061],[-73.93434032786621,40.79216796805481],[-73.93451042548634,40.79205129464658],[-73.93473881584501,40.791900768202794],[-73.93505405969788,40.79168623135817],[-73.93508309445134,40.79170961746699],[-73.93510751461542,40.791729199490845],[-73.93513822041692,40.7917528346312],[-73.93519360465874,40.791797999058126],[-73.935240607788,40.791833875513476],[-73.93529038061364,40.79187313717634],[-73.93539920746304,40.79197068945409],[-73.93555312751045,40.79184222557399],[-73.93679209194667,40.79240392925624],[-73.93773611991232,40.79281580410147],[-73.93819346828454,40.79218819474575],[-73.93864883146107,40.79155775480549],[-73.94103496795258,40.79254666917791],[-73.94327251058219,40.793488103940284],[-73.94281007232331,40.79413145266516],[-73.94234988027561,40.79475532497736],[-73.9418760457263,40.79540586955281],[-73.94232710803183,40.79559310276925],[-73.94247923025895,40.795656248256954],[-73.94275347928573,40.795770084669144],[-73.94287776087002,40.795821671484106],[-73.94348323961806,40.79607299357228],[-73.94415121599776,40.79635931661898],[-73.94421313756244,40.79638585793353],[-73.94495942782794,40.79670574159556],[-73.9450961463569,40.796763483463714],[-73.94522698753265,40.796820133799315],[-73.94556506648554,40.796964795114846],[-73.94566684625886,40.79700834433947],[-73.94670030839073,40.79745054371757],[-73.94722520736575,40.797671686460475],[-73.9483112532211,40.79812921756641],[-73.94820641449834,40.79827285109815],[-73.94815384258706,40.79834487657826],[-73.94810108960384,40.79841714888387],[-73.94805130136847,40.79848535985418],[-73.94784679052711,40.79876554320329],[-73.94781662986676,40.79880686297187],[-73.94775716402708,40.79888833204076],[-73.9477105589113,40.798952180613256],[-73.94741996169064,40.79935029529558],[-73.94737599778541,40.799410524720415],[-73.94732771426395,40.79947667147845],[-73.9472801823128,40.79954178928645],[-73.94697366652677,40.799961703412265],[-73.94646133719719,40.800665306384424],[-73.94596789661182,40.80134239517225],[-73.94550863852011,40.80197023174208],[-73.9450512789632,40.80259859871724],[-73.94475976480123,40.8030030414929],[-73.9445991520805,40.80322504834261],[-73.94470926046543,40.80327192790195],[-73.94561836397996,40.80365897805453],[-73.94620045768927,40.80390652243227],[-73.94573321239875,40.80453203335629],[-73.94527043727432,40.805168369060944],[-73.94480742947475,40.8057888091633],[-73.9443558695654,40.8064135879114],[-73.94377476780275,40.80617059265475],[-73.94315770319467,40.805912805239146],[-73.942855501546,40.80578655495585],[-73.94275367162054,40.80574401279446],[-73.94226311088802,40.80641573824753],[-73.94177140103841,40.8070890008521],[-73.9413174228129,40.80771334638073],[-73.94086063043315,40.80833426759877],[-73.94040344747809,40.808958096147585],[-73.939948759109,40.80958141803249],[-73.93949397407617,40.810208809533],[-73.9390175324844,40.81085655687434],[-73.93874394437563,40.81123082056667],[-73.93863753172272,40.81137638907166],[-73.93838748441648,40.81171844357858],[-73.93830924976865,40.811825464011065],[-73.93820642556017,40.81196760479746],[-73.93813552253167,40.812065619231745],[-73.93761714797354,40.81274036533335],[-73.93714398336014,40.81342104144431],[-73.93708163628833,40.81350614105243],[-73.93668854816602,40.81404163072313],[-73.93622962288423,40.814647390967515],[-73.9361355433089,40.81478812764468],[-73.9360507651192,40.81490801561903],[-73.93599371262924,40.814988693569795],[-73.93575548122583,40.815325584296794],[-73.93487343768776,40.816527848019994],[-73.93463790184465,40.81690804897745],[-73.93445400072711,40.81718852906122],[-73.93423519483304,40.817554881717676],[-73.93412816606748,40.81773396351836],[-73.93407463845418,40.81782651394801],[-73.93408481947195,40.81793086250987],[-73.93423575984355,40.81864931975367],[-73.93429487719855,40.81890498677659],[-73.93433846858034,40.8187574752363],[-73.93442913125868,40.819123401231074],[-73.9344362759638,40.8191522369075],[-73.93445248158015,40.819327307071035],[-73.93446032007955,40.8194071713944],[-73.93447015541103,40.81959784047529],[-73.93447523610446,40.81969749639639],[-73.9344003987707,40.819667783439066],[-73.93431276753601,40.819629866848786],[-73.93411701628979,40.8195505349107],[-73.93383000629757,40.81949109558749],[-73.9338277742164,40.81941549542161],[-73.9338261413771,40.81935642975051]]]]},"properties":{"nta2020":"MN1102","ntaname":"East Harlem (North)"}},{"type":"Feature","geometry":{"type":"MultiPolygon","coordinates":[[[[-73.91639852914044,40.79768484203922],[-73.91545470966419,40.7970634660312],[-73.91443827233297,40.79566551786403],[-73.91380428276814,40.79451184645612],[-73.9137838537053,40.79383628598483],[-73.91459208401567,40.79277660246142],[-73.91514134426232,40.79201248198994],[-73.91535698910359,40.79184304950793],[-73.91552117846275,40.79178325024954],[-73.91630574681669,40.79111748033449],[-73.9161708792398,40.791014293373976],[-73.91686540584884,40.79036206346435],[-73.91707923528288,40.790456674725235],[-73.9171062224675,40.7904686172391],[-73.91784071922031,40.79017131993766],[-73.91812330871126,40.7900402399344],[-73.91843338465661,40.78980396433693],[-73.9185629977498,40.78969533382608],[-73.91859001366844,40.78947410340624],[-73.91850876959032,40.78942509027215],[-73.92189248128827,40.78570327014595],[-73.92199539273011,40.78575607831271],[-73.92219098057228,40.78551067207658],[-73.92243512114936,40.78478283756521],[-73.92285203280137,40.78355569341788],[-73.92306473139391,40.78334288477453],[-73.924011457827,40.782660689322626],[-73.9240136473876,40.782657643982745],[-73.92406208829235,40.782590277949645],[-73.92412113996787,40.782523074010996],[-73.92423621875935,40.78249691458435],[-73.92424754901657,40.78249433912676],[-73.92431077958685,40.78245595655448],[-73.92448052280362,40.78232049114861],[-73.92467329671872,40.78224486000119],[-73.92488394771702,40.782222582773805],[-73.92506087908752,40.78221629447564],[-73.92514021519146,40.7822437675959],[-73.92515351840345,40.782248374808034],[-73.92524195308027,40.78227404935138],[-73.92538939087945,40.78227414490166],[-73.92571808678522,40.78217655794476],[-73.92713754068623,40.78119426862376],[-73.92732422574852,40.781090629324446],[-73.92754410768622,40.78105063439671],[-73.9276039547454,40.781039748349215],[-73.9276965061651,40.78101478553313],[-73.92778746495141,40.78098985883536],[-73.92810118899118,40.78092032054433],[-73.92849269407039,40.781008353982685],[-73.92917352724466,40.78141057921209],[-73.9303098812945,40.78207733579082],[-73.93063819536843,40.7822614135508],[-73.93105352653514,40.782396594571026],[-73.93267080610364,40.78269364029511],[-73.93502345068339,40.783006382531234],[-73.93540566196114,40.783394499267764],[-73.93581299666373,40.78371008153699],[-73.93598225918352,40.78394236877618],[-73.93607064616933,40.78421721629056],[-73.93605332620248,40.7845123684881],[-73.9360027115254,40.784675371309746],[-73.93591823839989,40.78480688063369],[-73.93579345216511,40.78525478197356],[-73.93576384680703,40.78544603929216],[-73.9357126586545,40.78568048949198],[-73.93312843380782,40.788710179987795],[-73.93269605998155,40.789178223664535],[-73.9324014544746,40.78972029117512],[-73.93224073196632,40.789694850239755],[-73.93210528957296,40.78983395261053],[-73.93147595263682,40.790479159257735],[-73.93084178651056,40.79099143050377],[-73.93072940415645,40.79095511443051],[-73.92978442942226,40.79134147522634],[-73.92972400693692,40.79136617884529],[-73.92966610476422,40.79135578712284],[-73.9287194892678,40.79094353251261],[-73.92859459781792,40.79096692497377],[-73.92807273575714,40.79082339078068],[-73.92737326765916,40.790810825836516],[-73.9269225825702,40.790788694009464],[-73.92680823694616,40.79076444037111],[-73.92666714346049,40.790734513787456],[-73.92641834043047,40.790693375884715],[-73.92625431448607,40.79069453351979],[-73.9261041018663,40.79073160762008],[-73.9260623796071,40.7908278490169],[-73.92606557868457,40.79093651775747],[-73.9260858757356,40.79100380887026],[-73.92608911414781,40.79109178090749],[-73.92604469764133,40.79117711149585],[-73.9260479360081,40.79126508319685],[-73.92608660462263,40.79135367719552],[-73.92611233678316,40.79141262802827],[-73.92615293285417,40.791547210224046],[-73.9261596038363,40.79161966157355],[-73.92615942249715,40.791715389497426],[-73.92627168524756,40.79175690908866],[-73.9264418232355,40.79179590506725],[-73.9265472965412,40.79182706583135],[-73.92656766185677,40.79185813478102],[-73.92651312053377,40.79189688526521],[-73.92627826337043,40.79187851860323],[-73.92614555630412,40.791847325403396],[-73.92592763081436,40.791875546887084],[-73.92576426132041,40.79185725726301],[-73.925635569075,40.791822157700565],[-73.92558729813425,40.79182083157679],[-73.92558041107951,40.79185446650807],[-73.92560756026242,40.79189590746655],[-73.92616939779387,40.79189922370766],[-73.92642805817883,40.791956491046356],[-73.92662898356902,40.79194639842008],[-73.9266666236929,40.79194019060847],[-73.92673798802822,40.79192842329431],[-73.92670074590112,40.791832621154384],[-73.92663954546589,40.79179113499645],[-73.92657824743144,40.79179364485905],[-73.92650678778645,40.791772849152245],[-73.92636742573532,40.791661388335136],[-73.92633032267265,40.791503476556635],[-73.92634451435359,40.79124728962145],[-73.9264265427168,40.79111023509141],[-73.92648802898653,40.79102232480272],[-73.9265658472775,40.790979502215386],[-73.92670272173997,40.790968159772376],[-73.92673885500055,40.79097412067418],[-73.92682874565172,40.79098895265621],[-73.92694455985608,40.7909993820248],[-73.92701950679614,40.79099942950581],[-73.92711487726501,40.79101502446079],[-73.92716599667955,40.790996933404614],[-73.92724094141263,40.79099698074022],[-73.92731587858611,40.791007384928655],[-73.92738061502072,40.790997068828986],[-73.92743856820026,40.790960857748445],[-73.92751010672687,40.79096090276455],[-73.92756120566025,40.790963523825155],[-73.92756754976591,40.790963170983716],[-73.92765318945972,40.79095840339868],[-73.92778409928432,40.790941604324445],[-73.92786889152922,40.79095483863406],[-73.92789328642768,40.79097884668058],[-73.92790202719486,40.79100981883426],[-73.92791053566319,40.79103914658272],[-73.92789374344297,40.79109111142012],[-73.92765982740009,40.791348335032964],[-73.92757830229536,40.79146047473934],[-73.92732065620426,40.79174316045922],[-73.92727664424143,40.79176732801466],[-73.92723285964254,40.791791368377694],[-73.92713563728074,40.791929306603336],[-73.92780141340143,40.79199747926172],[-73.92800053440226,40.79213364090627],[-73.92826720207927,40.79232852445038],[-73.92833773179234,40.792856549777454],[-73.92834291137382,40.792918058576795],[-73.92834212708986,40.79297969032964],[-73.92833538316883,40.79304111148808],[-73.92832271609186,40.793101989643],[-73.92829530976809,40.79316116875448],[-73.92826520855155,40.79321287506602],[-73.92735331992384,40.79446189460912],[-73.92726057170684,40.79472983379293],[-73.92724376504256,40.794779176730664],[-73.92709782667097,40.79510360546278],[-73.92705122724003,40.7951784929951],[-73.927011585341,40.795255659676805],[-73.92697909251402,40.79533473270442],[-73.92695390576304,40.795415330063044],[-73.92693614679627,40.795497062372476],[-73.92692590143857,40.795579534767626],[-73.92692321921508,40.79566234880654],[-73.92690492573979,40.79598385187031],[-73.92689127294625,40.796223897991965],[-73.92689066829647,40.79623452422153],[-73.9268896782797,40.7962520113604],[-73.92695192289807,40.79670843295423],[-73.92703845583367,40.796988796419726],[-73.92711806812495,40.797203861737465],[-73.92718514690121,40.79734989744999],[-73.9272029970413,40.79738674846966],[-73.92721689169032,40.79741543349737],[-73.9272772026882,40.797407453818856],[-73.9274392203096,40.79771053871783],[-73.92747588537284,40.79812290033482],[-73.92726293136896,40.79891864562384],[-73.92700154655638,40.799618984986196],[-73.9269199561581,40.7998375909802],[-73.92690105312077,40.799888236848915],[-73.92688261600044,40.79994076850246],[-73.926854101726,40.79998755954885],[-73.92680607643467,40.800035901040445],[-73.92669572541307,40.80014697765469],[-73.92666565480394,40.80018271403597],[-73.92655351565463,40.80031517292104],[-73.92653846389969,40.80033389881066],[-73.92650250187273,40.80037491780916],[-73.9266847062109,40.80045475775858],[-73.926552416761,40.80060482609681],[-73.9265095486725,40.800657032027345],[-73.92588046205488,40.801551741925444],[-73.92582494550494,40.80164249028044],[-73.92577551723554,40.80173060099595],[-73.925698261787,40.80181087135076],[-73.92549293492971,40.80195616932098],[-73.9252903042699,40.80199558626753],[-73.92527521020176,40.80199852224094],[-73.92436044107556,40.80198555341911],[-73.92263378594822,40.80186873864386],[-73.922155388988,40.80162646997504],[-73.92191092229626,40.80150266575118],[-73.92133752419392,40.80085210649725],[-73.9211359464301,40.80047545959373],[-73.92103317578996,40.80026528185782],[-73.92083898713122,40.80001259800685],[-73.92057878116655,40.79966814846049],[-73.92035479893731,40.79942285236074],[-73.9203146552122,40.79937545929022],[-73.91923785764347,40.798881067683],[-73.91914573748237,40.79883898734614],[-73.91906560282126,40.798802797319524],[-73.91899496843494,40.79877184270211],[-73.9189872445785,40.79876971222003],[-73.91891076100626,40.7987401378659],[-73.91797992058127,40.798380202430266],[-73.91790279811006,40.79836265272912],[-73.91662985181601,40.7978581399394],[-73.91639852914044,40.79768484203922]]]]},"properties":{"nta2020":"MN1191","ntaname":"Randall's Island"}},{"type":"Feature","geometry":{"type":"MultiPolygon","coordinates":[[[[-73.93139355315752,40.84742823140969],[-73.93185010207398,40.846802633941884],[-73.931915072888,40.84671052361182],[-73.93198004351923,40.846618416091495],[-73.93201002948496,40.846575966035545],[-73.93204002689272,40.84653350726701],[-73.93207258053842,40.846495679677886],[-73.93210093593626,40.84645773049894],[-73.93218663369642,40.84634306745018],[-73.93224030048655,40.84626460312289],[-73.93232515234308,40.846153901906696],[-73.9327702041393,40.84554110663344],[-73.93315044085297,40.84502194338439],[-73.93323248402031,40.844909922277644],[-73.93371553768901,40.84424637517044],[-73.93421198409375,40.843568903847924],[-73.93440841925828,40.84330718156176],[-73.93467106292498,40.84295724362522],[-73.93514017328262,40.84231167399177],[-73.93556697174414,40.84171252755808],[-73.93561105018428,40.84160899536755],[-73.93561108491222,40.84160889671544],[-73.93561111036642,40.84160880727199],[-73.9356366493592,40.84150019528328],[-73.93563666110339,40.84150014034205],[-73.93564243511251,40.841389446725955],[-73.93564244828502,40.84138928373272],[-73.93564242460909,40.84138913110541],[-73.9356283010943,40.84127961479759],[-73.93562826648522,40.84127936282252],[-73.93562818379775,40.84127910093682],[-73.93559506228495,40.8411734005961],[-73.93543637028168,40.84075133160877],[-73.93529543123057,40.84047481915926],[-73.93519180546716,40.840335688277094],[-73.93519169928565,40.84033554431456],[-73.9351916156034,40.84033540053215],[-73.93510666548438,40.84018372733794],[-73.93504376710875,40.84002162122273],[-73.93504374333817,40.84002156743425],[-73.9350437325828,40.84002151298293],[-73.93500577712398,40.83985201080707],[-73.93500575273647,40.839851911451724],[-73.93500574203395,40.83985180272278],[-73.9349946235284,40.839678217188016],[-73.9349946236068,40.83967813694421],[-73.93499463603864,40.83967805570213],[-73.93501119207399,40.83950397313492],[-73.93505508758803,40.839333236833134],[-73.93512471704157,40.83916963860189],[-73.93512477630719,40.83916948484833],[-73.93512487130586,40.839169332287625],[-73.93521769444548,40.839015921765174],[-73.93521772912962,40.83901586733942],[-73.93521776534736,40.83901582346852],[-73.93533051840961,40.83887504093211],[-73.9353306131628,40.83887491299703],[-73.93533073260944,40.83887479680249],[-73.93545962139885,40.83874840426462],[-73.93563711269493,40.83863142004595],[-73.93580416610631,40.838504977044],[-73.93595950279797,40.83836989914566],[-73.93610200438894,40.83822716981306],[-73.93623075692037,40.838077856887345],[-73.93638316770861,40.83785012505289],[-73.936690785677,40.837193249531914],[-73.9370235386851,40.83646894776566],[-73.93738281059397,40.83569072939138],[-73.93775116167781,40.834890577443],[-73.93786201267325,40.83463727571043],[-73.93789559160818,40.83454677449947],[-73.93793620159748,40.83445795132437],[-73.93798369868345,40.83437112099205],[-73.93803791450115,40.83428659124487],[-73.93809865687524,40.8342046616708],[-73.93816571059287,40.83412562251815],[-73.93823883790826,40.834049754042766],[-73.93831777962812,40.833977325133176],[-73.93840225595463,40.83390859248647],[-73.93849196747729,40.83384379969924],[-73.93915487819885,40.83327799289722],[-73.93922848233936,40.833231809494904],[-73.93929799650174,40.8331821044905],[-73.93936312916999,40.83312908633482],[-73.93942360720432,40.833072977373035],[-73.93947917698746,40.83301401291141],[-73.93952960549396,40.832952440086636],[-73.93957468123693,40.832888517261615],[-73.93961421519776,40.832822512510184],[-73.93964804159968,40.83275470263606],[-73.93967601860312,40.832685372012314],[-73.93976104123519,40.83250964710598],[-73.94010826344577,40.83203576285561],[-73.94016657822556,40.83196100890902],[-73.94021914473171,40.8318838346847],[-73.94026578947796,40.83180449491187],[-73.94030635910524,40.8317232510275],[-73.94034071910771,40.83164037160256],[-73.94036875609723,40.83155613019526],[-73.94034643247466,40.830457843352235],[-73.94107546914422,40.83076685187595],[-73.94136799449042,40.8308908385851],[-73.94297966110939,40.83156798036181],[-73.94571933544205,40.83272141376794],[-73.945823950866,40.83276546128719],[-73.94592558095874,40.83280648970217],[-73.94827676702766,40.83386545609754],[-73.9489054322004,40.83406529937929],[-73.94897390483271,40.834052228652375],[-73.94934122623076,40.83398211496196],[-73.9495073006004,40.8340427614282],[-73.94967072287912,40.83410501154403],[-73.94979197766321,40.83415015010922],[-73.9498561294789,40.83417935046823],[-73.9499319369267,40.8341984931922],[-73.95007777733062,40.83425180054174],[-73.95021218560021,40.83430311995857],[-73.94988915620442,40.835284720759205],[-73.94979826505175,40.835489841713056],[-73.94978471338229,40.83552043438706],[-73.94974257885995,40.83562808832762],[-73.94973891528029,40.83570565447801],[-73.94971243579302,40.8357749902845],[-73.9496931383176,40.83586258094366],[-73.94968349007459,40.83592188337086],[-73.94968950505314,40.83604113887112],[-73.94969117640198,40.836074277497666],[-73.94968634744704,40.8361098638277],[-73.94965628914025,40.836190939468445],[-73.94964541816809,40.83622025475044],[-73.94962137643174,40.83623210360118],[-73.9496014970852,40.8363050982998],[-73.9495833406583,40.83648393833957],[-73.94954600729329,40.83660437200455],[-73.9495099169601,40.83666548968738],[-73.9494570191996,40.83670561947395],[-73.94938852906171,40.8367156209356],[-73.94932846081275,40.83671925093667],[-73.94929034657018,40.836729292987705],[-73.94928698610985,40.8367327762935],[-73.9492844625906,40.83673664592598],[-73.9492828508898,40.836740787066],[-73.94928219882955,40.83674507683869],[-73.94928252575804,40.83674938795863],[-73.94928382197484,40.83675359250707],[-73.94928604901934,40.83675756572751],[-73.9492891408106,40.836761189727234],[-73.94929300561014,40.83676435697556],[-73.94929752874212,40.83676697349444],[-73.94930257599711,40.836768961646854],[-73.94937713355948,40.8367803344201],[-73.94943994696526,40.83679169931707],[-73.94944230013112,40.83679215701864],[-73.9494973993622,40.836814981489646],[-73.94954210438263,40.83687963242816],[-73.94918058897858,40.83786401012183],[-73.94915234129328,40.837933552055325],[-73.94900459767892,40.83842558853372],[-73.9489289116868,40.8386434262863],[-73.94883961914937,40.83887563584396],[-73.94875763667562,40.83902023698017],[-73.94865775026906,40.83930134471578],[-73.94856054520555,40.83956488465931],[-73.94849640289021,40.8396675936753],[-73.94842860791535,40.83986085415088],[-73.94833417923772,40.839997335383686],[-73.94827449893778,40.84006354015973],[-73.94823352622083,40.84011759627016],[-73.94807484255465,40.840466259478085],[-73.94796701014087,40.84065410769636],[-73.94786003452222,40.840896013090365],[-73.94776196087692,40.84112575683409],[-73.94770934809952,40.841263606866335],[-73.94760600401781,40.84140954768248],[-73.94755609818525,40.8415286678734],[-73.94748896929345,40.841697463379276],[-73.94738322154296,40.841940825299524],[-73.94727430439121,40.8420517829702],[-73.94721047555672,40.84210112669695],[-73.9471678822236,40.84215909904353],[-73.94713367972285,40.84225862361041],[-73.94712053311115,40.84228559643832],[-73.9471071517441,40.84230678757907],[-73.94696012382835,40.84253957012697],[-73.94693502862846,40.84261919750441],[-73.94686918645327,40.842704822391894],[-73.94678768212559,40.84281512798163],[-73.94675510074843,40.84288846101319],[-73.94670984756607,40.842944124651765],[-73.94661642596199,40.843020098338236],[-73.94654808278268,40.8431199811596],[-73.94645858066659,40.843254383261],[-73.94636919991535,40.843454779954925],[-73.94631349566387,40.84355976993658],[-73.94624891918149,40.843671205081336],[-73.94619788899439,40.843754098465645],[-73.94612625578611,40.843888568769465],[-73.94612416421772,40.843892496557295],[-73.94611933577549,40.84400473749423],[-73.94609745833881,40.84405505204745],[-73.9460941517214,40.844097355751735],[-73.94611365510724,40.844196277526365],[-73.94611699818816,40.8442249656694],[-73.94609316413097,40.844291148653056],[-73.94610537772549,40.84434972213298],[-73.94608425805833,40.844468181965304],[-73.94609124077466,40.844498801346205],[-73.94607880557088,40.844597670328504],[-73.94610929980433,40.84485857499098],[-73.94612272152818,40.844879554213485],[-73.94612836835347,40.8449118066563],[-73.94614692398876,40.844939757423624],[-73.94616018788953,40.84502984542254],[-73.94616086907159,40.84512582705805],[-73.94619138728365,40.845197972276914],[-73.9462057455364,40.84523179311304],[-73.94622271166769,40.845259166341506],[-73.9462106518648,40.84533362513203],[-73.94617704779198,40.84536591521311],[-73.94617174983877,40.84539289158086],[-73.9462068247284,40.84546174573945],[-73.94623062385455,40.845576980242214],[-73.94627664957966,40.84569065991859],[-73.94630774814597,40.845740934326216],[-73.94643878255471,40.845885922923586],[-73.94646620992513,40.8458812604071],[-73.94647950512906,40.845919777570714],[-73.9464454448152,40.84592148809323],[-73.94648387687192,40.84596468781636],[-73.94651730200566,40.845995184403925],[-73.9465038958519,40.84602819976784],[-73.94645597912805,40.84605816509633],[-73.94642581953691,40.84606333812598],[-73.94634839393164,40.846156448606685],[-73.94635078049971,40.846240330786884],[-73.94640288265272,40.84636129162252],[-73.94643643817498,40.84643991999439],[-73.94647353057941,40.84652861766109],[-73.94651683205107,40.84659313985086],[-73.94664058276601,40.846684894539536],[-73.94671767879166,40.846824758247394],[-73.94678956849305,40.8469967493455],[-73.94682445342679,40.847134261567405],[-73.9468093526662,40.84728844663765],[-73.94678220543963,40.847353389196925],[-73.9467493384273,40.847405959839904],[-73.94669858704907,40.847497393872544],[-73.94668576853819,40.84772839454191],[-73.9466560643457,40.84788332098629],[-73.9466405820575,40.84793929265327],[-73.94662285734383,40.84814551898912],[-73.94662027748582,40.84821401783136],[-73.94661949998924,40.8482784254096],[-73.94664422572272,40.84839933388556],[-73.94665040763176,40.848667604217006],[-73.9466785376535,40.848837459595785],[-73.94663550012669,40.84891242505988],[-73.94665064310523,40.84900501041187],[-73.9466649962483,40.84904569410111],[-73.94670601762954,40.8490943777998],[-73.94672051176093,40.84923178291444],[-73.94673313406388,40.84926749721469],[-73.94675656427756,40.849302667695284],[-73.94681164673382,40.84935193378896],[-73.94683872036457,40.84938282135117],[-73.94685525004344,40.84942768019985],[-73.9468547984756,40.849539471265196],[-73.94688244417446,40.84959284156941],[-73.94689505793248,40.849639453583485],[-73.94690063210716,40.84967414825307],[-73.94696652237195,40.84981517403287],[-73.94695922943849,40.84984895798814],[-73.94695108849986,40.84985916446581],[-73.94695222118354,40.849890097359484],[-73.94699578658114,40.84995592429244],[-73.94695814474134,40.849985259952],[-73.94696706524539,40.849995665920936],[-73.94698516576945,40.849994532568175],[-73.94702782428541,40.85004183181232],[-73.94702536104886,40.85006211459096],[-73.9470052735769,40.85008186777391],[-73.94697447080125,40.8500898950812],[-73.94695342915082,40.85009773522227],[-73.94696404495703,40.85011165577565],[-73.94698645041262,40.850118829880465],[-73.94701781633282,40.850126996485145],[-73.94702897203624,40.85014475943125],[-73.9470192100038,40.85019509323836],[-73.94704980259199,40.850223349228585],[-73.947043992783,40.85025474649059],[-73.94700406576864,40.85032932870044],[-73.94700459608349,40.85034406799361],[-73.94701110273698,40.85035629215439],[-73.94700167282564,40.85038652011213],[-73.94696441693404,40.850465525818066],[-73.9468779428459,40.85044795335964],[-73.94641552405983,40.850359516444705],[-73.94593853674975,40.85026829046072],[-73.94495375493995,40.85008204558023],[-73.94479972370397,40.850049796916714],[-73.94474842971049,40.85004010223566],[-73.94451220364185,40.849995738698944],[-73.94411970073789,40.8499220230146],[-73.9439977517373,40.84989910982182],[-73.94383926179776,40.84986744404202],[-73.94318719330808,40.84975484263654],[-73.94321687020773,40.849650084707754],[-73.94323551606671,40.849602932168594],[-73.94340331235185,40.8491785976854],[-73.9435353789666,40.84890444484948],[-73.94356001585915,40.84885540082826],[-73.94389000191137,40.848202911438925],[-73.94375673428544,40.84821065749195],[-73.94350148126449,40.848240362165626],[-73.94333691587367,40.84825899164901],[-73.94315092371463,40.84823585660789],[-73.94300437764792,40.848219323767815],[-73.94287516217103,40.84827960986945],[-73.94274225313548,40.84830537878476],[-73.94247970546458,40.84831975503676],[-73.94205395049835,40.84831673359212],[-73.94136449331795,40.848183509053875],[-73.94043650841276,40.84801872017426],[-73.9395235555927,40.84783839774815],[-73.93803616045412,40.8475577549185],[-73.93797506590002,40.8477106603699],[-73.93767236845285,40.848392728976485],[-73.93756678288764,40.848491481782744],[-73.93748661556532,40.84856903509862],[-73.93738855442429,40.84864844988496],[-73.93728604910491,40.84874790786846],[-73.93716376431375,40.84884724693424],[-73.93706978087309,40.848939000601874],[-73.93639683069712,40.849541195841915],[-73.935471081291,40.849144383073906],[-73.9342394627785,40.84862621174438],[-73.9328498482764,40.84803810951876],[-73.93139355315752,40.84742823140969]]]]},"properties":{"nta2020":"MN1201","ntaname":"Washington Heights (South)"}},{"type":"Feature","geometry":{"type":"MultiPolygon","coordinates":[[[[-73.92872643114075,40.86674142822069],[-73.92805770263142,40.86619936424067],[-73.9272691502576,40.86553455981874],[-73.92691040321418,40.86497668959933],[-73.92661948823125,40.86452429402258],[-73.92601092769263,40.86357366450477],[-73.92537318096636,40.86258081516186],[-73.92476434078536,40.86163089268802],[-73.92474153319307,40.861593638251634],[-73.92477916669033,40.861579915171504],[-73.92479253279713,40.8615356974336],[-73.92492832926601,40.86128683504595],[-73.92493538737384,40.86111085670808],[-73.9249684813092,40.860900934495795],[-73.92500890229968,40.86075631455336],[-73.9250216271363,40.86069522678046],[-73.92508675836145,40.860499766838906],[-73.92517550986112,40.86030884714391],[-73.92528690101587,40.860124899778626],[-73.92541941371896,40.85995018157476],[-73.92557098895175,40.859786689851774],[-73.92573921378842,40.85963606588273],[-73.92592136928327,40.85949958923531],[-73.92611457948682,40.859378103660134],[-73.92629698047996,40.85928556473253],[-73.92646882741118,40.85917645492974],[-73.92662633027959,40.859051859616194],[-73.92676602517321,40.85891354134082],[-73.92688494937764,40.85876382317737],[-73.92698091134234,40.858605481672704],[-73.92705257822142,40.858441586574344],[-73.92709952023695,40.85827527101051],[-73.92712221983454,40.858109611880515],[-73.92691117424916,40.85750876152573],[-73.92684027798157,40.85757648658616],[-73.9267728894355,40.8576462455493],[-73.92670910973644,40.857717933744055],[-73.926649034862,40.85779144408309],[-73.92659275472406,40.85786666577949],[-73.92654035378293,40.85794348596434],[-73.92648274481374,40.857997001598555],[-73.92641850269419,40.85804597097048],[-73.92634824644848,40.85808992221054],[-73.92627265305715,40.858128431803124],[-73.92619245093367,40.85816112866778],[-73.9261084129051,40.85818769773536],[-73.92602134876472,40.85820788298415],[-73.9259320973194,40.85822148981359],[-73.92584151876429,40.85822838718913],[-73.92575048592354,40.858228508647],[-73.9256598759993,40.85822185301679],[-73.92557056211807,40.858208484432836],[-73.92548340491632,40.85818853171614],[-73.92539924424668,40.85816218713285],[-73.92531937152052,40.85812716183895],[-73.92524412896908,40.85808665523545],[-73.9251741671325,40.858041017543435],[-73.92511009059051,40.85799064351463],[-73.92505245361208,40.85793596849405],[-73.92500175450839,40.85787746520017],[-73.92469765022813,40.857292283513345],[-73.92466920097628,40.857212700102494],[-73.92464856178317,40.857131740057326],[-73.92463584509629,40.857049844580885],[-73.9246311201874,40.85696745997234],[-73.9246344129766,40.856885035141445],[-73.92464570529467,40.856803019333356],[-73.92466493557401,40.85672185949814],[-73.92469199898966,40.85664199791952],[-73.92477620022007,40.856499119741905],[-73.924866368836,40.85635835645023],[-73.9249624127902,40.85621985168217],[-73.92506423454711,40.8560837465751],[-73.92517172961297,40.85595018018971],[-73.92528478826843,40.85581928881431],[-73.9267993782979,40.85371714613693],[-73.9272393482981,40.853115372658365],[-73.92769565671857,40.85248778277556],[-73.92703315604321,40.852200775102126],[-73.92705666626881,40.85181363792876],[-73.92707982277773,40.85143234338436],[-73.92747680397204,40.850694370799026],[-73.92791138567412,40.850213581061816],[-73.92824918846773,40.84983985458199],[-73.92866655364963,40.84957552930135],[-73.92898242633322,40.84925612249162],[-73.92977312775169,40.84811546118508],[-73.93062107886001,40.84848097743913],[-73.93088430007421,40.84811893848335],[-73.9311615170698,40.847740601687896],[-73.93139355315762,40.84742823140965],[-73.9328498482764,40.84803810951872],[-73.93423946277855,40.84862621174438],[-73.935471081291,40.84914438307387],[-73.93639683069723,40.849541195841915],[-73.9370697808732,40.848939000601845],[-73.93716376431387,40.84884724693424],[-73.93728604910501,40.84874790786842],[-73.93738855442446,40.84864844988496],[-73.93748661556532,40.84856903509862],[-73.9375667828877,40.8484914817827],[-73.93767236845285,40.848392728976485],[-73.93797506589996,40.847710660369856],[-73.93803616045417,40.847557754918455],[-73.9395235555928,40.847838397748106],[-73.94043650841282,40.84801872017426],[-73.94136449331795,40.84818350905385],[-73.94205395049835,40.84831673359212],[-73.94247970546452,40.84831975503676],[-73.94274225313548,40.84830537878472],[-73.94287516217103,40.84827960986945],[-73.94300437764808,40.848219323767815],[-73.94315092371457,40.84823585660784],[-73.94333691587373,40.84825899164901],[-73.94350148126459,40.848240362165576],[-73.94375673428556,40.84821065749191],[-73.94389000191148,40.84820291143888],[-73.94356001585925,40.84885540082826],[-73.94353537896666,40.84890444484944],[-73.94340331235179,40.8491785976854],[-73.94323551606671,40.84960293216854],[-73.94321687020783,40.849650084707754],[-73.94318719330808,40.84975484263654],[-73.9438392617978,40.84986744404202],[-73.94399775173741,40.84989910982182],[-73.94411970073793,40.8499220230146],[-73.94451220364189,40.849995738698944],[-73.94474842971053,40.8500401022356],[-73.94479972370408,40.850049796916714],[-73.94495375493989,40.85008204558023],[-73.94593853674975,40.85026829046072],[-73.94641552405983,40.850359516444655],[-73.94687794284597,40.85044795335964],[-73.94696441627184,40.85046552632033],[-73.94692626404824,40.850528056171115],[-73.94686899614884,40.85058959736146],[-73.94681367325443,40.85064903917797],[-73.94680219628061,40.85066137148604],[-73.9465159021617,40.850968338578106],[-73.94650229461891,40.85097566527329],[-73.94648743452392,40.850981420372925],[-73.94647163441957,40.85098548283357],[-73.94645688375422,40.85098762074498],[-73.94644189200098,40.850988281250125],[-73.94642691469141,40.85098745309082],[-73.94641216089468,40.85098514040497],[-73.94639793168496,40.85098138342172],[-73.9463844711465,40.850976246587436],[-73.94637201017785,40.85096981801814],[-73.94633875378945,40.85094782682745],[-73.94632077412066,40.85092325617453],[-73.94632888036638,40.850904377373034],[-73.94635174194286,40.8508930738082],[-73.94635218637764,40.85086996465743],[-73.94633796356086,40.850852895443765],[-73.94632729794837,40.850846032574445],[-73.94631589827817,40.85083869560621],[-73.94629717304834,40.85083313533108],[-73.94627501496706,40.85084097717317],[-73.9462437464242,40.85088454249249],[-73.94619776917496,40.85090566670626],[-73.94617304480114,40.850957954988424],[-73.94619597814484,40.850974172575235],[-73.94620078322082,40.85103148810554],[-73.94618601249205,40.85103146965708],[-73.94617210619417,40.85105211981528],[-73.94615819227633,40.85104728646912],[-73.94614699837965,40.8510312906286],[-73.94614542501228,40.851007465882134],[-73.94613392284681,40.85098393134115],[-73.94611976647958,40.85096875464435],[-73.9460967019527,40.85096634074573],[-73.94608190501027,40.850980715383784],[-73.94608745879556,40.85100806249675],[-73.94609742395545,40.85103260246993],[-73.94609813157875,40.851033575106655],[-73.94614159383535,40.851093698965215],[-73.9461365365532,40.85115472606474],[-73.94611744105192,40.851172582517314],[-73.94604780286082,40.85118855097158],[-73.94596473439162,40.85117187433406],[-73.94593025783085,40.851189721707364],[-73.94589577454214,40.85118733860124],[-73.94584092799114,40.85116947714695],[-73.94576726165661,40.85116946515477],[-73.94572493994535,40.85119683231856],[-73.9457280636197,40.85122777319004],[-73.94568261912607,40.851226576624754],[-73.94565283626454,40.851211097838814],[-73.94561208079904,40.85123965310502],[-73.94555563975034,40.851320567777144],[-73.94552743024828,40.85132056384169],[-73.94551957908563,40.851362212659325],[-73.94548126448095,40.851371858650694],[-73.94544903734364,40.851427659712265],[-73.94542239540591,40.85142646590332],[-73.94539575400437,40.851415751564076],[-73.94537850253991,40.85142645819614],[-73.9453894688811,40.85145263641191],[-73.945322073382,40.851469288482214],[-73.945312661956,40.85148476251638],[-73.94527975192939,40.8514942774864],[-73.94525311095308,40.85149188685142],[-73.94524369522883,40.85151925872718],[-73.94527268032844,40.851546043228396],[-73.94526640999081,40.85157102855134],[-73.94519586853583,40.85159244593424],[-73.94515355659357,40.851586484607225],[-73.94506578300188,40.851638830603605],[-73.94504382704982,40.85167095733853],[-73.94500620234612,40.85170190075385],[-73.94497798395632,40.851731648003096],[-73.94493252678446,40.85173044225779],[-73.94487731272503,40.851753823266954],[-73.94477702280346,40.85179629023549],[-73.94476577414821,40.85180105290207],[-73.94471445485968,40.85181539412344],[-73.94469380703771,40.85182409427195],[-73.94468765455619,40.85183573436775],[-73.94469269934115,40.85186250585701],[-73.94468978310026,40.851877154047244],[-73.94468324055724,40.85191000995963],[-73.94466721178145,40.85192122600692],[-73.9446323412437,40.85190949654117],[-73.94458845635044,40.851927342848704],[-73.94457747870587,40.851942816069474],[-73.94450381945983,40.851957079452774],[-73.94448658151262,40.85192375812142],[-73.94450316357836,40.85189939763998],[-73.94450515446411,40.85188989851191],[-73.94448761915879,40.851888797822554],[-73.94446197854774,40.85189939088685],[-73.94445368133222,40.85189756825781],[-73.94442232659368,40.85190470473141],[-73.94439725279923,40.8518928021715],[-73.9444066705959,40.85185472009233],[-73.94436749784857,40.85182496177979],[-73.94432518416289,40.85182257643848],[-73.94431733342654,40.85185589389628],[-73.94429068208862,40.85188207432182],[-73.94424522499301,40.851920149365675],[-73.9442107380319,40.85192965572948],[-73.94422169651071,40.851976073392535],[-73.94419660715161,40.85201534181571],[-73.94413391031495,40.85202723009218],[-73.9440712308192,40.85201532013348],[-73.94401323950726,40.85199984366455],[-73.9439912813086,40.85204149105488],[-73.9439599164944,40.85211884132064],[-73.94388153574954,40.85217237720762],[-73.94379610595584,40.852197952461786],[-73.94360072985177,40.85223102071634],[-73.94347978545711,40.85228188194213],[-73.94305902944298,40.852601430147125],[-73.9430264437118,40.852626177871144],[-73.94279838505354,40.852851233890036],[-73.9426099668357,40.85306791474696],[-73.9424736592582,40.85317127730681],[-73.94205514258485,40.85365410745585],[-73.94186996360527,40.853867738940075],[-73.9418277442509,40.853989959627654],[-73.94173105595296,40.85410838854917],[-73.94158158800445,40.854347143808624],[-73.94153736742386,40.85443564409886],[-73.94150213189893,40.85450012674876],[-73.94149762132159,40.85450838436789],[-73.94140980642442,40.854684629983744],[-73.94131311131362,40.854795539252805],[-73.94126592051158,40.85494407828607],[-73.94123366359767,40.85500988797703],[-73.94103277003167,40.85530503814014],[-73.94099928999142,40.85535861944135],[-73.94100914313304,40.855415039634956],[-73.94095704472458,40.85552033389211],[-73.94085539855494,40.8556218307786],[-73.94076854842848,40.85580797197027],[-73.94074621710324,40.85584744742311],[-73.94069419380139,40.85585306555778],[-73.94061975134659,40.85601100024008],[-73.94048831269315,40.856204628320306],[-73.94040517776624,40.856372905782166],[-73.94035056461419,40.85651580307338],[-73.94029347497165,40.85664177015522],[-73.94014717618712,40.8568335170573],[-73.94008523452419,40.8568560512978],[-73.94001827015957,40.856950045142774],[-73.93994880677096,40.85706661475885],[-73.93978146211117,40.85723483699613],[-73.93968482410261,40.85728932103617],[-73.93961041073227,40.85739647639696],[-73.93940211514348,40.85766529847495],[-73.93936488888178,40.8577405062411],[-73.9392830385069,40.85786082228892],[-73.93922231976174,40.85789369423124],[-73.93911094164396,40.858040911225906],[-73.93904122641774,40.85820201636402],[-73.93891471443509,40.85840693742339],[-73.9386568056547,40.85873403092198],[-73.938653061647,40.85876881362213],[-73.93850174725075,40.85901133450537],[-73.93843728725678,40.85907336212097],[-73.93841643396328,40.8591662454647],[-73.93830957434339,40.85938052310572],[-73.9378533658648,40.8598302712331],[-73.93773556378008,40.85993351173694],[-73.93755734318461,40.86008135682798],[-73.93752944172513,40.86009664178477],[-73.93753066305457,40.860111878847775],[-73.93755218656987,40.86012367458313],[-73.93758716318418,40.86014954032677],[-73.93758054206499,40.860203206651384],[-73.93735436134426,40.86051512129032],[-73.93713577511515,40.8607836366998],[-73.93709390407562,40.86092524299144],[-73.93704223142136,40.861057533481656],[-73.9369685174806,40.861143219527854],[-73.93681096972902,40.86125802375],[-73.93680279963722,40.86127908112416],[-73.93681851547555,40.86131581817807],[-73.93681045449208,40.86136346656268],[-73.93647561664896,40.86192659117092],[-73.93596813006896,40.862544091893746],[-73.93559460797825,40.86296505185224],[-73.93485089173119,40.86396557693507],[-73.93475540651464,40.86409633873786],[-73.93461870076239,40.86426987104512],[-73.93443446851109,40.86450373173396],[-73.93435568513524,40.86473290706858],[-73.93423164079182,40.86481389832542],[-73.93419230301825,40.864879108033776],[-73.93408173881343,40.86497781014838],[-73.93401664426648,40.865035548794346],[-73.93401648524471,40.865195817666866],[-73.93395001711579,40.86534674621003],[-73.93386283123479,40.86541004611201],[-73.93378916436356,40.86542863426869],[-73.93363055568612,40.865709019423505],[-73.93357158007582,40.86576675094443],[-73.93357396122035,40.8658412955389],[-73.93349285424166,40.86594561482505],[-73.933436350697,40.865986581995486],[-73.9334362891443,40.86604807580768],[-73.93340182700804,40.86613564684008],[-73.93332317557568,40.86623809501434],[-73.93325688879867,40.866241785083744],[-73.93313150185674,40.86642621378974],[-73.93307500307857,40.86655741872524],[-73.93283349428317,40.866982048205614],[-73.93266332721514,40.8672370659346],[-73.93275648627251,40.867264360168114],[-73.93276260783075,40.867252298059896],[-73.93290171891769,40.86729304389986],[-73.93283958205113,40.86741527640902],[-73.93264569508366,40.867358477642135],[-73.93266035056371,40.86732966135394],[-73.93259794852806,40.86731134967057],[-73.93254830387004,40.86741383299912],[-73.9325188840444,40.86741050336603],[-73.93242538215391,40.867568247921255],[-73.9323866223573,40.86769389324491],[-73.93236431431227,40.86786330050545],[-73.93235078136821,40.86797912029553],[-73.93235431562921,40.868007196200594],[-73.93236746809497,40.868037214978706],[-73.93237341288621,40.86806348807341],[-73.9322739712801,40.86847715248061],[-73.93228124006656,40.86853253815773],[-73.93226769826204,40.86856231947512],[-73.93232284384425,40.86857811188719],[-73.93231591011325,40.86860414289624],[-73.93244643748244,40.86865976546907],[-73.93249214298685,40.86867751865729],[-73.93249377280233,40.86867480892205],[-73.9325307779677,40.86861327241664],[-73.93253690662301,40.86860307837573],[-73.93256891816314,40.86854984723824],[-73.93257970501186,40.868531909823425],[-73.93261431825407,40.86847434737927],[-73.93262211514669,40.86846138448334],[-73.9326252507503,40.868456167974344],[-73.93262844350275,40.86845727431729],[-73.93265083512807,40.86846503348205],[-73.93254546521902,40.86864025873053],[-73.93255050661593,40.868642006093864],[-73.93256804264136,40.868648083353655],[-73.93252354560038,40.8687220783591],[-73.93250125163004,40.86871435273172],[-73.93250619965718,40.86870612539141],[-73.93249532884053,40.86870195039161],[-73.9323522987469,40.86864702816256],[-73.93230597278956,40.86862923853739],[-73.93229831818601,40.86864737142063],[-73.93225031755051,40.868639508367686],[-73.93225427749105,40.86868339935825],[-73.93227751053232,40.86871115747531],[-73.93228732044331,40.868875141888005],[-73.9323138544823,40.86892372034389],[-73.93236035093774,40.86894960979864],[-73.9324567080095,40.86896227317832],[-73.93253729354952,40.868968002362486],[-73.9325689548279,40.86897940321413],[-73.93256795169879,40.86904439147401],[-73.93250469803198,40.869129558162804],[-73.93239016804618,40.8691873031102],[-73.93229327623715,40.869199501439475],[-73.93218903826028,40.869366976891826],[-73.93246883069857,40.869476099889724],[-73.93235370807277,40.86975525529677],[-73.93226581636975,40.86973477164022],[-73.93235934465952,40.86950736372213],[-73.93213336602999,40.86941597594374],[-73.93210997106755,40.869477248599274],[-73.93207712619383,40.8695426846627],[-73.93205908286346,40.86958281688688],[-73.93205343781557,40.86960075024158],[-73.93205002169798,40.86964174628033],[-73.93206712211834,40.86969942778654],[-73.93209566102911,40.86975965114541],[-73.93217975958304,40.86982236690264],[-73.93219855048865,40.869844871413314],[-73.93156536939784,40.86958215843725],[-73.93150368633037,40.86932879368006],[-73.93150384484605,40.8690352215693],[-73.93141437292331,40.868961929073514],[-73.93127671427399,40.868843595243376],[-73.93117877468013,40.86876886854805],[-73.93091942301164,40.8685710014899],[-73.92998961730244,40.867792410870784],[-73.92934104036875,40.867257241141274],[-73.92872643114075,40.86674142822069]]]]},"properties":{"nta2020":"MN1202","ntaname":"Washington Heights (North)"}},{"type":"Feature","geometry":{"type":"MultiPolygon","coordinates":[[[[-73.92234459241664,40.85568233648424],[-73.92234217898498,40.855685461515435],[-73.9223363626243,40.85569298743945],[-73.92232971276387,40.85570159265749],[-73.9223288808113,40.85570267078024],[-73.92232785330023,40.85570400223412],[-73.92219572192067,40.855874991053206],[-73.92217874229384,40.85589696519651],[-73.92218117594746,40.855899953109166],[-73.9221829564415,40.85590319471403],[-73.92218404128785,40.855906608733726],[-73.92218440300894,40.85591010803773],[-73.92218403221835,40.85591360617746],[-73.92218293740292,40.855917015376555],[-73.92218114624346,40.85592024904404],[-73.9221787036253,40.855923224956236],[-73.92217567339715,40.855925870451046],[-73.92217212888958,40.85592811806592],[-73.92216815974786,40.85592991040091],[-73.92216386729518,40.8559312041356],[-73.92215935791613,40.85593196684243],[-73.92215474438034,40.855932177824364],[-73.92215014296977,40.85593183163163],[-73.9220633513246,40.85605391228717],[-73.92207704565449,40.8560591353661],[-73.92195201468971,40.85623699044748],[-73.92187322153111,40.85634966205626],[-73.92188760113714,40.856355133723504],[-73.9218175009566,40.856454224365855],[-73.92183549330599,40.8564621413127],[-73.92176508388162,40.85656586909247],[-73.92177019744747,40.85656789389628],[-73.92169841904696,40.85667230185513],[-73.92151894059094,40.85660117062342],[-73.92159078639031,40.85649666113392],[-73.9215969651289,40.856499110335875],[-73.9216718169156,40.85639401600281],[-73.92168970373964,40.85640064397636],[-73.92175965629708,40.85630468231127],[-73.92182325044541,40.85632912636627],[-73.9220295673179,40.85604005504791],[-73.92204171700459,40.8560450547837],[-73.92212909531288,40.85592262927459],[-73.92212701759829,40.8559194094138],[-73.92212563579896,40.85591597760318],[-73.92212498555783,40.855912418968586],[-73.92212508375181,40.855908829512295],[-73.92212592520536,40.85590529500279],[-73.92212749149635,40.85590190907312],[-73.92212974148433,40.855898758472655],[-73.92213261947896,40.855895920224526],[-73.92213604839007,40.85589346932697],[-73.92213994408347,40.855891467204316],[-73.9221442056687,40.855889964883126],[-73.92214872542999,40.855889000820866],[-73.92215338838757,40.855888599398455],[-73.9221580751632,40.85588877259704],[-73.92218505685102,40.85584741605207],[-73.9222189508469,40.85579546579668],[-73.92223557106671,40.85577118594863],[-73.92225931710601,40.855725615165056],[-73.92227219913966,40.855700891368365],[-73.9222811377406,40.85568693163915],[-73.92228832283215,40.855675713420226],[-73.92228837057658,40.85567563890446],[-73.92229610926113,40.855663836401455],[-73.92234459241664,40.85568233648424]]],[[[-73.92234459241664,40.85568233648424],[-73.92262198608177,40.855780854041505],[-73.9228792161941,40.85587725939027],[-73.92284592837328,40.8559940061338],[-73.92281852166276,40.856111630892244],[-73.92279703587407,40.85622996293541],[-73.92278150222548,40.856348830505546],[-73.92277194352252,40.856468061110114],[-73.9227683734476,40.856587481635295],[-73.92277079721502,40.856706918740834],[-73.92277921133866,40.85682619906111],[-73.92281913719484,40.85757186343773],[-73.92288794949759,40.85885694124603],[-73.92295854084045,40.858913893707225],[-73.92363358101052,40.85990036697999],[-73.92408161014636,40.86055507480938],[-73.92461303395655,40.86139973139816],[-73.92467728584278,40.86149664530971],[-73.92472275869338,40.86156248696554],[-73.92474153319307,40.861593638251684],[-73.92476434078536,40.86163089268802],[-73.92537318096642,40.8625808151619],[-73.92601092769257,40.86357366450477],[-73.9266194882311,40.864524294022615],[-73.92691040321408,40.86497668959933],[-73.92726915025756,40.86553455981874],[-73.92805770263136,40.866199364240714],[-73.92872643114075,40.86674142822075],[-73.92700250526887,40.86795126028607],[-73.92639286284184,40.868390939927636],[-73.92619847735759,40.86851350036838],[-73.92382143365798,40.86901838166732],[-73.92234360638932,40.86945904067072],[-73.92214152520687,40.86914779664342],[-73.92203353120068,40.8691904064287],[-73.92192784084025,40.86923622421689],[-73.92182461940916,40.86928517835821],[-73.92172402896408,40.869337192293195],[-73.921626226182,40.86939218466785],[-73.92153136401495,40.86945006948451],[-73.92089662956921,40.86987702027951],[-73.91925481601531,40.87100784280284],[-73.91969887531994,40.872063531039],[-73.91945895048647,40.87224928120543],[-73.91842924397557,40.873009778733596],[-73.91717258083182,40.87249664231401],[-73.91627785333326,40.87211564521827],[-73.91505692571246,40.871602897043836],[-73.91414729116272,40.87121653878183],[-73.9140903715633,40.871194632169974],[-73.91400985416992,40.871160593864666],[-73.91381371215034,40.871300547774354],[-73.91326815468233,40.87172372450195],[-73.912594201325,40.872254282609276],[-73.9124814682112,40.8723389766752],[-73.9123729836904,40.8724268098096],[-73.9122688993609,40.872517659286544],[-73.91216936131924,40.87261139813733],[-73.91207450799781,40.8727078953788],[-73.91198447195264,40.8728070161785],[-73.91193679050069,40.87287221810929],[-73.91188383732924,40.8729350322097],[-73.91182581979886,40.87299521244143],[-73.91176296391379,40.87305252463931],[-73.91166304856444,40.873126756474214],[-73.91151516034965,40.87323663012734],[-73.91142596184356,40.87318176715518],[-73.91135878271355,40.873127756632975],[-73.91130503460077,40.87309198438794],[-73.91127431695794,40.87306352176148],[-73.91122441407721,40.87302775243476],[-73.91119084409434,40.8729847079104],[-73.91118411250245,40.87298835053974],[-73.9111745064192,40.87298469583868],[-73.91118028522183,40.87297448742365],[-73.91116685503249,40.87295625009759],[-73.91115342819128,40.87294311015769],[-73.91110354045992,40.87288473542353],[-73.91109971708975,40.8728679646134],[-73.91110454354364,40.87285119879141],[-73.91108439239697,40.87282638234592],[-73.9110556063182,40.87280083939599],[-73.91103643518377,40.87277165620888],[-73.91103934599411,40.87274832419435],[-73.91101247147321,40.87272205364747],[-73.91099234251111,40.872689951633326],[-73.91098084741316,40.87266004429202],[-73.91096742522548,40.87264399546635],[-73.91096169269241,40.87261701014678],[-73.9109444054969,40.87260824507802],[-73.91091466885877,40.87257394745115],[-73.91083211635964,40.87251773723323],[-73.91076303115126,40.872452063114785],[-73.91069663181855,40.87236327304449],[-73.91066886250452,40.87231808252778],[-73.91064877277806,40.87229624846081],[-73.91064402620876,40.87226205286507],[-73.9106000469285,40.872184929132246],[-73.9105646933806,40.872116536323155],[-73.91054082062271,40.872058327575104],[-73.91053797212396,40.87203359781741],[-73.91055333016271,40.87201833783451],[-73.910544749547,40.87198632794751],[-73.91051802379026,40.87190629880155],[-73.91049514192561,40.87182555244885],[-73.91048468158293,40.871761538028636],[-73.91047920100607,40.87172972553647],[-73.91047284244517,40.871695684308385],[-73.91046075953038,40.87164240533516],[-73.91045325835374,40.87157683189266],[-73.91044754306384,40.87150187151668],[-73.91044265486106,40.87149037129704],[-73.91042644048558,40.871485437559706],[-73.91042903752744,40.87146595381494],[-73.91044420430016,40.87146367152778],[-73.91044955630979,40.8714362287299],[-73.91045107077684,40.871406653067666],[-73.91044615186583,40.871393706933944],[-73.91043363570444,40.87138081638449],[-73.91044770536601,40.87136628313341],[-73.91046468617759,40.871356782684444],[-73.91047292046959,40.87133220207224],[-73.9104936731182,40.87132051267558],[-73.91051165045894,40.871315333575694],[-73.9105209406514,40.87129867442896],[-73.91054357762037,40.87128624754082],[-73.91055942169147,40.87126161201025],[-73.91055064917789,40.87124436291592],[-73.9105580894432,40.87123204888122],[-73.91057828495371,40.871177093232156],[-73.91058957073446,40.87116834857026],[-73.9106015951623,40.87114301719912],[-73.91061845476166,40.87112414071132],[-73.9106500006567,40.87106549342625],[-73.91065177797128,40.87105538228205],[-73.91066110163457,40.87104233846113],[-73.9106819282995,40.871036407519796],[-73.9106940639598,40.87101973615374],[-73.91070326135346,40.87099586388582],[-73.91071625722222,40.87097197160539],[-73.91072355879952,40.87094883563964],[-73.91071412003846,40.87092254281958],[-73.91069983355021,40.87090424328851],[-73.9106779365017,40.87087278982903],[-73.91067907069399,40.87084726055001],[-73.91069072329452,40.870829069041974],[-73.91069182369063,40.87080865253585],[-73.91071594812179,40.870793418410024],[-73.91071898793224,40.87076935911053],[-73.91072680697486,40.87074968959329],[-73.91073765208604,40.87070961108889],[-73.91074561095479,40.87066878889448],[-73.91072557297284,40.87064755845907],[-73.91074991771993,40.870599501730396],[-73.91075287037826,40.87058856694503],[-73.91075680633591,40.870574726397365],[-73.9107521234364,40.87055792625745],[-73.91076090304617,40.870536806564026],[-73.91076400877417,40.87050471860955],[-73.9107489270491,40.8704594281796],[-73.91075573481181,40.87044851614326],[-73.91077222692891,40.870425231483416],[-73.91075887769863,40.87040912941083],[-73.91076307682718,40.87035589219649],[-73.91076811226348,40.870321625924795],[-73.91076453224883,40.87028221372216],[-73.91074831413626,40.870264646619106],[-73.91076966625782,40.8702333604669],[-73.91077272650074,40.87020637522385],[-73.91077967561587,40.87017430280312],[-73.91078077308367,40.87015242180595],[-73.91080419957586,40.870099257582545],[-73.91080160534246,40.87005474707827],[-73.91080176628982,40.870030676166834],[-73.91080953728974,40.87001975884021],[-73.91080487714844,40.869997856974734],[-73.91081280366717,40.869962138164325],[-73.91081583350977,40.86993953295019],[-73.91080914035399,40.869935135828165],[-73.9108266257385,40.86990748326289],[-73.91083344968926,40.869892182467396],[-73.91083356177741,40.86987540982196],[-73.91085003458652,40.8698550425459],[-73.91085019100309,40.86983170404033],[-73.9108415844008,40.86982510452537],[-73.91084068911104,40.86981488543655],[-73.91085426331281,40.86979742529098],[-73.91086020406853,40.86977192233405],[-73.91087677451355,40.86973696991135],[-73.91086238292394,40.869732533341576],[-73.91087307742464,40.86971506996393],[-73.9108828914826,40.869685193292476],[-73.9108840087062,40.869660395733135],[-73.91085334197452,40.86964860824936],[-73.9108764398718,40.86964285291528],[-73.91089674475897,40.86962396312833],[-73.91090942293567,40.86959629276511],[-73.91092395561532,40.86957956726873],[-73.91091538027314,40.86956859627168],[-73.91091647993076,40.86954816987442],[-73.91092519658243,40.869537997071056],[-73.91091855656228,40.86952410663781],[-73.91094089748741,40.86948917557882],[-73.91094691671508,40.86945199515394],[-73.91092491224157,40.86943659185691],[-73.91095582665521,40.86941117785799],[-73.91098662221371,40.86940546027078],[-73.91100863593087,40.869419401087846],[-73.91103936514546,40.86942170510456],[-73.91105771592377,40.86940865229224],[-73.91113245415063,40.86944176315862],[-73.91118903577572,40.86945876188549],[-73.91125611683202,40.869487471310606],[-73.91130402042972,40.86951027266772],[-73.91134621371559,40.86952429041],[-73.91138177390287,40.8695229733527],[-73.91143962214154,40.86949474424478],[-73.91146376612693,40.86947660211114],[-73.91147448899049,40.869454758141075],[-73.91147188669994,40.86941316354545],[-73.91146347606852,40.8693773827329],[-73.91142415779088,40.86936409797507],[-73.91141653489665,40.86935458553072],[-73.91140021862077,40.869351604329864],[-73.91139354527336,40.86934428130044],[-73.91135803466575,40.86933612363593],[-73.91135530830194,40.86931349706352],[-73.91112244509752,40.86921411419713],[-73.91111690871264,40.86917907552056],[-73.91109673067572,40.86917899749033],[-73.9110612575122,40.86916719144791],[-73.91103057950191,40.86915540349872],[-73.91105489313975,40.8691117180137],[-73.91107529676401,40.869078242380155],[-73.91107925148435,40.86906147587615],[-73.91107553161036,40.86904322573794],[-73.91109290713948,40.86903162291652],[-73.91109202710173,40.86901921850289],[-73.91111871768696,40.869006170932714],[-73.91113366008821,40.86897269175175],[-73.91112035244491,40.868952210363155],[-73.91113932222599,40.86893376695684],[-73.91112890881821,40.868920043161644],[-73.91114259196203,40.8688950132029],[-73.91114869895993,40.86888021473804],[-73.911165235432,40.868876855232315],[-73.91119985851088,40.868864452347225],[-73.91125094701859,40.8688612264607],[-73.91128256772056,40.86884767287156],[-73.9113037428696,40.86882494757114],[-73.9113281775882,40.86880243953597],[-73.91133483134642,40.86878534859422],[-73.91133742099743,40.86877427396489],[-73.9113297074864,40.868758636469124],[-73.91133402644458,40.86874039536309],[-73.91132547908168,40.868718236896925],[-73.91133149825595,40.86870521125004],[-73.91132553554417,40.8686758955078],[-73.91133500160343,40.868657658859256],[-73.9113504607771,40.868646594787485],[-73.911347051236,40.868623792960705],[-73.91135909150219,40.86860621531289],[-73.91136427055301,40.86858340919463],[-73.91139004906684,40.868563240128395],[-73.9114098549045,40.86851308940612],[-73.91141932680448,40.868491593092465],[-73.9114416590702,40.8684766253028],[-73.91148208144206,40.86840825517583],[-73.91149242138631,40.868375035258],[-73.91149244825677,40.868354846915885],[-73.91150538755193,40.86830338456419],[-73.91151485871004,40.868281239257286],[-73.91152432337235,40.868264966630555],[-73.91153547484777,40.86826431698249],[-73.91154065941221,40.86824542922198],[-73.91158019244979,40.86820376706939],[-73.91160166210436,40.86818619712257],[-73.91162485562174,40.868174480740194],[-73.91165319817546,40.86815430436387],[-73.9116678135418,40.86813542381734],[-73.9117116303813,40.8681002840556],[-73.91172833168699,40.868074489413],[-73.9117319206429,40.868060623767235],[-73.91173006189777,40.86804016393451],[-73.9117338348191,40.86803017993721],[-73.91172569759559,40.86803017371252],[-73.91172571085266,40.86802018700669],[-73.91172510380609,40.86800353710169],[-73.91173640076342,40.867991172662315],[-73.91173516231117,40.86797738507484],[-73.9117552250194,40.86796598305705],[-73.9117527627056,40.86793505776855],[-73.91176907763774,40.867913188390325],[-73.91178038282278,40.86789560242833],[-73.91179668040789,40.86789561488717],[-73.91180859603922,40.86788230507858],[-73.91179420262434,40.86786802111732],[-73.91179676558265,40.86783140003539],[-73.91180556034618,40.86781047911409],[-73.9118237604912,40.867789088776625],[-73.91184571092025,40.86777625586353],[-73.91187101089474,40.867759489719035],[-73.91188960227186,40.8677477523454],[-73.91189225260952,40.86772591741038],[-73.91191159865934,40.867700205170046],[-73.91184774580607,40.867672520472155],[-73.91199296785767,40.86750583402322],[-73.91209755267246,40.86737319061875],[-73.91222962953469,40.86721546219426],[-73.91245215298915,40.86694055877074],[-73.9126175467601,40.86673955984197],[-73.91273173919579,40.866605212208924],[-73.91255219352638,40.86652862479491],[-73.91254775064014,40.866514943506566],[-73.91282859693635,40.86615711135729],[-73.91312015100736,40.86578124232271],[-73.91351997708159,40.865267471169766],[-73.91384485056732,40.864848338592246],[-73.9139186313323,40.86474558440381],[-73.91393526952008,40.86473928454517],[-73.91403866833014,40.86471050057732],[-73.91416821693032,40.86466640090783],[-73.91425257819593,40.86464572510973],[-73.91431200712566,40.86462502219344],[-73.91438922696813,40.864624179243954],[-73.91492387927858,40.864580378919314],[-73.91492863719179,40.86456956663382],[-73.91454037626015,40.86441235162355],[-73.91447397540031,40.864311285994695],[-73.91441113392746,40.86417362637064],[-73.91504407599486,40.86443672211044],[-73.91507404941305,40.864446504908784],[-73.91508583854264,40.86444814392011],[-73.9151683330549,40.86443925367343],[-73.91525511928769,40.864433626519514],[-73.91543189718274,40.86441830355388],[-73.9154286973113,40.86440772916087],[-73.91543408398897,40.86438740049543],[-73.91545872397492,40.864384167765806],[-73.91545342726593,40.864333736081456],[-73.91563236347605,40.8643094731796],[-73.91563874300478,40.86434851457947],[-73.9156644439211,40.86435015381823],[-73.91571159105631,40.86434286717434],[-73.91575872905152,40.86434209078725],[-73.91581658566602,40.864334812253844],[-73.91586052063028,40.86432590208448],[-73.91589911645785,40.864308038085234],[-73.91592270819757,40.86428040089985],[-73.91593561439066,40.8642421842121],[-73.9159313804981,40.86420396508716],[-73.91592605810227,40.864173055876876],[-73.91589824230968,40.864146192038454],[-73.91587148065646,40.86412909103578],[-73.91585434906551,40.864122576469335],[-73.91583264511854,40.86411430845114],[-73.91579009737853,40.86410300712218],[-73.91574189992386,40.86409647069983],[-73.91572596025631,40.86409562479393],[-73.9156672828416,40.86408664892012],[-73.91561569013705,40.86407535683033],[-73.91558377690811,40.86407065104826],[-73.91553872983704,40.86406681877592],[-73.91549340827859,40.86406619445264],[-73.91543982630444,40.86407835657519],[-73.91540554211757,40.86408158273314],[-73.91538444080764,40.86408030195865],[-73.91537454216397,40.86407970082976],[-73.91535981972858,40.86407728982125],[-73.91534579110105,40.86407312930833],[-73.91533281448375,40.86406732552423],[-73.91532122121656,40.864060026660816],[-73.91531130731791,40.86405141908466],[-73.91530571227534,40.86404293959124],[-73.91529828272343,40.86403531525068],[-73.91528923928861,40.86402877247322],[-73.91527885052257,40.86402350555141],[-73.91526742492728,40.864019670890215],[-73.91524067177448,40.863996067672424],[-73.91521584698313,40.863975952188774],[-73.91519574800094,40.86394522473609],[-73.9151880304017,40.863897743013354],[-73.91518505954349,40.86387946003731],[-73.91518192994803,40.863860203635106],[-73.91518119486989,40.86384311506691],[-73.91517880018044,40.86378745190846],[-73.91517693846923,40.86374418652199],[-73.91517656557124,40.863735519439366],[-73.91517539779184,40.86370838519634],[-73.91517556429645,40.863680434253666],[-73.915200710796,40.863652186226254],[-73.91521818572716,40.86364108189849],[-73.91525443919623,40.86361804428292],[-73.91529676393391,40.86359864401942],[-73.91530810246218,40.86359047369616],[-73.91534455813895,40.86356420568462],[-73.91536190015063,40.86354723306989],[-73.91537404222024,40.86352873067076],[-73.91541657363635,40.863447906317745],[-73.91542702548128,40.86342917149175],[-73.91546863429194,40.86336249812585],[-73.91547682444252,40.86334610729697],[-73.91548516464168,40.863300717318246],[-73.91547306854244,40.86328033111137],[-73.9154598747829,40.86325707342254],[-73.91545061536698,40.863232984517424],[-73.91545496554076,40.86320845779517],[-73.91542295700948,40.863194180128495],[-73.91541083335721,40.863195485962564],[-73.91534506689483,40.86316454177247],[-73.9154109612744,40.86309491907008],[-73.91538673051069,40.863084384703484],[-73.91544970533424,40.86300651049498],[-73.91549965939643,40.86293812779116],[-73.91552015328232,40.8629100749657],[-73.91556578044884,40.862931072377286],[-73.91557595266798,40.862916103754316],[-73.91556299694872,40.862909251623705],[-73.91557991520047,40.862895998348215],[-73.91558892372575,40.86290113818311],[-73.91559964505721,40.86289215974969],[-73.91559401542841,40.86288915679977],[-73.915603610168,40.86287975287063],[-73.91561827252399,40.86287890822138],[-73.91567199779999,40.862902427878204],[-73.91568204906034,40.862893905783054],[-73.91569323361995,40.862879818391036],[-73.91571907457929,40.862852864033144],[-73.91578014796721,40.862789157360304],[-73.91581868929788,40.86275125154486],[-73.9158388384916,40.862731434183495],[-73.91585768842066,40.86271494020042],[-73.91586450572656,40.86270897447919],[-73.91586962339923,40.86270449596152],[-73.91593363168657,40.86264848819701],[-73.91595185403473,40.8626314548191],[-73.91595260030206,40.862630756958744],[-73.91610517927835,40.86248814430624],[-73.91616935439086,40.862441260344106],[-73.9162048494689,40.862421286040735],[-73.91622522141249,40.862405417795976],[-73.91627635012742,40.86236559143235],[-73.9163917500315,40.862275702779],[-73.91640019183043,40.86226912657585],[-73.91642605482255,40.86224898054934],[-73.91649196679447,40.86219763870005],[-73.91652512043825,40.8621805039632],[-73.91653438522638,40.86217571565013],[-73.91656892746036,40.862157864403414],[-73.91659639029284,40.862146379605115],[-73.91660191778598,40.862141955293204],[-73.91661720458502,40.862129720565875],[-73.91663823024982,40.86211289046697],[-73.91664696334841,40.86210590050628],[-73.91666173978952,40.862093635250176],[-73.91672483714147,40.86204125761577],[-73.91673206785211,40.862034730435866],[-73.91674689045284,40.86202134866012],[-73.91675431445412,40.862014645383944],[-73.91676153411372,40.8620081280781],[-73.91678113004171,40.861990438365076],[-73.91678584948336,40.86198617595896],[-73.91679534822482,40.86197760126747],[-73.91685100780661,40.86196360881377],[-73.91687889301265,40.86195358002865],[-73.91692039865875,40.861931727543386],[-73.91709135961965,40.86186030823967],[-73.91715278759457,40.86181076114915],[-73.91723056919916,40.861736543731325],[-73.91727034392622,40.861694699672306],[-73.91729467741739,40.861679417728254],[-73.91734277917425,40.86161732756803],[-73.91737841920231,40.86157097798833],[-73.91740810708997,40.86153273711688],[-73.91740994469338,40.86148637270648],[-73.91746019820877,40.86142947038579],[-73.91748061393716,40.86139863458958],[-73.91750401182694,40.861363324367275],[-73.91751560442543,40.86134992426711],[-73.91753292728849,40.861335736547076],[-73.91754749551944,40.86132313078764],[-73.91756413342313,40.861306834796636],[-73.91757176600527,40.86129211697185],[-73.91759256564407,40.86127636421201],[-73.91761405307768,40.86126112506306],[-73.9176563633175,40.861221191772515],[-73.9176882562444,40.86119282169419],[-73.91772917588622,40.861144999219924],[-73.91778534143992,40.86109350426312],[-73.91780823442207,40.861063553354676],[-73.91782702380144,40.86104278280547],[-73.91782221945626,40.86102443609648],[-73.91783553764935,40.86099693643019],[-73.91782468139107,40.86098042163298],[-73.91782136420316,40.8609489017913],[-73.91784103780006,40.86093144631568],[-73.91786115746794,40.860900655805104],[-73.91786536368974,40.860884467347276],[-73.91787707054957,40.86088383607685],[-73.91788211332283,40.8608736738558],[-73.91790472454369,40.86084987250324],[-73.91790211673465,40.86083961370473],[-73.91792190583864,40.86082542617226],[-73.91792234646252,40.860813999728194],[-73.91788387387669,40.86080222076824],[-73.9179282850007,40.860749898184125],[-73.9179506170551,40.86073198472907],[-73.91805221056595,40.86062109843909],[-73.91826264968273,40.86040482481394],[-73.9184343925178,40.860221533395496],[-73.91836074527978,40.86019580904429],[-73.9183764802733,40.860170138030064],[-73.91838738720182,40.86013529639291],[-73.91839903543305,40.86009619650347],[-73.9183931121764,40.86008046942209],[-73.91841071714774,40.86004867742163],[-73.91842828384382,40.860056892617266],[-73.91843100174748,40.860045612184784],[-73.91843508111619,40.86001791510383],[-73.91845133777574,40.859991246344045],[-73.91846755030684,40.859992283211646],[-73.91849190290371,40.85997076111951],[-73.91850002964858,40.8599502447628],[-73.9185284501149,40.85991845921041],[-73.91855953955198,40.85990719880525],[-73.91858793825755,40.859893872607],[-73.91861094928478,40.859863110301795],[-73.91860422359157,40.859835406596595],[-73.91860966058996,40.85981180808441],[-73.91862051432182,40.859782064285056],[-73.91864215241563,40.859767716103434],[-73.91866650284935,40.85973900873328],[-73.91867866057468,40.85974824666045],[-73.91869488928388,40.859734921573455],[-73.91869354554818,40.8597287708487],[-73.9187030249014,40.85971645820504],[-73.9186868141627,40.85970516442687],[-73.91873839393087,40.859648307531685],[-73.91872079932342,40.85964222493379],[-73.9188014004663,40.85955809623547],[-73.91877796600149,40.85954675031154],[-73.91888577964981,40.85943916349746],[-73.91890338201662,40.859418041641916],[-73.91900350576367,40.85931346590128],[-73.91913611131903,40.85917299234018],[-73.91923217991432,40.85907661700086],[-73.91933772085481,40.85896383259932],[-73.91940131157715,40.85889924908157],[-73.91943853541449,40.858855421344174],[-73.9194809622886,40.85881393735814],[-73.91950213660932,40.85879113379065],[-73.91952342324122,40.85878363321213],[-73.9195456419026,40.85879161494148],[-73.91954627335289,40.85879857798345],[-73.91980771609522,40.858910812450084],[-73.92008353369317,40.859024565831334],[-73.92027570855228,40.85910140282139],[-73.92026652422828,40.85911033048944],[-73.920344957478,40.85914325674781],[-73.92039805137138,40.859161501828105],[-73.92041299163496,40.85914655080143],[-73.9204346715058,40.85912094659189],[-73.92044466588774,40.85912449207732],[-73.92046134307469,40.85910326112537],[-73.92032551794716,40.85904349211005],[-73.92026958923756,40.85901867159219],[-73.92024228428149,40.85901106140372],[-73.92020833439094,40.85899586467861],[-73.92019834633355,40.85898725863466],[-73.92009647993488,40.85894521668874],[-73.92006917227296,40.85893861444467],[-73.9199566565892,40.858886443576644],[-73.91993534975411,40.85888086417277],[-73.9199087158952,40.85886719354703],[-73.91984679689196,40.85884388206972],[-73.91977223409496,40.85880185829874],[-73.91977424610867,40.85879477229134],[-73.9198414912709,40.85882719222979],[-73.91991539174809,40.858858598039724],[-73.91996200375141,40.85887836026867],[-73.92007317233681,40.858926343457185],[-73.92047868273168,40.85910409209902],[-73.92043089498743,40.85915500079328],[-73.92044055434948,40.85916101282775],[-73.92043350742907,40.85917235515522],[-73.92050906689407,40.859205103755315],[-73.92050818037748,40.85921245071394],[-73.92061976769563,40.859259245083436],[-73.92065316209771,40.859263265996624],[-73.92067070680027,40.859289977915466],[-73.92069792257463,40.85932403533724],[-73.92069348890548,40.859351398048496],[-73.92074793277001,40.85939815299955],[-73.92081547121386,40.85952299831934],[-73.9208248103987,40.85953762397862],[-73.92096638988227,40.85975936383035],[-73.92107166676891,40.85993630055127],[-73.92120245201015,40.86009856883894],[-73.92127091296308,40.86018804281688],[-73.92132187073445,40.860214110517],[-73.92134032213077,40.860216788894796],[-73.92134560571333,40.860212785676595],[-73.92136406183754,40.86021146594486],[-73.92139397626858,40.86019080173561],[-73.9214309172982,40.860174807155175],[-73.92145906374984,40.86016281389925],[-73.92151623522281,40.86013081281611],[-73.921516243884,40.860123473462444],[-73.92154265042416,40.86009880067801],[-73.92155671740983,40.86009947665019],[-73.92159014848224,40.860072800027055],[-73.92163335462683,40.859964040976834],[-73.92166068449616,40.8598906508615],[-73.92168799950952,40.859839944713386],[-73.92170654327684,40.85976520759834],[-73.92171803927064,40.8597118259143],[-73.92170136023316,40.859693795630655],[-73.92171017514355,40.85967244189841],[-73.92173654090337,40.85967245978616],[-73.92173832622478,40.85964710317365],[-73.92172252011017,40.85963373783428],[-73.92170406731475,40.85963106018635],[-73.92168648450127,40.8596357224862],[-73.92169705737561,40.85961169543958],[-73.921681237807,40.859609019575146],[-73.92166455789794,40.85959232159749],[-73.92167072779536,40.8595809792705],[-73.92166897017296,40.859572306907275],[-73.92164788416521,40.85957094989103],[-73.92164878482532,40.85955093298419],[-73.92169009920316,40.85954762061989],[-73.92173052181315,40.85955566202541],[-73.92171996443375,40.859567667283756],[-73.92175425140597,40.859569023356435],[-73.92174017184134,40.85957969358058],[-73.9217586285431,40.85957903969084],[-73.92176920814187,40.8595590203002],[-73.9218034849833,40.85955904353652],[-73.92180349832363,40.85954769753215],[-73.92181669341468,40.859542365833796],[-73.92181579426176,40.859560393069536],[-73.92183337804887,40.8595550653483],[-73.92183602852764,40.859540380214696],[-73.9218395729169,40.859521697242165],[-73.92182640001575,40.85950834358435],[-73.92180092643797,40.859494971704756],[-73.92178421372903,40.859496968979684],[-73.92178423413667,40.85947961643446],[-73.92178951542853,40.85947561218876],[-73.92179128111253,40.8594669330018],[-73.92178337916832,40.85946025485965],[-73.92177813999356,40.85943689270559],[-73.92175531523264,40.85941085316428],[-73.92174475909616,40.859411511742294],[-73.92172807855619,40.85939481595058],[-73.92173862702768,40.85939148118525],[-73.92174216515129,40.859378139354284],[-73.92178084462934,40.859376166361244],[-73.92180105748636,40.859383517748064],[-73.92181422123176,40.85939487435829],[-73.92184589125199,40.8593828817191],[-73.92182743857451,40.85937152370688],[-73.92179318314028,40.859352815117774],[-73.92180638758452,40.85932879872249],[-73.92183628344658,40.859323479344276],[-73.92184158900886,40.85930012400073],[-73.92185654400586,40.859290787171545],[-73.92185568980089,40.85927076019492],[-73.92186363617529,40.85924073469062],[-73.92187159464888,40.85920002807952],[-73.9218663378377,40.85918133914485],[-73.92184878326592,40.85916264188039],[-73.92181013137586,40.859141256311545],[-73.92182860052971,40.85912859050001],[-73.92181807326592,40.859115237627634],[-73.92179523134098,40.85910387546263],[-73.92175392059787,40.859093834756784],[-73.92171348569521,40.859096472454574],[-73.92170031212021,40.85908378418327],[-73.92168362346337,40.859074435278046],[-73.92167133304586,40.85906707936519],[-73.92165637731456,40.85907574909265],[-73.92164144199684,40.85906840025926],[-73.92162299102388,40.85905569951597],[-73.92157640358324,40.859055001451175],[-73.92156323476816,40.859038306346314],[-73.92153688128272,40.859028284441386],[-73.92151667805072,40.85901158404436],[-73.92149647546023,40.859005564423995],[-73.92148241816876,40.858996873803534],[-73.92145693842014,40.858980170475114],[-73.92143674687564,40.85896481260319],[-73.92141478438384,40.85895210943516],[-73.92140688831238,40.858939425226964],[-73.92139545451528,40.85894008384527],[-73.92138491884901,40.85893207156834],[-73.9213620792983,40.858919377006295],[-73.92134098678977,40.858912689841915],[-73.92132253891833,40.8589073376272],[-73.92130672674394,40.858899312866065],[-73.92129619437209,40.85887995440093],[-73.92131378782533,40.85887529166473],[-73.92134542016328,40.85888532710369],[-73.92137001739712,40.858896690889594],[-73.92138847158087,40.85889670346494],[-73.92137003870053,40.85887867193564],[-73.92133313153477,40.858866633349464],[-73.92130940178662,40.85886394316106],[-73.9212777512906,40.858869261205896],[-73.92125580070537,40.85884655402936],[-73.9212391392648,40.85881451254559],[-73.9212391637713,40.85879381874971],[-73.92124971927113,40.85878448837625],[-73.92125502174757,40.85876313160775],[-73.92126384154847,40.85873710468061],[-73.9212568347567,40.858715082987175],[-73.92123928232213,40.85869371179098],[-73.92121027761029,40.85868901775329],[-73.92118832732727,40.85866631123345],[-73.92117253002299,40.85864561634453],[-73.92113298285794,40.85863890664758],[-73.92110400043417,40.85861619463416],[-73.92110930043289,40.85859751288133],[-73.92112073232282,40.85858818278363],[-73.92110317429308,40.858572151031304],[-73.92108911428319,40.85856680177932],[-73.9210856169332,40.85855611977928],[-73.92107155243161,40.85855344402579],[-73.92110236769079,40.858512753934434],[-73.92111383642961,40.85847271768572],[-73.9211217794415,40.85844535735352],[-73.92109189655196,40.85844132909298],[-73.92108224017709,40.858432651986575],[-73.92106819230399,40.85841728853441],[-73.92106558355202,40.85839726855696],[-73.92105857633999,40.85837457122848],[-73.92107355499465,40.858345216322576],[-73.92107885124753,40.858329866102984],[-73.92105864446769,40.85831717395034],[-73.92107887262885,40.85831184781743],[-73.92108767646545,40.8582998412482],[-73.9210639508845,40.858293818638884],[-73.92099712882869,40.858303777223696],[-73.920987480155,40.85828975947258],[-73.92094165735571,40.85828441491425],[-73.92092950082889,40.8582550141231],[-73.92091459857778,40.85821896663791],[-73.92093869016881,40.85812067496422],[-73.92114396588988,40.85755122456042],[-73.92122323658643,40.85752233035402],[-73.92130475209376,40.85742065143335],[-73.92136378026933,40.85739996435897],[-73.92140169782736,40.85738959755411],[-73.92145963506582,40.8573672533845],[-73.9215196726864,40.85734890638022],[-73.92155550463555,40.85732175009385],[-73.92158397059998,40.85728979192784],[-73.92159242598983,40.85726341560287],[-73.92158614447906,40.85723223424249],[-73.92157985204535,40.85721144434456],[-73.92155849622625,40.857152702523045],[-73.92155857155751,40.85708883062931],[-73.92159160704566,40.85706515423363],[-73.92161794209842,40.85705477914995],[-73.92164638409345,40.85704360657256],[-73.92166323915434,40.857035623806134],[-73.9217032680549,40.85702126106169],[-73.92174434054141,40.85701329471589],[-73.92180121504491,40.856998943362385],[-73.92183702160173,40.85699257192164],[-73.92186334597841,40.85699179049945],[-73.92188651896512,40.856984611735335],[-73.92190021806431,40.856975026782266],[-73.92191814231151,40.856954253125146],[-73.9219413289678,40.856934283117035],[-73.92196978492623,40.85691111831314],[-73.92204492215916,40.8568541595844],[-73.92207464948125,40.856779491241255],[-73.92215747202226,40.856766247979145],[-73.92216865081173,40.85673844631606],[-73.9221463715986,40.85672634079135],[-73.92210975260924,40.85672027066086],[-73.92216714728863,40.856663482471376],[-73.92221972249489,40.856641754639206],[-73.92224682582821,40.85661396370273],[-73.92229299127105,40.85662729548752],[-73.92233282523733,40.85660797655024],[-73.92237695742358,40.856583569625016],[-73.92237142624975,40.85628034165397],[-73.92234465187742,40.85625312253767],[-73.92237468647075,40.856215053975866],[-73.92237580865482,40.85597834895314],[-73.92234459241664,40.85568233648424]]]]},"properties":{"nta2020":"MN1203","ntaname":"Inwood"}},{"type":"Feature","geometry":{"type":"MultiPolygon","coordinates":[[[[-73.92288794949759,40.85885694124603],[-73.92281913719484,40.85757186343773],[-73.92277921133866,40.85682619906111],[-73.92277079721502,40.856706918740834],[-73.9227683734476,40.856587481635295],[-73.92277194352252,40.856468061110114],[-73.92278150222548,40.856348830505546],[-73.92279703587407,40.85622996293541],[-73.92281852166276,40.856111630892244],[-73.92284592837328,40.8559940061338],[-73.9228792161941,40.85587725939027],[-73.92262198608177,40.855780854041505],[-73.92234459241664,40.85568233648424],[-73.92229610926113,40.855663836401455],[-73.92227873064479,40.85565498884393],[-73.92240035875272,40.8555100559746],[-73.92266929695283,40.85517977496095],[-73.92281985673714,40.85498867701401],[-73.92290114139594,40.85488550530889],[-73.923132985165,40.85458947031793],[-73.92341584183549,40.85422580686493],[-73.92360595220674,40.85397719803487],[-73.92400939220444,40.85343695442067],[-73.9244406513995,40.85284047270461],[-73.92467021184008,40.85250663957802],[-73.92497396914037,40.85207090936974],[-73.92502191229713,40.8520217104242],[-73.92503326859799,40.85199378494482],[-73.92507294800679,40.851942220704274],[-73.92510980271067,40.85189281700866],[-73.92514666528807,40.85183695644955],[-73.92515518101398,40.85181547642176],[-73.92517217728978,40.85180259283206],[-73.92521754031004,40.85173813761128],[-73.92527707938387,40.851647910699995],[-73.92529694152859,40.85160708620248],[-73.92534796606829,40.85153834833904],[-73.92542451604912,40.851422333741986],[-73.92548973032238,40.851326734891956],[-73.92553224547352,40.851273030364396],[-73.92554359303259,40.85124295131144],[-73.92563999034672,40.85109901600758],[-73.92566267418393,40.85106893754782],[-73.92573638681262,40.850955071573075],[-73.92575544275036,40.85092631670709],[-73.92585363309033,40.85077814754521],[-73.92587970419737,40.850752742443056],[-73.9258946157337,40.850716021158924],[-73.92602877508577,40.85051412771213],[-73.92623817249337,40.85020717598263],[-73.92625607778918,40.85018092828911],[-73.92649455759583,40.849839262183735],[-73.92671439092524,40.84953289298926],[-73.92692303519878,40.84925053160825],[-73.92711679645474,40.84896816077013],[-73.92725466369204,40.84876344005109],[-73.92740369127668,40.848557312118245],[-73.92752293332553,40.84837941376717],[-73.92765334858287,40.848187402572854],[-73.92797377830429,40.84772713626898],[-73.92813798976466,40.847491634203216],[-73.92821693262135,40.84738013694416],[-73.928391510366,40.84713222929993],[-73.92842200947663,40.84708268101544],[-73.9284550192906,40.847031472780785],[-73.92848994827669,40.84698195838428],[-73.9285202652456,40.84693897872718],[-73.92928544019534,40.84585422120144],[-73.92932522842008,40.845795012584254],[-73.92938078797037,40.84571308802439],[-73.92942845919463,40.84564416095721],[-73.92961778774986,40.84537197685617],[-73.92967631216537,40.845289599968396],[-73.92971850477636,40.84523177725878],[-73.92976558965104,40.84515549908754],[-73.9298142904901,40.845077383642355],[-73.92986949219896,40.84498388307131],[-73.9299230671309,40.84489407420781],[-73.92998963816926,40.844769196937456],[-73.93004648071964,40.844660930230376],[-73.93009844615571,40.844555118110016],[-73.93015203635488,40.84444930544055],[-73.93022352213245,40.84428444159592],[-73.93027389095427,40.8441634909856],[-73.93031939529523,40.8440441411166],[-73.93039902009504,40.84382880869273],[-73.93045266598502,40.84368115937831],[-73.93049978822178,40.84355565022313],[-73.9305453004987,40.84342854659145],[-73.93056966892269,40.84337194730128],[-73.93057942780858,40.84333749991781],[-73.93062818153543,40.84320584088501],[-73.93067529907292,40.84308525851742],[-73.93069805828584,40.843023119393756],[-73.93072736300049,40.842939705503085],[-73.93077282921934,40.84281025121583],[-73.93078580763273,40.84279303321172],[-73.93080204561862,40.84276596475738],[-73.93081019415833,40.84271797293067],[-73.93089465135253,40.84253834014169],[-73.93097488039714,40.842400432065595],[-73.93122229886856,40.84193119781975],[-73.93135888954949,40.84168834062225],[-73.93152929620497,40.84138537503979],[-73.93183461490949,40.84083697304959],[-73.93216201590911,40.84025506855318],[-73.93279555797109,40.839123750040855],[-73.9329597324677,40.838785781355476],[-73.93309918150779,40.83854347478878],[-73.93316806379029,40.838421681847194],[-73.9332666973021,40.838250271951246],[-73.93335684361466,40.83808787018004],[-73.93341807218584,40.8379718800391],[-73.93346654180982,40.83789132502099],[-73.9335311695074,40.83776630606916],[-73.93363830694679,40.83757942119902],[-73.93377517793459,40.83737128547639],[-73.93390952876399,40.83713285480025],[-73.93401498008377,40.83693436237385],[-73.93410258002271,40.83676616923864],[-73.93419823237818,40.83657279307655],[-73.93428447793843,40.83638384364911],[-73.93431245358906,40.83631850315734],[-73.93436132705646,40.83620077559366],[-73.9344523930909,40.83598096065217],[-73.93463510507978,40.83605019274695],[-73.93467393002148,40.83606490323896],[-73.93485595040315,40.83585697518646],[-73.93496274110625,40.835759935252646],[-73.93506336254389,40.83567765880969],[-73.93530787937625,40.83547772543572],[-73.9357262417768,40.8351563472692],[-73.93660364645432,40.83451301667631],[-73.93700641578585,40.8341931111853],[-73.93729533199006,40.83397591920848],[-73.9379724609834,40.833442818235106],[-73.93808182051336,40.833357490973825],[-73.93818807523276,40.83326993002771],[-73.9382911460965,40.833180200544994],[-73.93839095601098,40.833088369194236],[-73.93848743114563,40.83299450440286],[-73.9385804997354,40.832898676008305],[-73.93877360195481,40.83266321266225],[-73.93894859700762,40.832417336328064],[-73.93905770848046,40.832240504448],[-73.93910667017161,40.832161233540376],[-73.93915027895576,40.83208017956926],[-73.93918842274455,40.83199755090555],[-73.93922856097772,40.831907802483514],[-73.9393139715856,40.83168414444324],[-73.93934990043896,40.83160394899528],[-73.93939397719073,40.831526133667126],[-73.93944593176458,40.831451175214816],[-73.93950544582285,40.83137953288939],[-73.93957215471526,40.831311645623494],[-73.93973047314424,40.831144151676476],[-73.93977940284867,40.83109716697979],[-73.9398236755727,40.83105124478678],[-73.93986433382429,40.83100343314319],[-73.93990123821465,40.83095389597134],[-73.93993407296874,40.83089511891353],[-73.93996168792495,40.83083481315249],[-73.93998396079002,40.830773245785885],[-73.93999744228553,40.830734637505614],[-73.94006947601358,40.83048997494226],[-73.94014131121864,40.83037198888044],[-73.94034643247466,40.830457843352235],[-73.94036875609723,40.83155613019526],[-73.94034071910771,40.83164037160256],[-73.94030635910524,40.8317232510275],[-73.94026578947796,40.83180449491187],[-73.94021914473171,40.8318838346847],[-73.94016657822556,40.83196100890902],[-73.94010826344577,40.83203576285561],[-73.93976104123519,40.83250964710598],[-73.93967601860312,40.832685372012314],[-73.93964804159968,40.83275470263606],[-73.93961421519776,40.832822512510184],[-73.93957468123693,40.832888517261615],[-73.93952960549396,40.832952440086636],[-73.93947917698746,40.83301401291141],[-73.93942360720432,40.833072977373035],[-73.93936312916999,40.83312908633482],[-73.93929799650174,40.8331821044905],[-73.93922848233936,40.833231809494904],[-73.93915487819885,40.83327799289722],[-73.93849196747729,40.83384379969924],[-73.93840225595463,40.83390859248647],[-73.93831777962812,40.833977325133176],[-73.93823883790826,40.834049754042766],[-73.93816571059287,40.83412562251815],[-73.93809865687524,40.8342046616708],[-73.93803791450115,40.83428659124487],[-73.93798369868345,40.83437112099205],[-73.93793620159748,40.83445795132437],[-73.93789559160818,40.83454677449947],[-73.93786201267325,40.83463727571043],[-73.93775116167781,40.834890577443],[-73.93738281059397,40.83569072939138],[-73.9370235386851,40.83646894776566],[-73.936690785677,40.837193249531914],[-73.93638316770861,40.83785012505289],[-73.93623075692037,40.838077856887345],[-73.93610200438894,40.83822716981306],[-73.93595950279797,40.83836989914566],[-73.93580416610631,40.838504977044],[-73.93563711269493,40.83863142004595],[-73.93545962139885,40.83874840426462],[-73.93533073260944,40.83887479680249],[-73.9353306131628,40.83887491299703],[-73.93533051840961,40.83887504093211],[-73.93521776534736,40.83901582346852],[-73.93521772912962,40.83901586733942],[-73.93521769444548,40.839015921765174],[-73.93512487130586,40.839169332287625],[-73.93512477630719,40.83916948484833],[-73.93512471704157,40.83916963860189],[-73.93505508758803,40.839333236833134],[-73.93501119207399,40.83950397313492],[-73.93499463603864,40.83967805570213],[-73.9349946236068,40.83967813694421],[-73.9349946235284,40.839678217188016],[-73.93500574203395,40.83985180272278],[-73.93500575273647,40.839851911451724],[-73.93500577712398,40.83985201080707],[-73.9350437325828,40.84002151298293],[-73.93504374333817,40.84002156743425],[-73.93504376710875,40.84002162122273],[-73.93510666548438,40.84018372733794],[-73.9351916156034,40.84033540053215],[-73.93519169928565,40.84033554431456],[-73.93519180546716,40.840335688277094],[-73.93529543123057,40.84047481915926],[-73.93543637028168,40.84075133160877],[-73.93559506228495,40.8411734005961],[-73.93562818379775,40.84127910093682],[-73.93562826648522,40.84127936282252],[-73.9356283010943,40.84127961479759],[-73.93564242460909,40.84138913110541],[-73.93564244828502,40.84138928373272],[-73.93564243511251,40.841389446725955],[-73.93563666110339,40.84150014034205],[-73.9356366493592,40.84150019528328],[-73.93561111036642,40.84160880727199],[-73.93561108491222,40.84160889671544],[-73.93561105018428,40.84160899536755],[-73.93556697174414,40.84171252755808],[-73.93514017328262,40.84231167399177],[-73.93467106292498,40.84295724362522],[-73.93440841925828,40.84330718156176],[-73.93421198409375,40.843568903847924],[-73.93371553768901,40.84424637517044],[-73.93323248402031,40.844909922277644],[-73.93315044085297,40.84502194338439],[-73.9327702041393,40.84554110663344],[-73.93232515234308,40.846153901906696],[-73.93224030048655,40.84626460312289],[-73.93218663369642,40.84634306745018],[-73.93210093593626,40.84645773049894],[-73.93207258053842,40.846495679677886],[-73.93204002689272,40.84653350726701],[-73.93201002948496,40.846575966035545],[-73.93198004351923,40.846618416091495],[-73.931915072888,40.84671052361182],[-73.93185010207398,40.846802633941884],[-73.93139355315752,40.84742823140969],[-73.9311615170698,40.84774060168794],[-73.93088430007421,40.84811893848339],[-73.93062107886007,40.84848097743913],[-73.92977312775169,40.84811546118512],[-73.92898242633322,40.84925612249166],[-73.92866655364952,40.84957552930135],[-73.92824918846766,40.84983985458202],[-73.92791138567397,40.850213581061816],[-73.92747680397197,40.850694370799026],[-73.92707982277773,40.85143234338436],[-73.92705666626881,40.851813637928814],[-73.92703315604315,40.852200775102126],[-73.92769565671846,40.85248778277556],[-73.92723934829799,40.853115372658365],[-73.92679937829786,40.85371714613693],[-73.92528478826843,40.85581928881431],[-73.925171729613,40.85595018018973],[-73.92506423454707,40.85608374657509],[-73.92496241279014,40.85621985168217],[-73.92486636883604,40.85635835645023],[-73.92477620021997,40.85649911974191],[-73.92469199898966,40.85664199791955],[-73.9246649355739,40.85672185949811],[-73.92464570529472,40.85680301933341],[-73.92463441297657,40.85688503514151],[-73.9246311201873,40.85696745997239],[-73.92463584509622,40.857049844580914],[-73.92464856178312,40.85713174005734],[-73.92466920097621,40.85721270010247],[-73.92469765022803,40.857292283513345],[-73.92500175450846,40.857877465200225],[-73.92505245361198,40.85793596849404],[-73.92511009059055,40.85799064351469],[-73.92517416713254,40.858041017543435],[-73.92524412896897,40.85808665523548],[-73.92531937152042,40.85812716183894],[-73.92539924424663,40.85816218713289],[-73.92548340491622,40.85818853171614],[-73.92557056211805,40.8582084844329],[-73.92565987599924,40.85822185301684],[-73.92575048592354,40.85822850864704],[-73.92584151876424,40.85822838718913],[-73.92593209731935,40.85822148981357],[-73.92602134876468,40.85820788298415],[-73.92610841290502,40.85818769773536],[-73.92619245093358,40.85816112866783],[-73.92627265305713,40.85812843180312],[-73.92634824644841,40.85808992221054],[-73.92641850269419,40.85804597097051],[-73.92648274481361,40.85799700159857],[-73.92654035378283,40.85794348596437],[-73.92659275472403,40.857866665779525],[-73.926649034862,40.857791444083155],[-73.92670910973638,40.857717933744055],[-73.92677288943544,40.85764624554931],[-73.92684027798154,40.85757648658616],[-73.92691117424916,40.85750876152579],[-73.9271222198346,40.858109611880565],[-73.92709952023685,40.85827527101051],[-73.92705257822142,40.858441586574344],[-73.92698091134234,40.858605481672704],[-73.92688494937758,40.85876382317737],[-73.9267660251731,40.85891354134082],[-73.92662633027959,40.859051859616194],[-73.92646882741118,40.85917645492974],[-73.92629698047985,40.85928556473257],[-73.92611457948682,40.85937810366018],[-73.92592136928327,40.859499589235355],[-73.92573921378832,40.85963606588273],[-73.92557098895175,40.859786689851774],[-73.92541941371896,40.85995018157476],[-73.92528690101587,40.86012489977866],[-73.92517550986102,40.86030884714391],[-73.92508675836139,40.86049976683894],[-73.9250216271362,40.8606952267805],[-73.92500890229957,40.86075631455336],[-73.9249684813092,40.860900934495795],[-73.92493538737384,40.861110856708116],[-73.9249283292659,40.861286835046],[-73.92479253279703,40.8615356974336],[-73.92477916669033,40.861579915171546],[-73.92474153319307,40.861593638251684],[-73.92472275869338,40.86156248696554],[-73.92467728584278,40.86149664530971],[-73.92461303395655,40.86139973139816],[-73.92408161014636,40.86055507480938],[-73.92363358101052,40.85990036697999],[-73.92295854084045,40.858913893707225],[-73.92288794949759,40.85885694124603]]]]},"properties":{"nta2020":"MN1291","ntaname":"Highbridge Park"}},{"type":"Feature","geometry":{"type":"MultiPolygon","coordinates":[[[[-73.92640556854903,40.877621476537094],[-73.92635080268305,40.87759231996028],[-73.92629680992592,40.87756502787589],[-73.92631001673114,40.87755063337927],[-73.92630253542418,40.8775374308804],[-73.92629743588111,40.87752359003241],[-73.9262945620136,40.87750609002003],[-73.92629548797319,40.87748846859321],[-73.92630018894712,40.87747119789721],[-73.92630853897545,40.87745474067976],[-73.92632031432662,40.87743953789185],[-73.92633519949247,40.8774259968737],[-73.92635279564199,40.877414480439676],[-73.92637263130739,40.877405297158134],[-73.92639417501641,40.87739869308343],[-73.92642113935527,40.877366965880725],[-73.92644105079621,40.877332366950064],[-73.92645339386053,40.87729579202736],[-73.92645784901056,40.87725818800379],[-73.92644013576117,40.87721840400242],[-73.92641433024085,40.877181257319805],[-73.92638108629913,40.8771476891448],[-73.92634124625025,40.87711854999622],[-73.92629581953007,40.877094578173086],[-73.92624595712034,40.877076381049456],[-73.92619292238606,40.877064419685034],[-73.9261380590669,40.877058997144424],[-73.92608275723141,40.877060250818175],[-73.92597565610987,40.877054867950115],[-73.92586834062308,40.877056447245124],[-73.92576159488087,40.877064977163826],[-73.92565619883116,40.87708039538172],[-73.92555292256125,40.87710258924412],[-73.92545252067194,40.877131396589085],[-73.92535572676475,40.87716660693271],[-73.92526324808236,40.87720796300617],[-73.92517576034098,40.87725516263583],[-73.9251688214016,40.87728336201801],[-73.9251575024618,40.87731073231341],[-73.92513804764002,40.877342372782664],[-73.9251127543065,40.87737153784629],[-73.9250821570128,40.877397611118354],[-73.92507323779525,40.87739347740139],[-73.92502681080448,40.87737196280008],[-73.92496239613016,40.877393637585094],[-73.9248956788898,40.877410837713484],[-73.92482719737022,40.87742342441091],[-73.92474202524137,40.87743239090477],[-73.92465607183912,40.8774342277701],[-73.92457036995522,40.87742891293563],[-73.92448594935954,40.877416510263004],[-73.92440382442466,40.87739716877913],[-73.92400505010013,40.87731744265689],[-73.92386147764229,40.87727006457815],[-73.92381973555378,40.87726181221362],[-73.92377681206845,40.87725857561021],[-73.92373374677648,40.87726043315716],[-73.92369158270206,40.87726733986546],[-73.9236513410433,40.87727912845734],[-73.92361399643899,40.87729551341754],[-73.92354823367552,40.87730137973722],[-73.92329476733978,40.87726443495743],[-73.92318658338237,40.87721674534591],[-73.92315177551696,40.877201401217164],[-73.92312291445752,40.87718867791154],[-73.92309889663515,40.87716676803328],[-73.92307297768262,40.87714216713818],[-73.9229989883946,40.87710057903394],[-73.92299761359368,40.87709621197249],[-73.92296914988833,40.87705947937199],[-73.92292375203762,40.87703438615718],[-73.9229051169182,40.87702637785126],[-73.92285992854889,40.8770125216715],[-73.92283147428991,40.87700596909565],[-73.92281051453199,40.877004957648545],[-73.9228031115368,40.877013373393076],[-73.92279447112485,40.87700479815664],[-73.9228073501511,40.87699041690654],[-73.92281246559946,40.87697908255884],[-73.92279410684586,40.8769760051155],[-73.92277552540165,40.87697159722249],[-73.9227515948522,40.876953761649126],[-73.9227150627937,40.87693181751418],[-73.9226711034121,40.87691986614633],[-73.92264377370492,40.87691635230186],[-73.92262222332893,40.87693206371392],[-73.9226195590289,40.87691702609448],[-73.9226090177389,40.87691449496136],[-73.92259596880955,40.87692123368977],[-73.92258515626511,40.87691378005282],[-73.92258024072251,40.87690617725523],[-73.92258384725633,40.876896341736014],[-73.9225771952872,40.87689567689909],[-73.92258179872749,40.876878089265304],[-73.92259148720343,40.87686583293438],[-73.92256855100553,40.87685691823883],[-73.92253786207063,40.87687131046044],[-73.92249234636265,40.876848928350874],[-73.9224768908113,40.87683204457981],[-73.92242340024197,40.87680146472234],[-73.92241708393723,40.876785891920605],[-73.92239768169317,40.87678022314138],[-73.92238754641627,40.87676323220301],[-73.92237669315773,40.87675893447934],[-73.92237632196873,40.876747937368684],[-73.92237521203974,40.87655685524686],[-73.92238115454445,40.876365824505115],[-73.92239414475749,40.876174995075466],[-73.92241417242346,40.8759845167308],[-73.92244122176271,40.87579453896694],[-73.92243956678479,40.87574312154888],[-73.92244468218188,40.87569183555923],[-73.9224565168356,40.875641193342595],[-73.9224749525037,40.87559170081107],[-73.92249980500121,40.87554385239024],[-73.9225508216894,40.87543488878042],[-73.92259328602802,40.875323831637175],[-73.9226270503254,40.87521106733224],[-73.9226519971594,40.87509698817437],[-73.9226680397856,40.874981991044905],[-73.92267512243839,40.874866476016656],[-73.9226732205239,40.874750844962236],[-73.92266234070608,40.8746355001557],[-73.922642520881,40.874520842873316],[-73.9226138300464,40.87440727199744],[-73.9225763680598,40.87429518262895],[-73.92253026529043,40.87418496471256],[-73.92247568216594,40.87407700168082],[-73.922412808613,40.87397166911977],[-73.92234186339626,40.873869333462935],[-73.92226309335696,40.87377035071636],[-73.92217677255427,40.87367506522059],[-73.92208320131007,40.87358380845246],[-73.92198270516597,40.873496897872734],[-73.92187563374863,40.87341463582149],[-73.92176235955483,40.87333730846665],[-73.92164327665486,40.873265184808815],[-73.92151879932163,40.87319851574521],[-73.92138936058979,40.8731375331978],[-73.92125541074923,40.87308244930591],[-73.92111741577914,40.87303345568901],[-73.9210886829401,40.8730363936549],[-73.92105969059985,40.873036373826075],[-73.92103096478225,40.87303339656229],[-73.92097343965176,40.87301805039295],[-73.92091406868335,40.87300750631106],[-73.92085354538548,40.87300188748119],[-73.92079257672576,40.87300125953636],[-73.92073187487424,40.873005629811615],[-73.92072984122653,40.87300831476137],[-73.92072725198503,40.873010708299724],[-73.92072417808504,40.87301274485255],[-73.92072070373999,40.873014368625874],[-73.92071692413404,40.87301553513439],[-73.92071294281443,40.87301621242003],[-73.92070886885425,40.87301638192783],[-73.92070481386484,40.8730160390138],[-73.92068931274824,40.873011839955595],[-73.9206835897852,40.87300439516077],[-73.92065921317045,40.87300564906437],[-73.92063787635436,40.872998790750046],[-73.92060389439703,40.872991085113185],[-73.92056972286971,40.87299520544251],[-73.92055602106606,40.87299877396328],[-73.92052553083953,40.8730169898394],[-73.92049019600645,40.873032195334865],[-73.92045784203479,40.87304447139207],[-73.92042553462315,40.87305452980517],[-73.92038723144371,40.873072665709245],[-73.92035690847119,40.87307978578147],[-73.92032849534033,40.8730898803594],[-73.9203019234,40.87310590584002],[-73.92029230572703,40.873098416622796],[-73.92027634052175,40.87310597879884],[-73.92025767981437,40.87312122639761],[-73.92022383019845,40.873149805012204],[-73.92019427081448,40.87316590077245],[-73.92016846718035,40.87316839593478],[-73.92015078813219,40.87318212694096],[-73.9201340570572,40.873192834478466],[-73.92012536070148,40.873208748823735],[-73.92010368749649,40.873221761233005],[-73.92008500471871,40.873234746057534],[-73.92006343503765,40.873253787509775],[-73.92004996719784,40.873283329205954],[-73.92001877553794,40.8733235777331],[-73.91999041526307,40.87335399345241],[-73.91998138656088,40.873380848973895],[-73.91997170843752,40.87339827820531],[-73.9199579782898,40.8734097135068],[-73.91995560487786,40.87345046513665],[-73.91996685684579,40.87347149119096],[-73.91996014690885,40.873487387635556],[-73.91996152695465,40.873513021258844],[-73.91996579612345,40.87353260060088],[-73.9199520088965,40.87354101174004],[-73.91994924637937,40.87355537557524],[-73.9199446246658,40.87357803803839],[-73.91992890927833,40.87359024423912],[-73.91992699169874,40.87359479249315],[-73.91991209834775,40.873595676394935],[-73.91990536325109,40.87361081913334],[-73.91987352155941,40.87360808198681],[-73.9198288523095,40.873610732500566],[-73.91979301672416,40.873606512158005],[-73.91979277649067,40.873646311055815],[-73.91983229848532,40.87365245042029],[-73.91987188079324,40.87364883680253],[-73.91989957882036,40.873648933426786],[-73.91992525757013,40.87365427428503],[-73.9199419807086,40.87366934602091],[-73.91995774794708,40.8736791637435],[-73.91995366404522,40.87370092413421],[-73.91994859388684,40.87372192261692],[-73.9199544749417,40.87373020567359],[-73.91995934351043,40.873744485846785],[-73.91996224003286,40.87375575929291],[-73.91996707895035,40.873773040951306],[-73.91997384763368,40.87379784119863],[-73.91998163535098,40.873819643996434],[-73.91997464566946,40.87382938160591],[-73.91998543900768,40.87384443330821],[-73.9199987874959,40.873845605171006],[-73.92012987176467,40.873923390701165],[-73.92014481681673,40.873905427019665],[-73.92017044205042,40.87391977984269],[-73.9201554947968,40.873937742185824],[-73.92019591546101,40.87396115934374],[-73.92021382177705,40.873943955909404],[-73.9202413947941,40.873962817934306],[-73.92022250884892,40.87397851650842],[-73.92029151637314,40.874016296023434],[-73.92035164809928,40.874051043239426],[-73.92040584540679,40.87408426991451],[-73.92044131562498,40.87410690911344],[-73.92047377562697,40.874137059289296],[-73.92049985349443,40.87416005032828],[-73.92054444499338,40.87414518189632],[-73.92057687274603,40.87418058319024],[-73.92060639037845,40.874206962542964],[-73.92062699165622,40.874234811631496],[-73.92076966714161,40.874177385865615],[-73.92078761461565,40.87417891158716],[-73.92080255630286,40.87419405936946],[-73.9208075130687,40.874215260602746],[-73.92066084429314,40.87427874246653],[-73.92066980301328,40.87429691178143],[-73.92068572694251,40.87432341461333],[-73.92069665918827,40.87434840144955],[-73.92071107412308,40.87438739424243],[-73.92070010598914,40.87439193411217],[-73.92071604571976,40.87440632505283],[-73.92072498444527,40.87443055532365],[-73.92074290853479,40.8744517555821],[-73.92075785117537,40.87446614650204],[-73.92075483429682,40.87448961102218],[-73.92076677770551,40.87451081688603],[-73.92078070500605,40.87453125853127],[-73.9207816924167,40.874539588776905],[-73.92079265694446,40.87454717000806],[-73.92078865109998,40.87456306014492],[-73.92080359467634,40.874576694526475],[-73.92079957959731,40.87459107393686],[-73.92080954431862,40.874600923241125],[-73.92081650482736,40.87461379460454],[-73.92081649581893,40.874621359089495],[-73.92082945349202,40.874628941014485],[-73.92084240240146,40.87464333055527],[-73.92083940266551,40.874652414430614],[-73.92084337428213,40.87466452838175],[-73.92085235584432,40.87466377918182],[-73.92086879559815,40.87467627994896],[-73.92088273221427,40.87468839151745],[-73.92088671102694,40.87470429684744],[-73.92089167392983,40.87472095067357],[-73.920905614827,40.87473912254612],[-73.92091956358885,40.87475124483981],[-73.92092254079128,40.87476184470581],[-73.92091453517739,40.87478001075041],[-73.9209155093667,40.874798175242454],[-73.92092349157345,40.87479969260532],[-73.92092746229719,40.87481331995336],[-73.9209384181303,40.8748277084522],[-73.92094736912121,40.87484285210953],[-73.92097230704749,40.87484135578892],[-73.92098723992684,40.87486407623873],[-73.92098721924138,40.87488148351584],[-73.92100015808852,40.87489512470709],[-73.9210161056592,40.874902700113715],[-73.92103202290858,40.87493450816884],[-73.92105493692358,40.87496025919674],[-73.92108133530843,40.87497806130201],[-73.92111420160488,40.875013662593716],[-73.92114009384979,40.87504849286115],[-73.92115600330602,40.87507727425917],[-73.92116695630614,40.87509468903241],[-73.92117492688597,40.875106048834844],[-73.92117491342414,40.87511740418878],[-73.92118186508976,40.875137840850826],[-73.9211698884575,40.875143892973966],[-73.92116987769575,40.87515297018757],[-73.92117284868125,40.87516811811759],[-73.92116885342728,40.875175679208844],[-73.9211698417931,40.875183252918006],[-73.92115787665247,40.87518853980366],[-73.92115986015386,40.875196114862895],[-73.92114389543738,40.87520366777546],[-73.92114588498275,40.87520670380975],[-73.92113391038936,40.87520972125558],[-73.92113190442407,40.87522183111032],[-73.92112690618762,40.87523469545274],[-73.9211109446201,40.87523846720664],[-73.92110394084412,40.87525284290755],[-73.921112903641,40.875267230696124],[-73.92110691408502,40.875276311528495],[-73.92110491037751,40.875285396760745],[-73.9210799642233,40.87529294352392],[-73.92106199576536,40.87530883400268],[-73.92105700109708,40.87531941969971],[-73.92103602143578,40.875343628802355],[-73.9210240353182,40.87536784372109],[-73.92101105768876,40.87537692077104],[-73.92099010857609,40.875385235996916],[-73.92097812109449,40.875400364810524],[-73.92096913044065,40.875418521471175],[-73.92095515364662,40.87542911123102],[-73.92093020805649,40.87543742320603],[-73.92092920057632,40.87544649923364],[-73.92091823046628,40.87545330838525],[-73.92091322183165,40.875464660315345],[-73.92090325515422,40.875466166382765],[-73.92089428451283,40.87545783117018],[-73.92087559199673,40.87546395002346],[-73.92080609643993,40.875477492972905],[-73.92076162738192,40.87545799596911],[-73.9207209780562,40.875434216675096],[-73.92065217843158,40.875400918469445],[-73.92060838741457,40.875386637861055],[-73.92056771003354,40.87538660987009],[-73.92048327708252,40.87534379874357],[-73.92038631582827,40.87531048063602],[-73.9202956152609,40.87527479180078],[-73.92026124411322,40.875234390883136],[-73.92021746382623,40.87521298438497],[-73.92012676655648,40.875174920280756],[-73.92005171240437,40.875139241075665],[-73.91997664865315,40.87511068773084],[-73.91995161400274,40.8751130455063],[-73.91987964506352,40.8751129955634],[-73.91981708805659,40.87509395118059],[-73.91974204739259,40.875046396596204],[-73.91969828107642,40.87501311472326],[-73.9196638817289,40.874996465654526],[-73.91962633653769,40.874994063704],[-73.91959507734393,40.874967915747575],[-73.91956066367895,40.874963142327324],[-73.91951686588487,40.874955986042],[-73.91940428333555,40.874903655107744],[-73.9192572909275,40.87484417474666],[-73.91917909122323,40.874822743765705],[-73.91913216360949,40.87481558514219],[-73.91909777317574,40.87479181066386],[-73.91900082276354,40.87475136547895],[-73.91894454965697,40.87471094878999],[-73.91887525897296,40.87467899589022],[-73.918848809211,40.874617976385096],[-73.91888377880666,40.8745568997149],[-73.91894166292741,40.87451143717757],[-73.91899807563085,40.874437848847144],[-73.91903564984806,40.87441649947425],[-73.91906385401646,40.874380892019026],[-73.91908892442908,40.87435003297085],[-73.91908582428354,40.87432627991829],[-73.91910463835946,40.87429304167657],[-73.91911409684639,40.87423367001939],[-73.91914856074126,40.874198068604876],[-73.91917676964738,40.87415771118266],[-73.91918930667346,40.874141093827284],[-73.91919563646876,40.87408171997102],[-73.91919573460348,40.87400096734863],[-73.91921148010462,40.87391784886674],[-73.91925225908247,40.87383474873801],[-73.9192586234015,40.87374687357347],[-73.91924621050313,40.87366136057504],[-73.91927438317983,40.87365188090477],[-73.91924001060697,40.873613854472524],[-73.91922123918908,40.873611466530974],[-73.91918371011128,40.873597189759366],[-73.91915247396872,40.87355204075171],[-73.91909936258139,40.87348550015513],[-73.91905250107584,40.873426089668136],[-73.91899937186666,40.87337380001034],[-73.91892851230497,40.87331651021589],[-73.91891581319233,40.873324413229206],[-73.91889712993492,40.87332690205364],[-73.91888247982249,40.87332689175667],[-73.91887149110971,40.873327718463116],[-73.91886415724966,40.87333438574106],[-73.9188601206755,40.8733407779192],[-73.91884839620353,40.87334410505436],[-73.91883850364273,40.8733460440424],[-73.91882934850243,40.87334520434468],[-73.91882129028238,40.873345754182075],[-73.91881139726142,40.87334824984583],[-73.91879967618041,40.87334879710469],[-73.91878759190418,40.87334712040885],[-73.91877587467675,40.873344332456085],[-73.91876599252352,40.8733379313215],[-73.91875831278338,40.87332819434691],[-73.91874770183523,40.87332040292834],[-73.91873744949812,40.873316780901796],[-73.91872536896742,40.873312046072854],[-73.9187198811285,40.87330703763089],[-73.91871329183662,40.87330453137131],[-73.91871329727557,40.87330008230397],[-73.91871355980695,40.87329293864556],[-73.91871367576073,40.8732897965016],[-73.9187048926785,40.8732833951308],[-73.91869757440722,40.87327838640337],[-73.91869941400378,40.873271436507295],[-73.91870894542367,40.873265048708056],[-73.9187170111125,40.87325838195536],[-73.91872251096116,40.87325338125215],[-73.91872288218924,40.87324921170298],[-73.91872032112597,40.87324642952282],[-73.91871336287161,40.87324642462172],[-73.918707500971,40.87324808868481],[-73.9186957749448,40.873251971979194],[-73.91867159930946,40.873253901894216],[-73.91865986974125,40.87326139982248],[-73.91865289939625,40.873270013791014],[-73.91864886008544,40.8732786293229],[-73.91864116504263,40.87328195978001],[-73.91863200450747,40.87328445594483],[-73.91861745777868,40.87328635594993],[-73.9186034886985,40.873286016747954],[-73.91858681154766,40.873277872588076],[-73.9185703476018,40.87326269161244],[-73.91856521191309,40.87325127214551],[-73.91856571323925,40.8732446786333],[-73.91856625786373,40.87323750987821],[-73.91855082542595,40.873222173161295],[-73.91853126321536,40.873213088661615],[-73.91852666929822,40.87321323099572],[-73.91851642893513,40.87321354808969],[-73.91850799095154,40.873206504329836],[-73.9185038805391,40.87319821290017],[-73.91849995662193,40.87319171560401],[-73.91848115734186,40.87319561130342],[-73.91844037849654,40.873197351195984],[-73.91840892149025,40.873197328959314],[-73.91839143131394,40.87320881368361],[-73.9183972280827,40.87323181213369],[-73.91841698758448,40.873269853283524],[-73.91844725919323,40.873286678392354],[-73.9184949971543,40.87331147517513],[-73.91853226317997,40.87332476661664],[-73.91859397284928,40.87335664804467],[-73.91861259668146,40.87337081116361],[-73.91862886553942,40.873405313575034],[-73.91862765828594,40.873439802657174],[-73.91861247219596,40.87347251418049],[-73.91859729866316,40.87349549732527],[-73.9185728304931,40.87349636441599],[-73.91856116377701,40.87350962181278],[-73.91852735311049,40.87352817019719],[-73.91849587276052,40.87354760457045],[-73.91846904628126,40.87357146281525],[-73.91845390521401,40.873567914705255],[-73.91843877628337,40.87355375403138],[-73.91841198255509,40.87355108220005],[-73.91840148169123,40.873562572201536],[-73.91842475554564,40.873585582167586],[-73.91842473601622,40.873601500674354],[-73.91841772010476,40.87362183666997],[-73.91841071224552,40.873636866050646],[-73.91838740472794,40.873641271836945],[-73.91837340807098,40.87365452756669],[-73.91835241610362,40.87367131575736],[-73.91832792070926,40.87369429176777],[-73.91829527254013,40.87371460961226],[-73.91824631256627,40.873736684096095],[-73.91819852325497,40.87375345427654],[-73.91817869735254,40.873769358406435],[-73.91816235897635,40.87379145631416],[-73.91814717650598,40.873821514215564],[-73.91812269078602,40.87383653118006],[-73.91810403620767,40.87384713068064],[-73.91805893427565,40.8738498679842],[-73.9180516579742,40.87386254546673],[-73.91803715672657,40.87389725829081],[-73.91794108366345,40.87398314781048],[-73.91792902917979,40.87397889320524],[-73.91775468095318,40.87424853456634],[-73.91776990325678,40.87425430334012],[-73.9175772988473,40.874548678547384],[-73.91749921000472,40.874520079042945],[-73.91769066058569,40.87422522218334],[-73.91770931109484,40.874232494079514],[-73.9178903203217,40.87396247775138],[-73.91788506630628,40.87396025014775],[-73.91787144917501,40.87390499528883],[-73.91773016270119,40.87402315972232],[-73.91768683114125,40.87403599474198],[-73.91762086261484,40.874078833507134],[-73.91756808351947,40.87411739290499],[-73.91750587170966,40.874168811454595],[-73.91740413198764,40.87420304735135],[-73.91730050739558,40.87423871127962],[-73.91724588303666,40.874245819816984],[-73.91715920917858,40.8742800663001],[-73.91708950038661,40.87430145932454],[-73.91705554600371,40.874345750232976],[-73.91696700543396,40.874367129311494],[-73.9168973268617,40.874364220714575],[-73.91678994492887,40.874392733280295],[-73.91669385504383,40.87442554315161],[-73.91660905444867,40.87446836774005],[-73.91648661730285,40.87448686300674],[-73.91643573932065,40.87450969923614],[-73.91634348667561,40.87452384988984],[-73.916212163228,40.87450358386804],[-73.91609852720362,40.874500158389395],[-73.9160167512427,40.87451484945601],[-73.9158903312501,40.87451963732452],[-73.91576604987803,40.8745276775629],[-73.9156846308446,40.87452761810526],[-73.91557751037355,40.8745194089049],[-73.91540183736201,40.8745030163075],[-73.91522402079842,40.874486621867824],[-73.91506980141524,40.87444910214087],[-73.91498198607032,40.87442464163753],[-73.91463283278519,40.87432662109699],[-73.914221679059,40.87419960314319],[-73.91419784904603,40.87418935531272],[-73.91399706226252,40.87412628596044],[-73.9139027384923,40.87409569967246],[-73.91358513705576,40.874025379786126],[-73.91349743189721,40.873988321019915],[-73.91334510510247,40.87394421491237],[-73.91329373384129,40.873935586426455],[-73.9132489069343,40.87392050299008],[-73.91319419253581,40.87388538139605],[-73.91314256425343,40.87386085272368],[-73.91309558920298,40.87384574901569],[-73.91303997948576,40.873833821045615],[-73.91298019756938,40.87383535572198],[-73.91288986719734,40.873825895237516],[-73.91273154132959,40.8737950822537],[-73.91261073308618,40.87375731562071],[-73.91250279259326,40.87371941237049],[-73.91228918621314,40.87362890431906],[-73.91207818471554,40.87352463367665],[-73.91163815732516,40.87330236484544],[-73.91157791409368,40.87327158797705],[-73.91151516034965,40.87323663012734],[-73.91166304856444,40.873126756474214],[-73.91176296391379,40.87305252463931],[-73.91182581979886,40.87299521244143],[-73.91188383732924,40.8729350322097],[-73.91193679050069,40.87287221810929],[-73.91198447195264,40.8728070161785],[-73.91207450799781,40.8727078953788],[-73.91216936131924,40.87261139813733],[-73.9122688993609,40.872517659286544],[-73.9123729836904,40.8724268098096],[-73.9124814682112,40.8723389766752],[-73.912594201325,40.872254282609276],[-73.91326815468233,40.87172372450195],[-73.91381371215034,40.871300547774354],[-73.91400985416992,40.871160593864666],[-73.9140903715633,40.871194632169974],[-73.91414729116272,40.87121653878183],[-73.91505692571246,40.871602897043836],[-73.91627785333326,40.87211564521827],[-73.91717258083182,40.87249664231401],[-73.91842924397557,40.873009778733596],[-73.91945895048647,40.87224928120543],[-73.91969887531994,40.872063531039],[-73.91925481601531,40.87100784280284],[-73.92089662956921,40.86987702027951],[-73.92153136401495,40.86945006948451],[-73.921626226182,40.86939218466785],[-73.92172402896408,40.869337192293195],[-73.92182461940916,40.86928517835821],[-73.92192784084025,40.86923622421689],[-73.92203353120068,40.8691904064287],[-73.92214152520687,40.86914779664342],[-73.92234360638932,40.86945904067072],[-73.92382143365798,40.86901838166732],[-73.92619847735759,40.86851350036838],[-73.92639286284184,40.868390939927636],[-73.92700250526887,40.86795126028607],[-73.92872643114075,40.86674142822075],[-73.9293410403686,40.867257241141274],[-73.92998961730234,40.867792410870784],[-73.93091942301153,40.8685710014899],[-73.93117877468013,40.86876886854805],[-73.93127671427395,40.868843595243376],[-73.93141437292331,40.868961929073514],[-73.93150384484599,40.86903522156934],[-73.93150368633033,40.8693287936801],[-73.93156536939784,40.86958215843729],[-73.9321985504886,40.869844871413356],[-73.93220600465656,40.870096445104245],[-73.93212328460895,40.870378943607584],[-73.93204740481448,40.87058290346429],[-73.93203156926732,40.87075720203239],[-73.93191377136752,40.87112949422548],[-73.9317844012482,40.87133442292396],[-73.93160149587301,40.87158387547019],[-73.9314682113937,40.87179771620673],[-73.93137655898947,40.87210862736079],[-73.93122107559076,40.8723353228561],[-73.93106254199596,40.872666806528926],[-73.93084511434465,40.872887170308026],[-73.93068381818156,40.87315687690065],[-73.92997686743148,40.874338962330604],[-73.92986215062565,40.87441844152531],[-73.9293191881939,40.87529443856109],[-73.92917968255965,40.875555548966595],[-73.92901345809838,40.87573865958775],[-73.92859002632886,40.876096009792555],[-73.92832976902338,40.876353468581954],[-73.92814623537303,40.87652252944633],[-73.92803638576795,40.876582442003574],[-73.9279659464341,40.876617685879296],[-73.92753082127489,40.87671053481323],[-73.92689940502429,40.87721663393227],[-73.92660824434229,40.877507631714586],[-73.92653096278465,40.87758369077755],[-73.92648185718377,40.877618203520676],[-73.92641591454836,40.87761004719839],[-73.92640556854903,40.877621476537094]]],[[[-73.92359172508976,40.8789521593326],[-73.92361150251848,40.878900860908686],[-73.92359742020446,40.87889871249026],[-73.92361719191469,40.878852758033574],[-73.92362423150735,40.878854901789126],[-73.92363695222997,40.87881535593184],[-73.9236791931174,40.87882607399625],[-73.9236664792692,40.87886349701565],[-73.9236777382445,40.87886562613624],[-73.92366219321842,40.87891158339897],[-73.92365233486954,40.87891157687778],[-73.92362973884111,40.87896394391315],[-73.92359172508976,40.8789521593326]]]]},"properties":{"nta2020":"MN1292","ntaname":"Inwood Hill Park"}},{"type":"Feature","geometry":{"type":"MultiPolygon","coordinates":[[[[-73.94923327016367,40.7968719999053],[-73.94942287749448,40.79660638483073],[-73.94968682842163,40.796216985882914],[-73.95015821160811,40.79558773217438],[-73.95062885387514,40.79495959204631],[-73.95111102306247,40.79428503582438],[-73.95160265364838,40.79360780661914],[-73.95207127012497,40.79298117248589],[-73.95252222638707,40.7923476228955],[-73.95297740553535,40.791719693670835],[-73.95309827540682,40.79155275291248],[-73.95316044840538,40.791466881886],[-73.95343683772947,40.79108514204173],[-73.95388917014776,40.790470499559376],[-73.95439919103133,40.78977490866755],[-73.9548172368436,40.78920474503987],[-73.95510416948366,40.788822072423095],[-73.95528233414731,40.78858445548817],[-73.95577735758036,40.78791392447064],[-73.95626130831457,40.78722287678228],[-73.95671862998218,40.786600794327086],[-73.95716243258384,40.785979638761916],[-73.95763599235518,40.78534345832344],[-73.95810353289924,40.784713004730925],[-73.95856809945384,40.78408344454221],[-73.9590117652701,40.78346128530477],[-73.95946905991516,40.782833321664626],[-73.9599209422003,40.782212944507414],[-73.96041430521686,40.781524268474705],[-73.96091016072192,40.78085703602685],[-73.96136872606758,40.780229749717584],[-73.96183836839708,40.77958419269878],[-73.96230361413694,40.77894704187489],[-73.96276715427432,40.77831304088846],[-73.96313459803535,40.77780805178096],[-73.96322991822858,40.77767704803186],[-73.9637260260802,40.777005718569974],[-73.96376123785065,40.77695097043736],[-73.96422820041792,40.77631030968491],[-73.96468735709493,40.77567708238524],[-73.96514745286605,40.77504423259224],[-73.96560968533342,40.77440720211544],[-73.96607448908784,40.773772989099946],[-73.96653616947071,40.77314036909276],[-73.96703947447702,40.77246121948631],[-73.96753398378233,40.771776184654115],[-73.96799327710882,40.77114723145525],[-73.96844155867254,40.77051632737561],[-73.96890454556068,40.769900832293445],[-73.9693648454653,40.76927065749321],[-73.96951605111292,40.76906520109458],[-73.96982455199645,40.76864600949088],[-73.97028165436144,40.76802503293228],[-73.97072777348453,40.76739372342133],[-73.97118520913466,40.76677029067497],[-73.97164774202095,40.76614246897514],[-73.9720985231214,40.765517251729946],[-73.97255352207601,40.764897732393415],[-73.97301487176121,40.76427887944539],[-73.97363584544792,40.76456991427832],[-73.97419228933254,40.76480652900197],[-73.97623388642693,40.76567463211451],[-73.97836112821051,40.766573711989636],[-73.97907658623869,40.76687608680492],[-73.98149121360566,40.767881199603515],[-73.98146797083336,40.76791887588072],[-73.98144993682224,40.76795816685908],[-73.98143730204843,40.7679986575656],[-73.9814301999647,40.768039920355555],[-73.98142870556222,40.768081519454825],[-73.98143283466636,40.76812301548736],[-73.98144254367759,40.768163970188205],[-73.98145773006304,40.76820395100902],[-73.98148203841929,40.76824242087677],[-73.98151200007102,40.768278512262405],[-73.98154721809718,40.768311747029784],[-73.98158722628571,40.76834168467607],[-73.98163149424346,40.76836792876228],[-73.98167943551239,40.768390131606296],[-73.98102289962173,40.769272834229845],[-73.98056370600722,40.769905325236145],[-73.98011181473575,40.770528369348526],[-73.97965233314095,40.771155327542616],[-73.97919214357717,40.771781266001256],[-73.97872246726017,40.77241889878781],[-73.97828220014146,40.773031879408244],[-73.97782639298838,40.77365619242445],[-73.97737084838796,40.77428100771633],[-73.97691168226288,40.774909124027175],[-73.9764577724561,40.7755325377544],[-73.97595517295005,40.7762197551289],[-73.97545932367628,40.77689872272676],[-73.9750011183183,40.77752777991658],[-73.974754240142,40.77786469309968],[-73.97453231356181,40.77816778502559],[-73.97429294708233,40.77849798945608],[-73.97406668103346,40.778805417391496],[-73.97357117357147,40.779477862291245],[-73.97172305555839,40.782021476462404],[-73.97122292220932,40.78270625609018],[-73.97076013028558,40.78334013755357],[-73.97030068162124,40.78397541394867],[-73.96983225490668,40.78461091125633],[-73.96933573164641,40.78529328005942],[-73.96910950437494,40.78560328120225],[-73.96908608547696,40.78563969641441],[-73.96885036817855,40.7859740529882],[-73.96838479313631,40.78659569719424],[-73.9679269620018,40.78722157112577],[-73.96744908284967,40.78786072109297],[-73.96700976919085,40.78847679124453],[-73.96655226678882,40.7891071534958],[-73.96609500484251,40.78973439026914],[-73.96562799450462,40.79036611763153],[-73.96517705432885,40.79099034109932],[-73.96468540607225,40.79166402679862],[-73.96417598455193,40.792362045027716],[-73.96380600911228,40.79287990180815],[-73.96371100568128,40.793009029049855],[-73.96321832612631,40.79367857394815],[-73.96307930960458,40.793867877333014],[-73.9629757939646,40.794016181496275],[-73.962821497377,40.794237236194],[-73.96235979996327,40.79485206123042],[-73.96189985306617,40.79547927056339],[-73.96144060567532,40.79611082768643],[-73.96097971719728,40.79673864454776],[-73.96074784935983,40.797055976660126],[-73.96052271603409,40.797368469462306],[-73.9600301843706,40.79803810839966],[-73.95953658802033,40.798718526023094],[-73.95907669072292,40.79935223392784],[-73.95861879190566,40.79997702615442],[-73.95833304868411,40.80036505451611],[-73.95817296971542,40.80058254195962],[-73.95786499207041,40.80051527294146],[-73.95536651620195,40.79946642708668],[-73.9553036392048,40.79944050119987],[-73.95525763516926,40.79942119889413],[-73.95522296477984,40.799406646617776],[-73.95276726824007,40.79837209207127],[-73.95253186666169,40.79826974269244],[-73.95246092785237,40.79824249468065],[-73.95237418996642,40.79820977124773],[-73.95094228217191,40.797603118340454],[-73.9497477293007,40.79709700227081],[-73.94923327016367,40.7968719999053]]]]},"properties":{"nta2020":"MN6491","ntaname":"Central Park"}}],"crs":{"type":"name","properties":{"name":"urn:ogc:def:crs:OGC:1.3:CRS84"}}}