{"type":"FeatureCollection","features":[{"type":"Feature","properties":{"route":"M100","mta_route":"M100","direction":"N","shape_id":"M1000119"},"geometry":{"type":"MultiLineString","coordinates":[[[-73.953041,40.810959],[-73.954009,40.811372],[-73.954549,40.811602],[-73.954769,40.811722],[-73.954929,40.811842],[-73.955079,40.811972],[-73.955299,40.812222],[-73.955529,40.812492],[-73.956249,40.813342],[-73.955941,40.813775],[-73.955689,40.814132],[-73.955459,40.814472],[-73.955419,40.814532],[-73.954999,40.815102],[-73.954569,40.815702],[-73.954549,40.815732],[-73.954239,40.816152],[-73.954089,40.816352],[-73.954059,40.816402],[-73.953828,40.816714],[-73.953719,40.816862],[-73.953189,40.817582],[-73.953139,40.817652],[-73.952749,40.818192],[-73.952729,40.818222],[-73.952209,40.818912],[-73.951899,40.81934],[-73.951739,40.819562],[-73.950869,40.820742],[-73.950819,40.820812],[-73.950634,40.821065],[-73.950359,40.821442],[-73.949909,40.822062],[-73.949459,40.822692],[-73.949029,40.823312],[-73.948569,40.823942],[-73.948319,40.824267],[-73.948209,40.824412],[-73.948099,40.824552],[-73.947599,40.825232],[-73.947294,40.825657],[-73.947119,40.825902],[-73.947079,40.825962],[-73.946819,40.826302],[-73.946709,40.826452],[-73.946659,40.826522],[-73.946199,40.827142],[-73.945749,40.827772],[-73.945482,40.828132],[-73.945289,40.828392],[-73.944839,40.829022],[-73.944379,40.829642],[-73.944168,40.82993],[-73.943949,40.830232],[-73.943929,40.830262],[-73.943469,40.830892],[-73.942999,40.831572],[-73.942897,40.831712],[-73.942609,40.832112],[-73.942509,40.832242],[-73.942029,40.832862],[-73.941579,40.833482],[-73.941439,40.833666],[-73.941119,40.834092],[-73.940659,40.834722],[-73.940262,40.835266],[-73.940199,40.835352],[-73.939899,40.835782],[-73.939359,40.836512],[-73.939299,40.836602],[-73.940139,40.836952],[-73.940123,40.837032],[-73.939989,40.837712],[-73.939869,40.838502],[-73.939889,40.838852],[-73.939909,40.839262],[-73.939899,40.839442],[-73.939879,40.839562],[-73.939829,40.839772],[-73.939689,40.840262],[-73.939589,40.84061],[-73.939489,40.840962],[-73.939389,40.841292],[-73.939359,40.841432],[-73.939349,40.841562],[-73.939299,40.841652],[-73.939279,40.841762],[-73.939279,40.841882],[-73.939239,40.842402],[-73.939179,40.843212],[-73.939149,40.843392],[-73.939117,40.843525],[-73.939019,40.843932],[-73.938839,40.844672],[-73.938829,40.844732],[-73.938669,40.845422],[-73.938439,40.846192],[-73.938359,40.846498],[-73.938249,40.846922],[-73.938039,40.847542],[-73.937979,40.847712],[-73.937749,40.848252],[-73.937689,40.848362],[-73.937569,40.848502],[-73.937459,40.848602],[-73.937387,40.848667],[-73.937339,40.848712],[-73.937229,40.848802],[-73.937089,40.848922],[-73.936399,40.849522],[-73.936029,40.849832],[-73.935869,40.849992],[-73.935797,40.850084],[-73.935729,40.850172],[-73.935429,40.850772],[-73.935089,40.851442],[-73.934779,40.852062],[-73.934759,40.852102],[-73.934703,40.852207],[-73.934439,40.852702],[-73.934309,40.852952],[-73.934199,40.853192],[-73.933959,40.853652],[-73.933729,40.854092],[-73.933699,40.854152],[-73.933598,40.854472],[-73.933329,40.855322],[-73.933269,40.855472],[-73.933209,40.855602],[-73.933139,40.855742],[-73.932849,40.856292],[-73.932739,40.856482],[-73.932629,40.856692],[-73.932479,40.856991],[-73.932059,40.857832],[-73.931829,40.858252],[-73.931679,40.858522],[-73.931666,40.85855],[-73.931529,40.858842],[-73.931339,40.859292],[-73.931189,40.859672],[-73.930979,40.860222],[-73.930869,40.860452],[-73.930759,40.860642],[-73.930649,40.860832],[-73.930603,40.860907],[-73.930539,40.861012],[-73.930199,40.861602],[-73.930079,40.861852],[-73.930029,40.862002],[-73.929979,40.862222],[-73.929949,40.862462],[-73.929949,40.862592],[-73.929969,40.862722],[-73.929997,40.862898],[-73.930029,40.863092],[-73.930029,40.863242],[-73.930019,40.863342],[-73.930009,40.863412],[-73.929989,40.863482],[-73.929969,40.863562],[-73.929869,40.863772],[-73.929779,40.863882],[-73.929419,40.864242],[-73.929259,40.864382],[-73.929119,40.864502],[-73.928879,40.864662],[-73.928749,40.864732],[-73.928349,40.864952],[-73.928119,40.865072],[-73.927759,40.865262],[-73.927239,40.865522],[-73.927128,40.865343],[-73.926629,40.864532],[-73.926009,40.863562],[-73.92591,40.863408],[-73.925379,40.862582],[-73.924729,40.861582],[-73.924689,40.861522],[-73.924619,40.861402],[-73.924567,40.861321],[-73.924299,40.860902],[-73.924089,40.860572],[-73.923679,40.859922],[-73.923289,40.859312],[-73.923099,40.859012],[-73.922969,40.858802],[-73.922449,40.859572],[-73.922369,40.859692],[-73.922079,40.860102],[-73.921999,40.860222],[-73.921669,40.860682],[-73.921489,40.860942],[-73.921239,40.861302],[-73.921189,40.861372],[-73.921096,40.861495],[-73.920979,40.861652],[-73.920779,40.861922],[-73.920289,40.862592],[-73.919869,40.863162],[-73.919779,40.863282],[-73.919629,40.863482],[-73.919399,40.863792],[-73.919299,40.863932],[-73.919062,40.864262],[-73.918919,40.864462],[-73.918429,40.865132],[-73.918119,40.865562],[-73.917979,40.865742],[-73.917315,40.866637],[-73.917179,40.866822],[-73.917059,40.867012],[-73.916589,40.867622],[-73.916139,40.868242],[-73.915679,40.868872],[-73.915334,40.869318],[-73.915169,40.869532],[-73.914699,40.870232],[-73.914359,40.870722],[-73.914139,40.871042],[-73.914069,40.871172],[-73.913459,40.871772],[-73.912749,40.872322],[-73.912582,40.872464]]]}},{"type":"Feature","properties":{"route":"M100","mta_route":"M100","direction":"S","shape_id":"M1000113"},"geometry":{"type":"MultiLineString","coordinates":[[[-73.912473,40.872558],[-73.911999,40.872962],[-73.911589,40.872722],[-73.911389,40.872512],[-73.911219,40.872282],[-73.911069,40.872032],[-73.911059,40.871972],[-73.911069,40.871872],[-73.911239,40.871642],[-73.911689,40.871022],[-73.912159,40.870372],[-73.912849,40.869442],[-73.913339,40.868762],[-73.915169,40.869532],[-73.915599,40.868975],[-73.915679,40.868872],[-73.916139,40.868242],[-73.916589,40.867622],[-73.917023,40.867058],[-73.917059,40.867012],[-73.917179,40.866822],[-73.917979,40.865742],[-73.918119,40.865562],[-73.918429,40.865132],[-73.918713,40.864743],[-73.918919,40.864462],[-73.919299,40.863932],[-73.919399,40.863792],[-73.919629,40.863482],[-73.919839,40.863402],[-73.920339,40.863212],[-73.920609,40.863112],[-73.920539,40.862992],[-73.920289,40.862592],[-73.920779,40.861922],[-73.920979,40.861652],[-73.921189,40.861372],[-73.921239,40.861302],[-73.921311,40.861198],[-73.921489,40.860942],[-73.921669,40.860682],[-73.921999,40.860222],[-73.922079,40.860102],[-73.922369,40.859692],[-73.922969,40.858802],[-73.923099,40.859012],[-73.923262,40.859269],[-73.923289,40.859312],[-73.923679,40.859922],[-73.924089,40.860572],[-73.924299,40.860902],[-73.924619,40.861402],[-73.924689,40.861522],[-73.924691,40.861525],[-73.924729,40.861582],[-73.925379,40.862582],[-73.925952,40.863473],[-73.926009,40.863562],[-73.926629,40.864532],[-73.927239,40.865522],[-73.927759,40.865262],[-73.928044,40.865111],[-73.928119,40.865072],[-73.928349,40.864952],[-73.928749,40.864732],[-73.928879,40.864662],[-73.929119,40.864502],[-73.929259,40.864382],[-73.929419,40.864242],[-73.929779,40.863882],[-73.929869,40.863772],[-73.929969,40.863562],[-73.929989,40.863482],[-73.929989,40.863481],[-73.930009,40.863412],[-73.930019,40.863342],[-73.930029,40.863242],[-73.930029,40.863092],[-73.929969,40.862722],[-73.929949,40.862592],[-73.929949,40.862462],[-73.929979,40.862222],[-73.930029,40.862002],[-73.930079,40.861852],[-73.930143,40.861718],[-73.930199,40.861602],[-73.930539,40.861012],[-73.930649,40.860832],[-73.930759,40.860642],[-73.930869,40.860452],[-73.930979,40.860222],[-73.931165,40.859732],[-73.931189,40.859672],[-73.931339,40.859292],[-73.931529,40.858842],[-73.931679,40.858522],[-73.931829,40.858252],[-73.932059,40.857832],[-73.932231,40.857488],[-73.932629,40.856692],[-73.932739,40.856482],[-73.932849,40.856292],[-73.932906,40.856183],[-73.933139,40.855742],[-73.933209,40.855602],[-73.933269,40.855472],[-73.933329,40.855322],[-73.933699,40.854152],[-73.933729,40.854092],[-73.933837,40.853885],[-73.933959,40.853652],[-73.934199,40.853192],[-73.934309,40.852952],[-73.934439,40.852702],[-73.934557,40.85248],[-73.934759,40.852102],[-73.934779,40.852062],[-73.935089,40.851442],[-73.935429,40.850772],[-73.935729,40.850172],[-73.935869,40.849992],[-73.935977,40.849883],[-73.937653,40.848403],[-73.937689,40.848362],[-73.937749,40.848252],[-73.937979,40.847712],[-73.938039,40.847542],[-73.938249,40.846922],[-73.938322,40.846641],[-73.938439,40.846192],[-73.938669,40.845422],[-73.938829,40.844732],[-73.938839,40.844672],[-73.939019,40.843932],[-73.93909,40.843634],[-73.939149,40.843392],[-73.939179,40.843212],[-73.939239,40.842402],[-73.939279,40.841882],[-73.939339,40.841772],[-73.939399,40.841692],[-73.939489,40.841572],[-73.939761,40.841175],[-73.939819,40.841092],[-73.940249,40.840512],[-73.940699,40.839902],[-73.940519,40.839822],[-73.939879,40.839562],[-73.939899,40.839442],[-73.939909,40.839262],[-73.939889,40.838852],[-73.939869,40.838502],[-73.939989,40.837712],[-73.940024,40.837533],[-73.940139,40.836952],[-73.939949,40.836052],[-73.939899,40.835782],[-73.940095,40.835501],[-73.940199,40.835352],[-73.940659,40.834722],[-73.941119,40.834092],[-73.941579,40.833482],[-73.941698,40.833318],[-73.942029,40.832862],[-73.942509,40.832242],[-73.942609,40.832112],[-73.942756,40.831908],[-73.942999,40.831572],[-73.943469,40.830892],[-73.943929,40.830262],[-73.943949,40.830232],[-73.944319,40.829723],[-73.944379,40.829642],[-73.944839,40.829022],[-73.945289,40.828392],[-73.945749,40.827772],[-73.946199,40.827142],[-73.94639,40.826884],[-73.946659,40.826522],[-73.946709,40.826452],[-73.946819,40.826302],[-73.947079,40.825962],[-73.947119,40.825902],[-73.947599,40.825232],[-73.947826,40.824923],[-73.948099,40.824552],[-73.948209,40.824412],[-73.948569,40.823942],[-73.948813,40.823607],[-73.949029,40.823312],[-73.949459,40.822692],[-73.949909,40.822062],[-73.950359,40.821442],[-73.950819,40.820812],[-73.950869,40.820742],[-73.951075,40.820463],[-73.951739,40.819562],[-73.952209,40.818912],[-73.95246,40.818578],[-73.952729,40.818222],[-73.952749,40.818192],[-73.953139,40.817652],[-73.953189,40.817582],[-73.953719,40.816862],[-73.954059,40.816402],[-73.954089,40.816352],[-73.954239,40.816152],[-73.954363,40.815983],[-73.954549,40.815732],[-73.954569,40.815702],[-73.954999,40.815102],[-73.955195,40.814835],[-73.955419,40.814532],[-73.955459,40.814472],[-73.955689,40.814132],[-73.956249,40.813342],[-73.955643,40.812626],[-73.955529,40.812492],[-73.955299,40.812222],[-73.955079,40.811972],[-73.954929,40.811842],[-73.954769,40.811722],[-73.954549,40.811602],[-73.954009,40.811372],[-73.952579,40.810762],[-73.95293,40.810293]]]}},{"type":"Feature","properties":{"route":"M101","mta_route":"M101","direction":"N","shape_id":"M1010105"},"geometry":{"type":"MultiLineString","coordinates":[[[-73.990022,40.729603],[-73.989909,40.729562],[-73.989659,40.729892],[-73.989479,40.730122],[-73.989273,40.730404],[-73.989049,40.730712],[-73.988609,40.731312],[-73.988349,40.731672],[-73.988328,40.731701],[-73.988149,40.731952],[-73.987689,40.732592],[-73.987179,40.733282],[-73.986861,40.73372],[-73.986679,40.733972],[-73.986209,40.734612],[-73.985999,40.734902],[-73.985789,40.735202],[-73.985569,40.735492],[-73.985534,40.73554],[-73.985359,40.735782],[-73.985129,40.736102],[-73.984939,40.736372],[-73.984879,40.736452],[-73.984699,40.736692],[-73.984589,40.736832],[-73.984509,40.736952],[-73.984148,40.737446],[-73.984079,40.737542],[-73.983629,40.738162],[-73.983249,40.738662],[-73.983149,40.738822],[-73.982659,40.739492],[-73.982562,40.739623],[-73.982209,40.740102],[-73.981759,40.740722],[-73.981488,40.741095],[-73.981309,40.741342],[-73.980849,40.741952],[-73.980399,40.742582],[-73.980158,40.742916],[-73.979959,40.743192],[-73.979575,40.74372],[-73.979509,40.743812],[-73.979059,40.744442],[-73.978599,40.745052],[-73.978483,40.745209],[-73.978109,40.745722],[-73.977629,40.746372],[-73.977169,40.747002],[-73.976729,40.747612],[-73.976434,40.748015],[-73.976269,40.748242],[-73.975829,40.748852],[-73.975619,40.749132],[-73.975571,40.749198],[-73.975489,40.749312],[-73.975399,40.749432],[-73.975369,40.749472],[-73.975209,40.749692],[-73.974919,40.750082],[-73.974419,40.750782],[-73.974182,40.75111],[-73.973949,40.751432],[-73.973499,40.752062],[-73.973228,40.752435],[-73.973049,40.752682],[-73.972589,40.753322],[-73.972139,40.753932],[-73.971902,40.754256],[-73.971679,40.754562],[-73.971229,40.755192],[-73.971009,40.755492],[-73.97098,40.75553],[-73.970759,40.755822],[-73.970309,40.756442],[-73.969849,40.757082],[-73.969399,40.757692],[-73.969327,40.75779],[-73.968939,40.758322],[-73.968479,40.758942],[-73.968009,40.759582],[-73.967586,40.760166],[-73.967509,40.760272],[-73.967189,40.760702],[-73.967149,40.760752],[-73.967099,40.760822],[-73.967029,40.760922],[-73.966579,40.761552],[-73.966129,40.762162],[-73.965801,40.762586],[-73.965649,40.762782],[-73.965169,40.763412],[-73.964729,40.764042],[-73.964709,40.764072],[-73.964599,40.764222],[-73.964279,40.764662],[-73.963809,40.765292],[-73.963575,40.765626],[-73.963439,40.765822],[-73.963399,40.765872],[-73.963359,40.765922],[-73.963319,40.765972],[-73.962929,40.766542],[-73.962524,40.767117],[-73.962479,40.767182],[-73.962029,40.767802],[-73.961782,40.768139],[-73.961569,40.768432],[-73.961109,40.769062],[-73.960599,40.769742],[-73.960336,40.770099],[-73.960099,40.770422],[-73.959619,40.771052],[-73.959169,40.771692],[-73.959037,40.771873],[-73.958719,40.772312],[-73.958249,40.772952],[-73.958047,40.773232],[-73.957789,40.773592],[-73.957279,40.774282],[-73.957028,40.774629],[-73.956789,40.774962],[-73.956339,40.775592],[-73.955869,40.776232],[-73.955601,40.776599],[-73.955409,40.776862],[-73.954949,40.777492],[-73.954479,40.778132],[-73.953979,40.778812],[-73.953489,40.779492],[-73.953029,40.780122],[-73.952754,40.7805],[-73.952579,40.780742],[-73.952129,40.781382],[-73.951949,40.781602],[-73.951669,40.782002],[-73.951519,40.782212],[-73.951469,40.782277],[-73.951209,40.782622],[-73.950739,40.783252],[-73.950539,40.783525],[-73.950279,40.783882],[-73.949819,40.784512],[-73.949769,40.784582],[-73.949329,40.785192],[-73.948902,40.785763]]]}},{"type":"Feature","properties":{"route":"M101","mta_route":"M101","direction":"N","shape_id":"M1010107"},"geometry":{"type":"MultiLineString","coordinates":[[[-73.990022,40.729603],[-73.989909,40.729562],[-73.989659,40.729892],[-73.989479,40.730122],[-73.989273,40.730404],[-73.989049,40.730712],[-73.988609,40.731312],[-73.988349,40.731672],[-73.988328,40.731701],[-73.988149,40.731952],[-73.987689,40.732592],[-73.987179,40.733282],[-73.986861,40.73372],[-73.986679,40.733972],[-73.986209,40.734612],[-73.985999,40.734902],[-73.985789,40.735202],[-73.985569,40.735492],[-73.985534,40.73554],[-73.985359,40.735782],[-73.985129,40.736102],[-73.984939,40.736372],[-73.984879,40.736452],[-73.984699,40.736692],[-73.984589,40.736832],[-73.984509,40.736952],[-73.984148,40.737446],[-73.984079,40.737542],[-73.983629,40.738162],[-73.983249,40.738662],[-73.983149,40.738822],[-73.982659,40.739492],[-73.982562,40.739623],[-73.982209,40.740102],[-73.981759,40.740722],[-73.981488,40.741095],[-73.981309,40.741342],[-73.980849,40.741952],[-73.980399,40.742582],[-73.980158,40.742916],[-73.979959,40.743192],[-73.979575,40.74372],[-73.979509,40.743812],[-73.979059,40.744442],[-73.978599,40.745052],[-73.978483,40.745209],[-73.978109,40.745722],[-73.977629,40.746372],[-73.977169,40.747002],[-73.976729,40.747612],[-73.976434,40.748015],[-73.976269,40.748242],[-73.975829,40.748852],[-73.975619,40.749132],[-73.975571,40.749198],[-73.975489,40.749312],[-73.975399,40.749432],[-73.975369,40.749472],[-73.975209,40.749692],[-73.974919,40.750082],[-73.974419,40.750782],[-73.974182,40.75111],[-73.973949,40.751432],[-73.973499,40.752062],[-73.973228,40.752435],[-73.973049,40.752682],[-73.972589,40.753322],[-73.972139,40.753932],[-73.971902,40.754256],[-73.971679,40.754562],[-73.971229,40.755192],[-73.971009,40.755492],[-73.97098,40.75553],[-73.970759,40.755822],[-73.970309,40.756442],[-73.969849,40.757082],[-73.969399,40.757692],[-73.969327,40.75779],[-73.968939,40.758322],[-73.968479,40.758942],[-73.968009,40.759582],[-73.967586,40.760166],[-73.967509,40.760272],[-73.967189,40.760702],[-73.967149,40.760752],[-73.967099,40.760822],[-73.967029,40.760922],[-73.966579,40.761552],[-73.966129,40.762162],[-73.965801,40.762586],[-73.965649,40.762782],[-73.965169,40.763412],[-73.964729,40.764042],[-73.964709,40.764072],[-73.964599,40.764222],[-73.964279,40.764662],[-73.963809,40.765292],[-73.963575,40.765626],[-73.963439,40.765822],[-73.963399,40.765872],[-73.963359,40.765922],[-73.963319,40.765972],[-73.962929,40.766542],[-73.962524,40.767117],[-73.962479,40.767182],[-73.962029,40.767802],[-73.961782,40.768139],[-73.961569,40.768432],[-73.961109,40.769062],[-73.960599,40.769742],[-73.960336,40.770099],[-73.960099,40.770422],[-73.959619,40.771052],[-73.959169,40.771692],[-73.959037,40.771873],[-73.958719,40.772312],[-73.958249,40.772952],[-73.958047,40.773232],[-73.957789,40.773592],[-73.957279,40.774282],[-73.957028,40.774629],[-73.956789,40.774962],[-73.956339,40.775592],[-73.955869,40.776232],[-73.955601,40.776599],[-73.955409,40.776862],[-73.954949,40.777492],[-73.954479,40.778132],[-73.953979,40.778812],[-73.953489,40.779492],[-73.953029,40.780122],[-73.952754,40.7805],[-73.952579,40.780742],[-73.952129,40.781382],[-73.951949,40.781602],[-73.951669,40.782002],[-73.951519,40.782212],[-73.951469,40.782277],[-73.951209,40.782622],[-73.950739,40.783252],[-73.950539,40.783525],[-73.950279,40.783882],[-73.949819,40.784512],[-73.949769,40.784582],[-73.949329,40.785192],[-73.948902,40.785763],[-73.948829,40.785862],[-73.948379,40.786492],[-73.947919,40.787122],[-73.947839,40.787222],[-73.947459,40.787742],[-73.947322,40.787927],[-73.947039,40.788312],[-73.946999,40.788372],[-73.946559,40.788982],[-73.946509,40.789052],[-73.946334,40.789293],[-73.946089,40.789632],[-73.945799,40.790022],[-73.945629,40.790252],[-73.945419,40.790542],[-73.945406,40.79056],[-73.945169,40.790882],[-73.944669,40.791562],[-73.944417,40.791911],[-73.944179,40.792242],[-73.943719,40.792862],[-73.943269,40.793492],[-73.94305,40.793785],[-73.942799,40.794122],[-73.942349,40.794752],[-73.941879,40.795392],[-73.941799,40.795492],[-73.941579,40.7958],[-73.941399,40.796052],[-73.940849,40.796832],[-73.940509,40.797262],[-73.940097,40.797822],[-73.940009,40.797942],[-73.939519,40.798622],[-73.939059,40.799242],[-73.938791,40.799609],[-73.938599,40.799872],[-73.938149,40.800502],[-73.937741,40.801049],[-73.937679,40.801132],[-73.937229,40.801762],[-73.936769,40.802392],[-73.936309,40.803012],[-73.935809,40.803692],[-73.936259,40.803883],[-73.937409,40.804372],[-73.937798,40.804533],[-73.938909,40.804992],[-73.939019,40.805042],[-73.939159,40.805102],[-73.939511,40.805253],[-73.940629,40.805732],[-73.941048,40.805912],[-73.942029,40.806332],[-73.942249,40.806422],[-73.942429,40.806502],[-73.94246,40.806515],[-73.943769,40.807062],[-73.944879,40.807522],[-73.945419,40.807742],[-73.945549,40.807792],[-73.945998,40.807979],[-73.946199,40.808062],[-73.946759,40.808302],[-73.948249,40.808932],[-73.948409,40.809002],[-73.94882,40.809174],[-73.949749,40.809562],[-73.950549,40.809902],[-73.951159,40.810162],[-73.95163,40.810359],[-73.951949,40.810492],[-73.952579,40.810762],[-73.953041,40.810959],[-73.954009,40.811372],[-73.954549,40.811602],[-73.954769,40.811722],[-73.954929,40.811842],[-73.955079,40.811972],[-73.955299,40.812222],[-73.955529,40.812492],[-73.956249,40.813342],[-73.955941,40.813775],[-73.955689,40.814132],[-73.955459,40.814472],[-73.955419,40.814532],[-73.954999,40.815102],[-73.954957,40.815159],[-73.954569,40.815702],[-73.954549,40.815732],[-73.954239,40.816152],[-73.954089,40.816352],[-73.954059,40.816402],[-73.953828,40.816714],[-73.953719,40.816862],[-73.953189,40.817582],[-73.953139,40.817652],[-73.952979,40.817873],[-73.952749,40.818192],[-73.952729,40.818222],[-73.952209,40.818912],[-73.951899,40.81934],[-73.951739,40.819562],[-73.950869,40.820742],[-73.950819,40.820812],[-73.950634,40.821065],[-73.950359,40.821442],[-73.949909,40.822062],[-73.949649,40.822425],[-73.949459,40.822692],[-73.949029,40.823312],[-73.948569,40.823942],[-73.948319,40.824267],[-73.948209,40.824412],[-73.948099,40.824552],[-73.947599,40.825232],[-73.947303,40.825645],[-73.947119,40.825902],[-73.947079,40.825962],[-73.946819,40.826302],[-73.946709,40.826452],[-73.946659,40.826522],[-73.946453,40.826799],[-73.946199,40.827142],[-73.945811,40.827685],[-73.945749,40.827772],[-73.945289,40.828392],[-73.944839,40.829022],[-73.944379,40.829642],[-73.943949,40.830232],[-73.943929,40.830262],[-73.943857,40.830361],[-73.943469,40.830892],[-73.942999,40.831572],[-73.942897,40.831712],[-73.942609,40.832112],[-73.942509,40.832242],[-73.942029,40.832862],[-73.941579,40.833482],[-73.941439,40.833666],[-73.941119,40.834092],[-73.940659,40.834722],[-73.940262,40.835266]]]}},{"type":"Feature","properties":{"route":"M101","mta_route":"M101","direction":"N","shape_id":"M1010108"},"geometry":{"type":"MultiLineString","coordinates":[[[-73.990022,40.729603],[-73.989909,40.729562],[-73.989659,40.729892],[-73.989479,40.730122],[-73.989273,40.730404],[-73.989049,40.730712],[-73.988609,40.731312],[-73.988349,40.731672],[-73.988328,40.731701],[-73.988149,40.731952],[-73.987689,40.732592],[-73.987179,40.733282],[-73.986861,40.73372],[-73.986679,40.733972],[-73.986209,40.734612],[-73.985999,40.734902],[-73.985789,40.735202],[-73.985569,40.735492],[-73.985534,40.73554],[-73.985359,40.735782],[-73.985129,40.736102],[-73.984939,40.736372],[-73.984879,40.736452],[-73.984699,40.736692],[-73.984589,40.736832],[-73.984509,40.736952],[-73.984148,40.737446],[-73.984079,40.737542],[-73.983629,40.738162],[-73.983249,40.738662],[-73.983149,40.738822],[-73.982659,40.739492],[-73.982562,40.739623],[-73.982209,40.740102],[-73.981759,40.740722],[-73.981488,40.741095],[-73.981309,40.741342],[-73.980849,40.741952],[-73.980399,40.742582],[-73.980158,40.742916],[-73.979959,40.743192],[-73.979575,40.74372],[-73.979509,40.743812],[-73.979059,40.744442],[-73.978599,40.745052],[-73.978483,40.745209],[-73.978109,40.745722],[-73.977629,40.746372],[-73.977169,40.747002],[-73.976729,40.747612],[-73.976434,40.748015],[-73.976269,40.748242],[-73.975829,40.748852],[-73.975619,40.749132],[-73.975571,40.749198],[-73.975489,40.749312],[-73.975399,40.749432],[-73.975369,40.749472],[-73.975209,40.749692],[-73.974919,40.750082],[-73.974419,40.750782],[-73.974182,40.75111],[-73.973949,40.751432],[-73.973499,40.752062],[-73.973228,40.752435],[-73.973049,40.752682],[-73.972589,40.753322],[-73.972139,40.753932],[-73.971902,40.754256],[-73.971679,40.754562],[-73.971229,40.755192],[-73.971009,40.755492],[-73.97098,40.75553],[-73.970759,40.755822],[-73.970309,40.756442],[-73.969849,40.757082],[-73.969399,40.757692],[-73.969327,40.75779],[-73.968939,40.758322],[-73.968479,40.758942],[-73.968009,40.759582],[-73.967586,40.760166],[-73.967509,40.760272],[-73.967189,40.760702],[-73.967149,40.760752],[-73.967099,40.760822],[-73.967029,40.760922],[-73.966579,40.761552],[-73.966129,40.762162],[-73.965801,40.762586],[-73.965649,40.762782],[-73.965169,40.763412],[-73.964729,40.764042],[-73.964709,40.764072],[-73.964599,40.764222],[-73.964279,40.764662],[-73.963809,40.765292],[-73.963575,40.765626],[-73.963439,40.765822],[-73.963399,40.765872],[-73.963359,40.765922],[-73.963319,40.765972],[-73.962929,40.766542],[-73.962524,40.767117],[-73.962479,40.767182],[-73.962029,40.767802],[-73.961782,40.768139],[-73.961569,40.768432],[-73.961109,40.769062],[-73.960599,40.769742],[-73.960336,40.770099],[-73.960099,40.770422],[-73.959619,40.771052],[-73.959169,40.771692],[-73.959037,40.771873],[-73.958719,40.772312],[-73.958249,40.772952],[-73.958047,40.773232],[-73.957789,40.773592],[-73.957279,40.774282],[-73.957028,40.774629],[-73.956789,40.774962],[-73.956339,40.775592],[-73.955869,40.776232],[-73.955601,40.776599],[-73.955409,40.776862],[-73.954949,40.777492],[-73.954479,40.778132],[-73.953979,40.778812],[-73.953489,40.779492],[-73.953029,40.780122],[-73.952754,40.7805],[-73.952579,40.780742],[-73.952129,40.781382],[-73.951949,40.781602],[-73.951669,40.782002],[-73.951519,40.782212],[-73.951469,40.782277],[-73.951209,40.782622],[-73.950739,40.783252],[-73.950539,40.783525],[-73.950279,40.783882],[-73.949819,40.784512],[-73.949769,40.784582],[-73.949329,40.785192],[-73.948902,40.785763],[-73.948829,40.785862],[-73.948379,40.786492],[-73.947919,40.787122],[-73.947839,40.787222],[-73.947459,40.787742],[-73.947322,40.787927],[-73.947039,40.788312],[-73.946999,40.788372],[-73.946559,40.788982],[-73.946509,40.789052],[-73.946334,40.789293],[-73.946089,40.789632],[-73.945799,40.790022],[-73.945629,40.790252],[-73.945419,40.790542],[-73.945406,40.79056],[-73.945169,40.790882],[-73.944669,40.791562],[-73.944417,40.791911],[-73.944179,40.792242],[-73.943719,40.792862],[-73.943269,40.793492],[-73.94305,40.793785],[-73.942799,40.794122],[-73.942349,40.794752],[-73.941879,40.795392],[-73.941799,40.795492],[-73.941579,40.7958],[-73.941399,40.796052],[-73.940849,40.796832],[-73.940509,40.797262],[-73.940097,40.797822],[-73.940009,40.797942],[-73.939519,40.798622],[-73.939059,40.799242],[-73.938791,40.799609],[-73.938599,40.799872],[-73.938149,40.800502],[-73.937741,40.801049],[-73.937679,40.801132],[-73.937229,40.801762],[-73.936769,40.802392],[-73.936309,40.803012],[-73.935809,40.803692],[-73.936259,40.803883],[-73.937409,40.804372],[-73.937798,40.804533],[-73.938909,40.804992],[-73.939019,40.805042],[-73.939159,40.805102],[-73.939511,40.805253],[-73.940629,40.805732],[-73.941048,40.805912],[-73.942029,40.806332],[-73.942249,40.806422],[-73.942429,40.806502],[-73.94246,40.806515],[-73.943769,40.807062],[-73.944879,40.807522],[-73.945419,40.807742],[-73.945549,40.807792],[-73.945998,40.807979],[-73.946199,40.808062],[-73.946759,40.808302],[-73.948249,40.808932],[-73.948409,40.809002],[-73.94882,40.809174],[-73.949749,40.809562],[-73.950549,40.809902],[-73.951159,40.810162],[-73.95163,40.810359],[-73.951949,40.810492],[-73.952579,40.810762],[-73.953041,40.810959],[-73.954009,40.811372],[-73.954549,40.811602],[-73.954769,40.811722],[-73.954929,40.811842],[-73.955079,40.811972],[-73.955299,40.812222],[-73.955529,40.812492],[-73.956249,40.813342],[-73.955941,40.813775],[-73.955689,40.814132],[-73.955459,40.814472],[-73.955419,40.814532],[-73.954999,40.815102],[-73.954957,40.815159],[-73.954569,40.815702],[-73.954549,40.815732],[-73.954239,40.816152],[-73.954089,40.816352],[-73.954059,40.816402],[-73.953828,40.816714],[-73.953719,40.816862],[-73.953189,40.817582],[-73.953139,40.817652],[-73.952979,40.817873],[-73.952749,40.818192],[-73.952729,40.818222],[-73.952209,40.818912],[-73.951899,40.81934],[-73.951739,40.819562],[-73.950869,40.820742],[-73.950819,40.820812],[-73.950634,40.821065],[-73.950359,40.821442],[-73.949909,40.822062],[-73.949649,40.822425],[-73.949459,40.822692],[-73.949029,40.823312],[-73.948569,40.823942],[-73.948319,40.824267],[-73.948209,40.824412],[-73.948099,40.824552],[-73.947599,40.825232],[-73.947303,40.825645],[-73.947119,40.825902],[-73.947079,40.825962],[-73.946819,40.826302],[-73.946709,40.826452],[-73.946659,40.826522],[-73.946453,40.826799],[-73.946199,40.827142],[-73.945811,40.827685],[-73.945749,40.827772],[-73.945289,40.828392],[-73.944839,40.829022],[-73.944379,40.829642],[-73.943949,40.830232],[-73.943929,40.830262],[-73.943857,40.830361],[-73.943469,40.830892],[-73.942999,40.831572],[-73.942897,40.831712],[-73.942609,40.832112],[-73.942509,40.832242],[-73.942029,40.832862],[-73.941579,40.833482],[-73.941439,40.833666],[-73.941119,40.834092],[-73.940659,40.834722],[-73.940262,40.835266],[-73.940199,40.835352],[-73.939899,40.835782],[-73.939359,40.836512],[-73.939299,40.836602],[-73.938839,40.837222],[-73.938641,40.837495],[-73.938369,40.837872],[-73.938309,40.837952],[-73.937919,40.838482],[-73.937779,40.838682],[-73.937339,40.839272],[-73.937209,40.839452],[-73.937026,40.839696],[-73.936939,40.839812],[-73.936909,40.839852],[-73.936469,40.840472],[-73.936039,40.841062],[-73.935669,40.841552],[-73.935569,40.841682],[-73.935339,40.842007],[-73.935139,40.842292],[-73.934669,40.842932],[-73.934507,40.843148],[-73.934189,40.843572],[-73.934009,40.843812],[-73.933709,40.844232],[-73.933419,40.844642],[-73.933229,40.844902],[-73.933028,40.845178],[-73.932779,40.845522],[-73.932499,40.845912],[-73.932329,40.846142],[-73.932239,40.846272],[-73.932189,40.846342],[-73.932129,40.846422],[-73.932079,40.846492],[-73.932039,40.846542],[-73.931969,40.846632],[-73.931919,40.846692],[-73.931849,40.846792],[-73.931674,40.847034],[-73.931669,40.847042],[-73.931389,40.847422],[-73.931169,40.847732],[-73.930879,40.848112],[-73.93068,40.848384],[-73.930609,40.848482],[-73.930459,40.848692],[-73.930429,40.848732],[-73.930019,40.849302],[-73.929759,40.849652],[-73.929678,40.849826],[-73.929639,40.849912],[-73.929199,40.850512],[-73.928939,40.850872],[-73.928649,40.851172],[-73.928149,40.851852],[-73.927882,40.852226],[-73.927829,40.852302],[-73.927699,40.852482],[-73.927609,40.852602],[-73.927239,40.853102],[-73.927189,40.853172],[-73.926939,40.853512],[-73.926809,40.853702],[-73.926729,40.853802],[-73.926615,40.853954],[-73.926379,40.854272],[-73.926209,40.854512],[-73.925159,40.855972],[-73.924699,40.856602],[-73.924629,40.856932],[-73.924639,40.857012],[-73.924669,40.857172],[-73.924719,40.857332],[-73.924929,40.857742],[-73.925029,40.857892],[-73.925149,40.858002],[-73.925289,40.858092],[-73.925439,40.858162],[-73.925599,40.858202],[-73.925749,40.858222],[-73.925919,40.858222],[-73.926069,40.858192],[-73.926229,40.858142],[-73.926369,40.858072],[-73.926484,40.857989],[-73.926509,40.857972],[-73.926799,40.857612],[-73.926899,40.857512],[-73.927009,40.857432],[-73.927409,40.857072],[-73.927468,40.857065]]]}},{"type":"Feature","properties":{"route":"M101","mta_route":"M101","direction":"N","shape_id":"M1010111"},"geometry":{"type":"MultiLineString","coordinates":[[[-73.948902,40.785763],[-73.948829,40.785862],[-73.948379,40.786492],[-73.947919,40.787122],[-73.947839,40.787222],[-73.947459,40.787742],[-73.947322,40.787927],[-73.947039,40.788312],[-73.946999,40.788372],[-73.946559,40.788982],[-73.946509,40.789052],[-73.946334,40.789293],[-73.946089,40.789632],[-73.945799,40.790022],[-73.945629,40.790252],[-73.945419,40.790542],[-73.945406,40.79056],[-73.945169,40.790882],[-73.944669,40.791562],[-73.944417,40.791911],[-73.944179,40.792242],[-73.943719,40.792862],[-73.943269,40.793492],[-73.94305,40.793785],[-73.942799,40.794122],[-73.942349,40.794752],[-73.941879,40.795392],[-73.941799,40.795492],[-73.941579,40.7958],[-73.941399,40.796052],[-73.940849,40.796832],[-73.940509,40.797262],[-73.940097,40.797822],[-73.940009,40.797942],[-73.939519,40.798622],[-73.939059,40.799242],[-73.938791,40.799609],[-73.938599,40.799872],[-73.938149,40.800502],[-73.937741,40.801049],[-73.937679,40.801132],[-73.937229,40.801762],[-73.936769,40.802392],[-73.936309,40.803012],[-73.935809,40.803692],[-73.936259,40.803883],[-73.937409,40.804372],[-73.937798,40.804533],[-73.938909,40.804992],[-73.939019,40.805042],[-73.939159,40.805102],[-73.939511,40.805253],[-73.940629,40.805732],[-73.941048,40.805912],[-73.942029,40.806332],[-73.942249,40.806422],[-73.942429,40.806502],[-73.94246,40.806515],[-73.943769,40.807062],[-73.944879,40.807522],[-73.945419,40.807742],[-73.945549,40.807792],[-73.945998,40.807979],[-73.946199,40.808062],[-73.946759,40.808302],[-73.948249,40.808932],[-73.948409,40.809002],[-73.94882,40.809174],[-73.949749,40.809562],[-73.950549,40.809902],[-73.951159,40.810162],[-73.95163,40.810359],[-73.951949,40.810492],[-73.952579,40.810762],[-73.953041,40.810959],[-73.954009,40.811372],[-73.954549,40.811602],[-73.954769,40.811722],[-73.954929,40.811842],[-73.955079,40.811972],[-73.955299,40.812222],[-73.955529,40.812492],[-73.956249,40.813342],[-73.955941,40.813775],[-73.955689,40.814132],[-73.955459,40.814472],[-73.955419,40.814532],[-73.954999,40.815102],[-73.954957,40.815159],[-73.954569,40.815702],[-73.954549,40.815732],[-73.954239,40.816152],[-73.954089,40.816352],[-73.954059,40.816402],[-73.953828,40.816714],[-73.953719,40.816862],[-73.953189,40.817582],[-73.953139,40.817652],[-73.952979,40.817873],[-73.952749,40.818192],[-73.952729,40.818222],[-73.952209,40.818912],[-73.951899,40.81934],[-73.951739,40.819562],[-73.950869,40.820742],[-73.950819,40.820812],[-73.950634,40.821065],[-73.950359,40.821442],[-73.949909,40.822062],[-73.949649,40.822425],[-73.949459,40.822692],[-73.949029,40.823312],[-73.948569,40.823942],[-73.948319,40.824267],[-73.948209,40.824412],[-73.948099,40.824552],[-73.947599,40.825232],[-73.947303,40.825645],[-73.947119,40.825902],[-73.947079,40.825962],[-73.946819,40.826302],[-73.946709,40.826452],[-73.946659,40.826522],[-73.946453,40.826799],[-73.946199,40.827142],[-73.945811,40.827685],[-73.945749,40.827772],[-73.945289,40.828392],[-73.944839,40.829022],[-73.944379,40.829642],[-73.943949,40.830232],[-73.943929,40.830262],[-73.943857,40.830361],[-73.943469,40.830892],[-73.942999,40.831572],[-73.942897,40.831712],[-73.942609,40.832112],[-73.942509,40.832242],[-73.942029,40.832862],[-73.941579,40.833482],[-73.941439,40.833666],[-73.941119,40.834092],[-73.940659,40.834722],[-73.940262,40.835266],[-73.940199,40.835352],[-73.939899,40.835782],[-73.939359,40.836512],[-73.939299,40.836602],[-73.938839,40.837222],[-73.938641,40.837495],[-73.938369,40.837872],[-73.938309,40.837952],[-73.937919,40.838482],[-73.937779,40.838682],[-73.937339,40.839272],[-73.937209,40.839452],[-73.937026,40.839696],[-73.936939,40.839812],[-73.936909,40.839852],[-73.936469,40.840472],[-73.936039,40.841062],[-73.935669,40.841552],[-73.935569,40.841682],[-73.935339,40.842007],[-73.935139,40.842292],[-73.934669,40.842932],[-73.934507,40.843148],[-73.934189,40.843572],[-73.934009,40.843812],[-73.933709,40.844232],[-73.933419,40.844642],[-73.933229,40.844902],[-73.933028,40.845178],[-73.932779,40.845522],[-73.932499,40.845912],[-73.932329,40.846142],[-73.932239,40.846272],[-73.932189,40.846342],[-73.932129,40.846422],[-73.932079,40.846492],[-73.932039,40.846542],[-73.931969,40.846632],[-73.931919,40.846692],[-73.931849,40.846792],[-73.931674,40.847034],[-73.931669,40.847042],[-73.931389,40.847422],[-73.931169,40.847732],[-73.930879,40.848112],[-73.93068,40.848384],[-73.930609,40.848482],[-73.930459,40.848692],[-73.930429,40.848732],[-73.930019,40.849302],[-73.929759,40.849652],[-73.929678,40.849826],[-73.929639,40.849912],[-73.929199,40.850512],[-73.928939,40.850872],[-73.928649,40.851172],[-73.928149,40.851852],[-73.927882,40.852226],[-73.927829,40.852302],[-73.927699,40.852482],[-73.927609,40.852602],[-73.927239,40.853102],[-73.927189,40.853172],[-73.926939,40.853512],[-73.926809,40.853702],[-73.926729,40.853802],[-73.926615,40.853954],[-73.926379,40.854272],[-73.926209,40.854512],[-73.925159,40.855972],[-73.924699,40.856602],[-73.924629,40.856932],[-73.924639,40.857012],[-73.924669,40.857172],[-73.924719,40.857332],[-73.924929,40.857742],[-73.925029,40.857892],[-73.925149,40.858002],[-73.925289,40.858092],[-73.925439,40.858162],[-73.925599,40.858202],[-73.925749,40.858222],[-73.925919,40.858222],[-73.926069,40.858192],[-73.926229,40.858142],[-73.926369,40.858072],[-73.926484,40.857989],[-73.926509,40.857972],[-73.926799,40.857612],[-73.926899,40.857512],[-73.927009,40.857432],[-73.927409,40.857072],[-73.927468,40.857065]]]}},{"type":"Feature","properties":{"route":"M101","mta_route":"M101","direction":"N","shape_id":"M1010115"},"geometry":{"type":"MultiLineString","coordinates":[[[-73.948902,40.785763],[-73.948829,40.785862],[-73.948379,40.786492],[-73.947919,40.787122],[-73.947839,40.787222],[-73.947459,40.787742],[-73.947322,40.787927],[-73.947039,40.788312],[-73.946999,40.788372],[-73.946559,40.788982],[-73.946509,40.789052],[-73.946089,40.789632],[-73.945799,40.790022],[-73.945629,40.790252],[-73.945419,40.790542],[-73.945169,40.790882],[-73.944669,40.791562],[-73.944417,40.791911],[-73.944179,40.792242],[-73.943719,40.792862],[-73.943269,40.793492],[-73.942799,40.794122],[-73.942349,40.794752],[-73.941879,40.795392],[-73.941799,40.795492],[-73.941399,40.796052],[-73.940849,40.796832],[-73.940509,40.797262],[-73.940097,40.797822],[-73.940009,40.797942],[-73.939519,40.798622],[-73.939059,40.799242],[-73.938599,40.799872],[-73.938149,40.800502],[-73.937679,40.801132],[-73.937229,40.801762],[-73.936769,40.802392],[-73.936309,40.803012],[-73.935809,40.803692],[-73.936259,40.803883],[-73.937409,40.804372],[-73.937798,40.804533],[-73.938909,40.804992],[-73.939019,40.805042],[-73.939159,40.805102],[-73.939511,40.805253],[-73.940629,40.805732],[-73.941048,40.805912],[-73.942029,40.806332],[-73.942249,40.806422],[-73.942429,40.806502],[-73.94246,40.806515],[-73.943769,40.807062],[-73.944879,40.807522],[-73.945419,40.807742],[-73.945549,40.807792],[-73.945998,40.807979],[-73.946199,40.808062],[-73.946759,40.808302],[-73.948249,40.808932],[-73.948409,40.809002],[-73.94882,40.809174],[-73.949749,40.809562],[-73.950549,40.809902],[-73.951159,40.810162],[-73.95163,40.810359],[-73.951949,40.810492],[-73.952579,40.810762],[-73.953041,40.810959],[-73.954009,40.811372],[-73.954549,40.811602],[-73.954769,40.811722],[-73.954929,40.811842],[-73.955079,40.811972],[-73.955299,40.812222],[-73.955529,40.812492],[-73.956249,40.813342],[-73.955941,40.813775],[-73.955689,40.814132],[-73.955459,40.814472],[-73.955419,40.814532],[-73.954999,40.815102],[-73.954957,40.815159],[-73.954569,40.815702],[-73.954549,40.815732],[-73.954239,40.816152],[-73.954089,40.816352],[-73.954059,40.816402],[-73.953828,40.816714],[-73.953719,40.816862],[-73.953189,40.817582],[-73.953139,40.817652],[-73.952979,40.817873],[-73.952749,40.818192],[-73.952729,40.818222],[-73.952209,40.818912],[-73.951899,40.81934],[-73.951739,40.819562],[-73.950869,40.820742],[-73.950819,40.820812],[-73.950634,40.821065],[-73.950359,40.821442],[-73.949909,40.822062],[-73.949649,40.822425],[-73.949459,40.822692],[-73.949029,40.823312],[-73.948569,40.823942],[-73.948319,40.824267],[-73.948209,40.824412],[-73.948099,40.824552],[-73.947599,40.825232],[-73.947303,40.825645],[-73.947119,40.825902],[-73.947079,40.825962],[-73.946819,40.826302],[-73.946709,40.826452],[-73.946659,40.826522],[-73.946453,40.826799],[-73.946199,40.827142],[-73.945811,40.827685],[-73.945749,40.827772],[-73.945289,40.828392],[-73.944839,40.829022],[-73.944379,40.829642],[-73.943949,40.830232],[-73.943929,40.830262],[-73.943857,40.830361],[-73.943469,40.830892],[-73.942999,40.831572],[-73.942897,40.831712],[-73.942609,40.832112],[-73.942509,40.832242],[-73.942029,40.832862],[-73.941579,40.833482],[-73.941439,40.833666],[-73.941119,40.834092],[-73.940659,40.834722],[-73.940262,40.835266],[-73.940199,40.835352],[-73.939899,40.835782],[-73.939359,40.836512],[-73.939299,40.836602],[-73.938839,40.837222],[-73.938641,40.837495],[-73.938369,40.837872],[-73.938309,40.837952],[-73.937919,40.838482],[-73.937779,40.838682],[-73.937339,40.839272],[-73.937209,40.839452],[-73.937026,40.839696],[-73.936939,40.839812],[-73.936909,40.839852],[-73.936469,40.840472],[-73.936039,40.841062],[-73.935669,40.841552],[-73.935569,40.841682],[-73.935339,40.842007],[-73.935139,40.842292],[-73.934669,40.842932],[-73.934507,40.843148],[-73.934189,40.843572],[-73.934009,40.843812],[-73.933709,40.844232],[-73.933419,40.844642],[-73.933229,40.844902],[-73.933028,40.845178],[-73.932779,40.845522],[-73.932499,40.845912],[-73.932329,40.846142],[-73.932239,40.846272],[-73.932189,40.846342],[-73.932129,40.846422],[-73.932079,40.846492],[-73.932039,40.846542],[-73.931969,40.846632],[-73.931919,40.846692],[-73.931849,40.846792],[-73.931674,40.847034],[-73.931669,40.847042],[-73.931389,40.847422],[-73.931169,40.847732],[-73.930879,40.848112],[-73.93068,40.848384],[-73.930609,40.848482],[-73.930459,40.848692],[-73.930429,40.848732],[-73.930019,40.849302],[-73.929759,40.849652],[-73.929678,40.849826],[-73.929639,40.849912],[-73.929199,40.850512],[-73.928939,40.850872],[-73.928649,40.851172],[-73.928149,40.851852],[-73.927882,40.852226],[-73.927829,40.852302],[-73.927699,40.852482],[-73.927609,40.852602],[-73.927239,40.853102],[-73.927189,40.853172],[-73.926939,40.853512],[-73.926809,40.853702],[-73.926729,40.853802],[-73.926615,40.853954],[-73.926379,40.854272],[-73.926209,40.854512],[-73.925159,40.855972],[-73.924699,40.856602],[-73.924629,40.856932],[-73.924639,40.857012],[-73.924669,40.857172],[-73.924719,40.857332],[-73.924929,40.857742],[-73.925029,40.857892],[-73.925149,40.858002],[-73.925289,40.858092],[-73.925439,40.858162],[-73.925599,40.858202],[-73.925749,40.858222],[-73.925919,40.858222],[-73.926069,40.858192],[-73.926229,40.858142],[-73.926369,40.858072],[-73.926484,40.857989],[-73.926509,40.857972],[-73.926799,40.857612],[-73.926899,40.857512],[-73.927009,40.857432],[-73.927409,40.857072],[-73.927468,40.857065]]]}},{"type":"Feature","properties":{"route":"M101","mta_route":"M101","direction":"N","shape_id":"M1010116"},"geometry":{"type":"MultiLineString","coordinates":[[[-73.990022,40.729603],[-73.989909,40.729562],[-73.989659,40.729892],[-73.989479,40.730122],[-73.989049,40.730712],[-73.988609,40.731312],[-73.988349,40.731672],[-73.988149,40.731952],[-73.987689,40.732592],[-73.987179,40.733282],[-73.986861,40.73372],[-73.986679,40.733972],[-73.986209,40.734612],[-73.985999,40.734902],[-73.985789,40.735202],[-73.985569,40.735492],[-73.985359,40.735782],[-73.985129,40.736102],[-73.984939,40.736372],[-73.984879,40.736452],[-73.984699,40.736692],[-73.984589,40.736832],[-73.984509,40.736952],[-73.984079,40.737542],[-73.983629,40.738162],[-73.983249,40.738662],[-73.983149,40.738822],[-73.982659,40.739492],[-73.982562,40.739623],[-73.982209,40.740102],[-73.981759,40.740722],[-73.981309,40.741342],[-73.980849,40.741952],[-73.980399,40.742582],[-73.979959,40.743192],[-73.979509,40.743812],[-73.979059,40.744442],[-73.978599,40.745052],[-73.978483,40.745209],[-73.978109,40.745722],[-73.977629,40.746372],[-73.977169,40.747002],[-73.976729,40.747612],[-73.976269,40.748242],[-73.975829,40.748852],[-73.975619,40.749132],[-73.975489,40.749312],[-73.975399,40.749432],[-73.975369,40.749472],[-73.975209,40.749692],[-73.974919,40.750082],[-73.974419,40.750782],[-73.974182,40.75111],[-73.973949,40.751432],[-73.973499,40.752062],[-73.973049,40.752682],[-73.972589,40.753322],[-73.972139,40.753932],[-73.971679,40.754562],[-73.971229,40.755192],[-73.971009,40.755492],[-73.97098,40.75553],[-73.970759,40.755822],[-73.970309,40.756442],[-73.969849,40.757082],[-73.969399,40.757692],[-73.968939,40.758322],[-73.968479,40.758942],[-73.968009,40.759582],[-73.967509,40.760272],[-73.967189,40.760702],[-73.967149,40.760752],[-73.967099,40.760822],[-73.967029,40.760922],[-73.966579,40.761552],[-73.966129,40.762162],[-73.965801,40.762586],[-73.965649,40.762782],[-73.965169,40.763412],[-73.964729,40.764042],[-73.964709,40.764072],[-73.964279,40.764662],[-73.963809,40.765292],[-73.963439,40.765822],[-73.963399,40.765872],[-73.963359,40.765922],[-73.963319,40.765972],[-73.962929,40.766542],[-73.962524,40.767117],[-73.962479,40.767182],[-73.962029,40.767802],[-73.961569,40.768432],[-73.961109,40.769062],[-73.960599,40.769742],[-73.960336,40.770099],[-73.960099,40.770422],[-73.959619,40.771052],[-73.959169,40.771692],[-73.958719,40.772312],[-73.958249,40.772952],[-73.957789,40.773592],[-73.957279,40.774282],[-73.957028,40.774629],[-73.956789,40.774962],[-73.956339,40.775592],[-73.955869,40.776232],[-73.955409,40.776862],[-73.954949,40.777492],[-73.954479,40.778132],[-73.954112,40.778631],[-73.953979,40.778812],[-73.953489,40.779492],[-73.953029,40.780122],[-73.952579,40.780742],[-73.952129,40.781382],[-73.951949,40.781602],[-73.951669,40.782002],[-73.951519,40.782212],[-73.951209,40.782622],[-73.950739,40.783252],[-73.950279,40.783882],[-73.949819,40.784512],[-73.949769,40.784582],[-73.949329,40.785192],[-73.948902,40.785763],[-73.948829,40.785862],[-73.948379,40.786492],[-73.947919,40.787122],[-73.947839,40.787222],[-73.947459,40.787742],[-73.947322,40.787927],[-73.947039,40.788312],[-73.946999,40.788372],[-73.946559,40.788982],[-73.946509,40.789052],[-73.946089,40.789632],[-73.945799,40.790022],[-73.945629,40.790252],[-73.945419,40.790542],[-73.945169,40.790882],[-73.944669,40.791562],[-73.944417,40.791911],[-73.944179,40.792242],[-73.943719,40.792862],[-73.943269,40.793492],[-73.942799,40.794122],[-73.942349,40.794752],[-73.941879,40.795392],[-73.941799,40.795492],[-73.941399,40.796052],[-73.940849,40.796832],[-73.940509,40.797262],[-73.940097,40.797822],[-73.940009,40.797942],[-73.939519,40.798622],[-73.939059,40.799242],[-73.938599,40.799872],[-73.938149,40.800502],[-73.937679,40.801132],[-73.937229,40.801762],[-73.936769,40.802392],[-73.936309,40.803012],[-73.935809,40.803692],[-73.936259,40.803883],[-73.937409,40.804372],[-73.937798,40.804533],[-73.938909,40.804992],[-73.939019,40.805042],[-73.939159,40.805102],[-73.939511,40.805253],[-73.940629,40.805732],[-73.941048,40.805912],[-73.942029,40.806332],[-73.942249,40.806422],[-73.942429,40.806502],[-73.94246,40.806515],[-73.943769,40.807062],[-73.944879,40.807522],[-73.945419,40.807742],[-73.945549,40.807792],[-73.945998,40.807979],[-73.946199,40.808062],[-73.946759,40.808302],[-73.948249,40.808932],[-73.948409,40.809002],[-73.94882,40.809174],[-73.949749,40.809562],[-73.950549,40.809902],[-73.951159,40.810162],[-73.95163,40.810359],[-73.951949,40.810492],[-73.952579,40.810762],[-73.953041,40.810959],[-73.954009,40.811372],[-73.954549,40.811602],[-73.954769,40.811722],[-73.954929,40.811842],[-73.955079,40.811972],[-73.955299,40.812222],[-73.955529,40.812492],[-73.956249,40.813342],[-73.955941,40.813775],[-73.955689,40.814132],[-73.955459,40.814472],[-73.955419,40.814532],[-73.954999,40.815102],[-73.954957,40.815159],[-73.954569,40.815702],[-73.954549,40.815732],[-73.954239,40.816152],[-73.954089,40.816352],[-73.954059,40.816402],[-73.953828,40.816714],[-73.953719,40.816862],[-73.953189,40.817582],[-73.953139,40.817652],[-73.952979,40.817873],[-73.952749,40.818192],[-73.952729,40.818222],[-73.952209,40.818912],[-73.951899,40.81934],[-73.951739,40.819562],[-73.950869,40.820742],[-73.950819,40.820812],[-73.950634,40.821065],[-73.950359,40.821442],[-73.949909,40.822062],[-73.949649,40.822425],[-73.949459,40.822692],[-73.949029,40.823312],[-73.948569,40.823942],[-73.948319,40.824267],[-73.948209,40.824412],[-73.948099,40.824552],[-73.947599,40.825232],[-73.947303,40.825645],[-73.947119,40.825902],[-73.947079,40.825962],[-73.946819,40.826302],[-73.946709,40.826452],[-73.946659,40.826522],[-73.946453,40.826799],[-73.946199,40.827142],[-73.945811,40.827685],[-73.945749,40.827772],[-73.945289,40.828392],[-73.944839,40.829022],[-73.944379,40.829642],[-73.943949,40.830232],[-73.943929,40.830262],[-73.943857,40.830361],[-73.943469,40.830892],[-73.942999,40.831572],[-73.942897,40.831712],[-73.942609,40.832112],[-73.942509,40.832242],[-73.942029,40.832862],[-73.941579,40.833482],[-73.941439,40.833666],[-73.941119,40.834092],[-73.940659,40.834722],[-73.940262,40.835266],[-73.940199,40.835352],[-73.939899,40.835782],[-73.939359,40.836512],[-73.939299,40.836602],[-73.938839,40.837222],[-73.938641,40.837495],[-73.938369,40.837872],[-73.938309,40.837952],[-73.937919,40.838482],[-73.937779,40.838682],[-73.937339,40.839272],[-73.937209,40.839452],[-73.937026,40.839696],[-73.936939,40.839812],[-73.936909,40.839852],[-73.936469,40.840472],[-73.936039,40.841062],[-73.935669,40.841552],[-73.935569,40.841682],[-73.935339,40.842007],[-73.935139,40.842292],[-73.934669,40.842932],[-73.934507,40.843148],[-73.934189,40.843572],[-73.934009,40.843812],[-73.933709,40.844232],[-73.933419,40.844642],[-73.933229,40.844902],[-73.933028,40.845178],[-73.932779,40.845522],[-73.932499,40.845912],[-73.932329,40.846142],[-73.932239,40.846272],[-73.932189,40.846342],[-73.932129,40.846422],[-73.932079,40.846492],[-73.932039,40.846542],[-73.931969,40.846632],[-73.931919,40.846692],[-73.931849,40.846792],[-73.931674,40.847034],[-73.931669,40.847042],[-73.931389,40.847422],[-73.931169,40.847732],[-73.930879,40.848112],[-73.93068,40.848384],[-73.930609,40.848482],[-73.930459,40.848692],[-73.930429,40.848732],[-73.930019,40.849302],[-73.929759,40.849652],[-73.929678,40.849826],[-73.929639,40.849912],[-73.929199,40.850512],[-73.928939,40.850872],[-73.928649,40.851172],[-73.928149,40.851852],[-73.927882,40.852226],[-73.927829,40.852302],[-73.927699,40.852482],[-73.927609,40.852602],[-73.927239,40.853102],[-73.927189,40.853172],[-73.926939,40.853512],[-73.926809,40.853702],[-73.926729,40.853802],[-73.926615,40.853954],[-73.926379,40.854272],[-73.926209,40.854512],[-73.925159,40.855972],[-73.924699,40.856602],[-73.924629,40.856932],[-73.924639,40.857012],[-73.924669,40.857172],[-73.924719,40.857332],[-73.924929,40.857742],[-73.925029,40.857892],[-73.925149,40.858002],[-73.925289,40.858092],[-73.925439,40.858162],[-73.925599,40.858202],[-73.925749,40.858222],[-73.925919,40.858222],[-73.926069,40.858192],[-73.926229,40.858142],[-73.926369,40.858072],[-73.926484,40.857989],[-73.926509,40.857972],[-73.926799,40.857612],[-73.926899,40.857512],[-73.927009,40.857432],[-73.927409,40.857072],[-73.927468,40.857065]]]}},{"type":"Feature","properties":{"route":"M101","mta_route":"M101","direction":"N","shape_id":"M1010117"},"geometry":{"type":"MultiLineString","coordinates":[[[-73.990022,40.729603],[-73.989909,40.729562],[-73.989659,40.729892],[-73.989479,40.730122],[-73.989049,40.730712],[-73.988609,40.731312],[-73.988349,40.731672],[-73.988149,40.731952],[-73.987689,40.732592],[-73.987179,40.733282],[-73.986861,40.73372],[-73.986679,40.733972],[-73.986209,40.734612],[-73.985999,40.734902],[-73.985789,40.735202],[-73.985569,40.735492],[-73.985359,40.735782],[-73.985129,40.736102],[-73.984939,40.736372],[-73.984879,40.736452],[-73.984699,40.736692],[-73.984589,40.736832],[-73.984509,40.736952],[-73.984079,40.737542],[-73.983629,40.738162],[-73.983249,40.738662],[-73.983149,40.738822],[-73.982659,40.739492],[-73.982562,40.739623],[-73.982209,40.740102],[-73.981759,40.740722],[-73.981309,40.741342],[-73.980849,40.741952],[-73.980399,40.742582],[-73.979959,40.743192],[-73.979509,40.743812],[-73.979059,40.744442],[-73.978599,40.745052],[-73.978483,40.745209],[-73.978109,40.745722],[-73.977629,40.746372],[-73.977169,40.747002],[-73.976729,40.747612],[-73.976269,40.748242],[-73.975829,40.748852],[-73.975619,40.749132],[-73.975489,40.749312],[-73.975399,40.749432],[-73.975369,40.749472],[-73.975209,40.749692],[-73.974919,40.750082],[-73.974419,40.750782],[-73.974182,40.75111],[-73.973949,40.751432],[-73.973499,40.752062],[-73.973049,40.752682],[-73.972589,40.753322],[-73.972139,40.753932],[-73.971679,40.754562],[-73.971229,40.755192],[-73.971009,40.755492],[-73.97098,40.75553],[-73.970759,40.755822],[-73.970309,40.756442],[-73.969849,40.757082],[-73.969399,40.757692],[-73.968939,40.758322],[-73.968479,40.758942],[-73.968009,40.759582],[-73.967509,40.760272],[-73.967189,40.760702],[-73.967149,40.760752],[-73.967099,40.760822],[-73.967029,40.760922],[-73.966579,40.761552],[-73.966129,40.762162],[-73.965801,40.762586],[-73.965649,40.762782],[-73.965169,40.763412],[-73.964729,40.764042],[-73.964709,40.764072],[-73.964279,40.764662],[-73.963809,40.765292],[-73.963439,40.765822],[-73.963399,40.765872],[-73.963359,40.765922],[-73.963319,40.765972],[-73.962929,40.766542],[-73.962524,40.767117],[-73.962479,40.767182],[-73.962029,40.767802],[-73.961569,40.768432],[-73.961109,40.769062],[-73.960599,40.769742],[-73.960336,40.770099],[-73.960099,40.770422],[-73.959619,40.771052],[-73.959169,40.771692],[-73.958719,40.772312],[-73.958249,40.772952],[-73.957789,40.773592],[-73.957279,40.774282],[-73.957028,40.774629],[-73.956789,40.774962],[-73.956339,40.775592],[-73.955869,40.776232],[-73.955409,40.776862],[-73.954949,40.777492],[-73.954479,40.778132],[-73.954112,40.778631],[-73.953979,40.778812],[-73.953489,40.779492],[-73.953029,40.780122],[-73.952579,40.780742],[-73.952129,40.781382],[-73.951949,40.781602],[-73.951669,40.782002],[-73.951519,40.782212],[-73.951209,40.782622],[-73.950739,40.783252],[-73.950279,40.783882],[-73.949819,40.784512],[-73.949769,40.784582],[-73.949329,40.785192],[-73.948902,40.785763]]]}},{"type":"Feature","properties":{"route":"M101","mta_route":"M101","direction":"S","shape_id":"M1010007"},"geometry":{"type":"MultiLineString","coordinates":[[[-73.927871,40.856971],[-73.927969,40.856942],[-73.928099,40.856882],[-73.928189,40.856822],[-73.928239,40.856792],[-73.928429,40.856572],[-73.928459,40.856532],[-73.928709,40.856172],[-73.929169,40.855552],[-73.929639,40.854902],[-73.928249,40.854312],[-73.928139,40.854262],[-73.927439,40.853942],[-73.927389,40.853942],[-73.926809,40.853702],[-73.926939,40.853512],[-73.927011,40.853414],[-73.927189,40.853172],[-73.927239,40.853102],[-73.927609,40.852602],[-73.927699,40.852482],[-73.927829,40.852302],[-73.927892,40.852213],[-73.928149,40.851852],[-73.928649,40.851172],[-73.928939,40.850872],[-73.929138,40.850596],[-73.929199,40.850512],[-73.929639,40.849912],[-73.929759,40.849652],[-73.929846,40.849535],[-73.930019,40.849302],[-73.930429,40.848732],[-73.930459,40.848692],[-73.930609,40.848482],[-73.930806,40.848211],[-73.930879,40.848112],[-73.931169,40.847732],[-73.931389,40.847422],[-73.931669,40.847042],[-73.931849,40.846792],[-73.931919,40.846692],[-73.931969,40.846632],[-73.932039,40.846542],[-73.932079,40.846492],[-73.932129,40.846422],[-73.932189,40.846342],[-73.932239,40.846272],[-73.932329,40.846142],[-73.932499,40.845912],[-73.932538,40.845857],[-73.932779,40.845522],[-73.933229,40.844902],[-73.933419,40.844642],[-73.933709,40.844232],[-73.934009,40.843812],[-73.934026,40.843788],[-73.934189,40.843572],[-73.934669,40.842932],[-73.935139,40.842292],[-73.935328,40.842023],[-73.935569,40.841682],[-73.935669,40.841552],[-73.936039,40.841062],[-73.936348,40.840637],[-73.936469,40.840472],[-73.936909,40.839852],[-73.936939,40.839812],[-73.937158,40.83952],[-73.937209,40.839452],[-73.937339,40.839272],[-73.937779,40.838682],[-73.937919,40.838482],[-73.938309,40.837952],[-73.938369,40.837872],[-73.938582,40.837577],[-73.938839,40.837222],[-73.939299,40.836602],[-73.939359,40.836512],[-73.939899,40.835782],[-73.940095,40.835501],[-73.940199,40.835352],[-73.940659,40.834722],[-73.941119,40.834092],[-73.941579,40.833482],[-73.941698,40.833318],[-73.942029,40.832862],[-73.942509,40.832242],[-73.942609,40.832112],[-73.942756,40.831908],[-73.942999,40.831572],[-73.943469,40.830892],[-73.943929,40.830262],[-73.943949,40.830232],[-73.944319,40.829723],[-73.944379,40.829642],[-73.944839,40.829022],[-73.945289,40.828392],[-73.945554,40.828034],[-73.945749,40.827772],[-73.946199,40.827142],[-73.94639,40.826884],[-73.946659,40.826522],[-73.946709,40.826452],[-73.946819,40.826302],[-73.947079,40.825962],[-73.947119,40.825902],[-73.947599,40.825232],[-73.947826,40.824923],[-73.948099,40.824552],[-73.948209,40.824412],[-73.948569,40.823942],[-73.948813,40.823607],[-73.949029,40.823312],[-73.949459,40.822692],[-73.949909,40.822062],[-73.950179,40.821689],[-73.950359,40.821442],[-73.950819,40.820812],[-73.950869,40.820742],[-73.951075,40.820463],[-73.951739,40.819562],[-73.952209,40.818912],[-73.95246,40.818578],[-73.952729,40.818222],[-73.952749,40.818192],[-73.953139,40.817652],[-73.953189,40.817582],[-73.953719,40.816862],[-73.954059,40.816402],[-73.954089,40.816352],[-73.954239,40.816152],[-73.954363,40.815983],[-73.954549,40.815732],[-73.954569,40.815702],[-73.954999,40.815102],[-73.955195,40.814835],[-73.955419,40.814532],[-73.955459,40.814472],[-73.955689,40.814132],[-73.956249,40.813342],[-73.955643,40.812626],[-73.955529,40.812492],[-73.955299,40.812222],[-73.955079,40.811972],[-73.954929,40.811842],[-73.954769,40.811722],[-73.954549,40.811602],[-73.954159,40.811436],[-73.954009,40.811372],[-73.952579,40.810762],[-73.951949,40.810492],[-73.951771,40.810418],[-73.951159,40.810162],[-73.950671,40.809954],[-73.950549,40.809902],[-73.949749,40.809562],[-73.948409,40.809002],[-73.948249,40.808932],[-73.947804,40.808744],[-73.946759,40.808302],[-73.946199,40.808062],[-73.945549,40.807792],[-73.945419,40.807742],[-73.944989,40.807567],[-73.944879,40.807522],[-73.943769,40.807062],[-73.942429,40.806502],[-73.942249,40.806422],[-73.942029,40.806332],[-73.941822,40.806243],[-73.940629,40.805732],[-73.940265,40.805576],[-73.939347,40.805182],[-73.939159,40.805102],[-73.939019,40.805042],[-73.938909,40.804992],[-73.937409,40.804372],[-73.937786,40.803858],[-73.937909,40.803692],[-73.938369,40.803062],[-73.938829,40.802432],[-73.939095,40.802073],[-73.939289,40.801812],[-73.939739,40.801182],[-73.940209,40.800552],[-73.94048,40.800173],[-73.940659,40.799922],[-73.941129,40.799292],[-73.941619,40.798612],[-73.941974,40.798129],[-73.942119,40.797932],[-73.942199,40.797822],[-73.942459,40.797472],[-73.942659,40.797222],[-73.942701,40.79716],[-73.942839,40.796962],[-73.943159,40.796532],[-73.943479,40.796062],[-73.943949,40.795422],[-73.944409,40.794802],[-73.944609,40.794521],[-73.944859,40.794172],[-73.945319,40.793542],[-73.945789,40.792912],[-73.946279,40.792242],[-73.946543,40.791874],[-73.946769,40.791562],[-73.947159,40.791032],[-73.947229,40.790932],[-73.947508,40.79055],[-73.947689,40.790302],[-73.948149,40.789672],[-73.948599,40.789052],[-73.949059,40.788422],[-73.949178,40.788258],[-73.949519,40.787792],[-73.949917,40.787246],[-73.949979,40.787162],[-73.950429,40.786532],[-73.950929,40.785862],[-73.950979,40.785792],[-73.951192,40.785496],[-73.951419,40.785182],[-73.951889,40.784552],[-73.952002,40.784396],[-73.952339,40.783932],[-73.952799,40.783302],[-73.953081,40.782915],[-73.953259,40.782672],[-73.953719,40.782052],[-73.954179,40.781422],[-73.954259,40.781322],[-73.954405,40.781112],[-73.954629,40.780792],[-73.955089,40.780162],[-73.955579,40.779492],[-73.955737,40.779269],[-73.955799,40.779182],[-73.956079,40.778802],[-73.956549,40.778172],[-73.957009,40.777542],[-73.957253,40.777202],[-73.957469,40.776902],[-73.957939,40.776272],[-73.958399,40.775632],[-73.958899,40.774952],[-73.958978,40.774844],[-73.959119,40.774652],[-73.959389,40.774272],[-73.959859,40.773632],[-73.960118,40.773277],[-73.960319,40.773002],[-73.960779,40.772362],[-73.961249,40.771732],[-73.961509,40.771376],[-73.961709,40.771102],[-73.962209,40.770412],[-73.962295,40.770292],[-73.962699,40.769732],[-73.963159,40.769102],[-73.963429,40.768737],[-73.963619,40.768482],[-73.964079,40.767852],[-73.964109,40.767802],[-73.964193,40.767689],[-73.964319,40.767522],[-73.964529,40.767222],[-73.964979,40.766602],[-73.965429,40.765992],[-73.965899,40.765352],[-73.965992,40.765224],[-73.966359,40.764722],[-73.966809,40.764102],[-73.967034,40.763793],[-73.967269,40.763472],[-73.967729,40.762842],[-73.968199,40.762222],[-73.968292,40.762088],[-73.968639,40.761592],[-73.969109,40.760952],[-73.969629,40.760242],[-73.969731,40.760101],[-73.970079,40.759622],[-73.970539,40.758992],[-73.970989,40.758372],[-73.971244,40.758023],[-73.971449,40.757742],[-73.971909,40.757112],[-73.972304,40.756567],[-73.972359,40.756492],[-73.972639,40.756112],[-73.972819,40.755862],[-73.973039,40.755562],[-73.973269,40.755232],[-73.973729,40.754612],[-73.974079,40.754132],[-73.974189,40.753982],[-73.974419,40.753662],[-73.974649,40.753362],[-73.974855,40.753074],[-73.975099,40.752732],[-73.975349,40.752392],[-73.975419,40.752302],[-73.975559,40.752112],[-73.975809,40.751762],[-73.975889,40.751652],[-73.976019,40.751462],[-73.976497,40.750827],[-73.976539,40.750772],[-73.976989,40.750142],[-73.977273,40.749748],[-73.977429,40.749532],[-73.977889,40.748912],[-73.978339,40.748292],[-73.978477,40.748102],[-73.978789,40.747672],[-73.979239,40.747062],[-73.979719,40.746392],[-73.979855,40.746209],[-73.980209,40.745732],[-73.980659,40.745112],[-73.981109,40.744492],[-73.981408,40.744079],[-73.981559,40.743872],[-73.982009,40.743252],[-73.982459,40.742642],[-73.982668,40.742353],[-73.982909,40.742022],[-73.983359,40.741402],[-73.983809,40.740782],[-73.984269,40.740162],[-73.983832,40.73998],[-73.982659,40.739492],[-73.983055,40.73895],[-73.983149,40.738822],[-73.983249,40.738662],[-73.983629,40.738162],[-73.984079,40.737542],[-73.984509,40.736952],[-73.984589,40.736832],[-73.984699,40.736692],[-73.984705,40.736683],[-73.984879,40.736452],[-73.984939,40.736372],[-73.985129,40.736102],[-73.985359,40.735782],[-73.985569,40.735492],[-73.985789,40.735202],[-73.985999,40.734902],[-73.98604,40.734844],[-73.986209,40.734612],[-73.986679,40.733972],[-73.987179,40.733282],[-73.98744,40.732929],[-73.987689,40.732592],[-73.988149,40.731952],[-73.988349,40.731672],[-73.988609,40.731312],[-73.988878,40.730944],[-73.989049,40.730712],[-73.989479,40.730122],[-73.989659,40.729892],[-73.989909,40.729562],[-73.990108,40.729279]]]}},{"type":"Feature","properties":{"route":"M101","mta_route":"M101","direction":"S","shape_id":"M1010008"},"geometry":{"type":"MultiLineString","coordinates":[[[-73.927871,40.856971],[-73.927969,40.856942],[-73.928099,40.856882],[-73.928189,40.856822],[-73.928239,40.856792],[-73.928429,40.856572],[-73.928459,40.856532],[-73.928709,40.856172],[-73.929169,40.855552],[-73.929639,40.854902],[-73.928249,40.854312],[-73.928139,40.854262],[-73.927439,40.853942],[-73.927389,40.853942],[-73.926809,40.853702],[-73.926939,40.853512],[-73.927011,40.853414],[-73.927189,40.853172],[-73.927239,40.853102],[-73.927609,40.852602],[-73.927699,40.852482],[-73.927829,40.852302],[-73.927892,40.852213],[-73.928149,40.851852],[-73.928649,40.851172],[-73.928939,40.850872],[-73.929138,40.850596],[-73.929199,40.850512],[-73.929639,40.849912],[-73.929759,40.849652],[-73.929846,40.849535],[-73.930019,40.849302],[-73.930429,40.848732],[-73.930459,40.848692],[-73.930609,40.848482],[-73.930806,40.848211],[-73.930879,40.848112],[-73.931169,40.847732],[-73.931389,40.847422],[-73.931669,40.847042],[-73.931849,40.846792],[-73.931919,40.846692],[-73.931969,40.846632],[-73.932039,40.846542],[-73.932079,40.846492],[-73.932129,40.846422],[-73.932189,40.846342],[-73.932239,40.846272],[-73.932329,40.846142],[-73.932499,40.845912],[-73.932538,40.845857],[-73.932779,40.845522],[-73.933229,40.844902],[-73.933419,40.844642],[-73.933709,40.844232],[-73.934009,40.843812],[-73.934026,40.843788],[-73.934189,40.843572],[-73.934669,40.842932],[-73.935139,40.842292],[-73.935328,40.842023],[-73.935569,40.841682],[-73.935669,40.841552],[-73.936039,40.841062],[-73.936348,40.840637],[-73.936469,40.840472],[-73.936909,40.839852],[-73.936939,40.839812],[-73.937158,40.83952],[-73.937209,40.839452],[-73.937339,40.839272],[-73.937779,40.838682],[-73.937919,40.838482],[-73.938309,40.837952],[-73.938369,40.837872],[-73.938582,40.837577],[-73.938839,40.837222],[-73.939299,40.836602],[-73.939359,40.836512],[-73.939899,40.835782],[-73.940095,40.835501],[-73.940199,40.835352],[-73.940659,40.834722],[-73.941119,40.834092],[-73.941579,40.833482],[-73.941698,40.833318],[-73.942029,40.832862],[-73.942509,40.832242],[-73.942609,40.832112],[-73.942756,40.831908],[-73.942999,40.831572],[-73.943469,40.830892],[-73.943929,40.830262],[-73.943949,40.830232],[-73.944319,40.829723],[-73.944379,40.829642],[-73.944839,40.829022],[-73.945289,40.828392],[-73.945554,40.828034],[-73.945749,40.827772],[-73.946199,40.827142],[-73.94639,40.826884],[-73.946659,40.826522],[-73.946709,40.826452],[-73.946819,40.826302],[-73.947079,40.825962],[-73.947119,40.825902],[-73.947599,40.825232],[-73.947826,40.824923],[-73.948099,40.824552],[-73.948209,40.824412],[-73.948569,40.823942],[-73.948813,40.823607],[-73.949029,40.823312],[-73.949459,40.822692],[-73.949909,40.822062],[-73.950179,40.821689],[-73.950359,40.821442],[-73.950819,40.820812],[-73.950869,40.820742],[-73.951075,40.820463],[-73.951739,40.819562],[-73.952209,40.818912],[-73.95246,40.818578],[-73.952729,40.818222],[-73.952749,40.818192],[-73.953139,40.817652],[-73.953189,40.817582],[-73.953719,40.816862],[-73.954059,40.816402],[-73.954089,40.816352],[-73.954239,40.816152],[-73.954363,40.815983],[-73.954549,40.815732],[-73.954569,40.815702],[-73.954999,40.815102],[-73.955195,40.814835],[-73.955419,40.814532],[-73.955459,40.814472],[-73.955689,40.814132],[-73.956249,40.813342],[-73.955643,40.812626],[-73.955529,40.812492],[-73.955299,40.812222],[-73.955079,40.811972],[-73.954929,40.811842],[-73.954769,40.811722],[-73.954549,40.811602],[-73.954159,40.811436],[-73.954009,40.811372],[-73.952579,40.810762],[-73.951949,40.810492],[-73.951771,40.810418],[-73.951159,40.810162],[-73.950671,40.809954],[-73.950549,40.809902],[-73.949749,40.809562],[-73.948409,40.809002],[-73.948249,40.808932],[-73.947804,40.808744],[-73.946759,40.808302],[-73.946199,40.808062],[-73.945549,40.807792],[-73.945419,40.807742],[-73.944989,40.807567],[-73.944879,40.807522],[-73.943769,40.807062],[-73.942429,40.806502],[-73.942249,40.806422],[-73.942029,40.806332],[-73.941822,40.806243],[-73.940629,40.805732],[-73.940265,40.805576],[-73.939347,40.805182],[-73.939159,40.805102],[-73.939019,40.805042],[-73.938909,40.804992],[-73.937409,40.804372],[-73.937786,40.803858],[-73.937909,40.803692],[-73.938369,40.803062],[-73.938829,40.802432],[-73.939289,40.801812],[-73.939739,40.801182],[-73.940209,40.800552],[-73.940659,40.799922],[-73.941129,40.799292],[-73.941619,40.798612],[-73.941974,40.798129],[-73.942119,40.797932],[-73.942199,40.797822],[-73.942459,40.797472],[-73.942659,40.797222],[-73.942839,40.796962],[-73.943159,40.796532],[-73.943479,40.796062],[-73.943949,40.795422],[-73.944409,40.794802],[-73.944859,40.794172],[-73.945319,40.793542],[-73.945789,40.792912],[-73.946279,40.792242],[-73.946543,40.791874],[-73.946769,40.791562],[-73.947159,40.791032],[-73.947229,40.790932],[-73.947689,40.790302],[-73.948149,40.789672],[-73.948599,40.789052],[-73.949059,40.788422],[-73.949178,40.788258],[-73.949519,40.787792],[-73.949979,40.787162],[-73.950429,40.786532],[-73.950929,40.785862],[-73.950979,40.785792],[-73.951192,40.785496],[-73.951419,40.785182],[-73.951889,40.784552],[-73.952339,40.783932],[-73.952799,40.783302],[-73.953259,40.782672],[-73.953719,40.782052],[-73.954179,40.781422],[-73.954259,40.781322],[-73.954629,40.780792],[-73.955089,40.780162],[-73.955579,40.779492],[-73.955737,40.779269],[-73.955799,40.779182],[-73.956079,40.778802],[-73.956549,40.778172],[-73.957009,40.777542],[-73.957469,40.776902],[-73.957939,40.776272],[-73.958399,40.775632],[-73.958899,40.774952],[-73.958978,40.774844],[-73.959119,40.774652],[-73.959389,40.774272],[-73.959859,40.773632],[-73.960319,40.773002],[-73.960779,40.772362],[-73.961249,40.771732],[-73.961709,40.771102],[-73.962209,40.770412],[-73.962295,40.770292],[-73.962699,40.769732],[-73.963159,40.769102],[-73.963619,40.768482],[-73.964079,40.767852],[-73.964109,40.767802],[-73.964193,40.767689],[-73.964319,40.767522],[-73.964529,40.767222],[-73.964979,40.766602],[-73.965429,40.765992],[-73.965899,40.765352],[-73.966359,40.764722],[-73.966809,40.764102],[-73.967269,40.763472],[-73.967729,40.762842],[-73.968199,40.762222],[-73.968292,40.762088],[-73.968639,40.761592],[-73.969109,40.760952],[-73.969629,40.760242],[-73.970079,40.759622],[-73.970539,40.758992],[-73.970989,40.758372],[-73.971449,40.757742],[-73.971909,40.757112],[-73.972304,40.756567],[-73.972359,40.756492],[-73.972639,40.756112],[-73.972819,40.755862],[-73.973039,40.755562],[-73.973269,40.755232],[-73.973729,40.754612],[-73.974079,40.754132],[-73.974189,40.753982],[-73.974419,40.753662],[-73.974649,40.753362],[-73.975099,40.752732],[-73.975349,40.752392],[-73.975419,40.752302],[-73.975559,40.752112],[-73.975809,40.751762],[-73.975889,40.751652],[-73.976019,40.751462],[-73.976497,40.750827],[-73.976539,40.750772],[-73.976989,40.750142],[-73.977429,40.749532],[-73.977889,40.748912],[-73.978339,40.748292],[-73.978789,40.747672],[-73.979239,40.747062],[-73.979719,40.746392],[-73.979855,40.746209],[-73.980209,40.745732],[-73.980659,40.745112],[-73.981109,40.744492],[-73.981559,40.743872],[-73.982009,40.743252],[-73.982459,40.742642],[-73.982909,40.742022],[-73.983359,40.741402],[-73.983809,40.740782],[-73.984269,40.740162],[-73.982659,40.739492],[-73.983055,40.73895],[-73.983149,40.738822],[-73.983249,40.738662],[-73.983629,40.738162],[-73.984079,40.737542],[-73.984509,40.736952],[-73.984589,40.736832],[-73.984699,40.736692],[-73.984879,40.736452],[-73.984939,40.736372],[-73.985129,40.736102],[-73.985359,40.735782],[-73.985569,40.735492],[-73.985789,40.735202],[-73.985999,40.734902],[-73.986209,40.734612],[-73.986679,40.733972],[-73.987179,40.733282],[-73.98744,40.732929],[-73.987689,40.732592],[-73.988149,40.731952],[-73.988349,40.731672],[-73.988609,40.731312],[-73.989049,40.730712],[-73.989479,40.730122],[-73.989659,40.729892],[-73.989909,40.729562],[-73.990108,40.729279]]]}},{"type":"Feature","properties":{"route":"M101","mta_route":"M101","direction":"S","shape_id":"M1010009"},"geometry":{"type":"MultiLineString","coordinates":[[[-73.927871,40.856971],[-73.927969,40.856942],[-73.928099,40.856882],[-73.928189,40.856822],[-73.928239,40.856792],[-73.928429,40.856572],[-73.928459,40.856532],[-73.928709,40.856172],[-73.929169,40.855552],[-73.929639,40.854902],[-73.928249,40.854312],[-73.928139,40.854262],[-73.927439,40.853942],[-73.927389,40.853942],[-73.926809,40.853702],[-73.926939,40.853512],[-73.927011,40.853414],[-73.927189,40.853172],[-73.927239,40.853102],[-73.927609,40.852602],[-73.927699,40.852482],[-73.927829,40.852302],[-73.927892,40.852213],[-73.928149,40.851852],[-73.928649,40.851172],[-73.928939,40.850872],[-73.929138,40.850596],[-73.929199,40.850512],[-73.929639,40.849912],[-73.929759,40.849652],[-73.929846,40.849535],[-73.930019,40.849302],[-73.930429,40.848732],[-73.930459,40.848692],[-73.930609,40.848482],[-73.930806,40.848211],[-73.930879,40.848112],[-73.931169,40.847732],[-73.931389,40.847422],[-73.931669,40.847042],[-73.931849,40.846792],[-73.931919,40.846692],[-73.931969,40.846632],[-73.932039,40.846542],[-73.932079,40.846492],[-73.932129,40.846422],[-73.932189,40.846342],[-73.932239,40.846272],[-73.932329,40.846142],[-73.932499,40.845912],[-73.932538,40.845857],[-73.932779,40.845522],[-73.933229,40.844902],[-73.933419,40.844642],[-73.933709,40.844232],[-73.934009,40.843812],[-73.934026,40.843788],[-73.934189,40.843572],[-73.934669,40.842932],[-73.935139,40.842292],[-73.935328,40.842023],[-73.935569,40.841682],[-73.935669,40.841552],[-73.936039,40.841062],[-73.936348,40.840637],[-73.936469,40.840472],[-73.936909,40.839852],[-73.936939,40.839812],[-73.937158,40.83952],[-73.937209,40.839452],[-73.937339,40.839272],[-73.937779,40.838682],[-73.937919,40.838482],[-73.938309,40.837952],[-73.938369,40.837872],[-73.938582,40.837577],[-73.938839,40.837222],[-73.939299,40.836602],[-73.939359,40.836512],[-73.939899,40.835782],[-73.940095,40.835501],[-73.940199,40.835352],[-73.940659,40.834722],[-73.941119,40.834092],[-73.941579,40.833482],[-73.941698,40.833318],[-73.942029,40.832862],[-73.942509,40.832242],[-73.942609,40.832112],[-73.942756,40.831908],[-73.942999,40.831572],[-73.943469,40.830892],[-73.943929,40.830262],[-73.943949,40.830232],[-73.944319,40.829723],[-73.944379,40.829642],[-73.944839,40.829022],[-73.945289,40.828392],[-73.945554,40.828034],[-73.945749,40.827772],[-73.946199,40.827142],[-73.94639,40.826884],[-73.946659,40.826522],[-73.946709,40.826452],[-73.946819,40.826302],[-73.947079,40.825962],[-73.947119,40.825902],[-73.947599,40.825232],[-73.947826,40.824923],[-73.948099,40.824552],[-73.948209,40.824412],[-73.948569,40.823942],[-73.948813,40.823607],[-73.949029,40.823312],[-73.949459,40.822692],[-73.949909,40.822062],[-73.950179,40.821689],[-73.950359,40.821442],[-73.950819,40.820812],[-73.950869,40.820742],[-73.951075,40.820463],[-73.951739,40.819562],[-73.952209,40.818912],[-73.95246,40.818578],[-73.952729,40.818222],[-73.952749,40.818192],[-73.953139,40.817652],[-73.953189,40.817582],[-73.953719,40.816862],[-73.954059,40.816402],[-73.954089,40.816352],[-73.954239,40.816152],[-73.954363,40.815983],[-73.954549,40.815732],[-73.954569,40.815702],[-73.954999,40.815102],[-73.955195,40.814835],[-73.955419,40.814532],[-73.955459,40.814472],[-73.955689,40.814132],[-73.956249,40.813342],[-73.955643,40.812626],[-73.955529,40.812492],[-73.955299,40.812222],[-73.955079,40.811972],[-73.954929,40.811842],[-73.954769,40.811722],[-73.954549,40.811602],[-73.954159,40.811436],[-73.954009,40.811372],[-73.952579,40.810762],[-73.951949,40.810492],[-73.951771,40.810418],[-73.951159,40.810162],[-73.950671,40.809954],[-73.950549,40.809902],[-73.949749,40.809562],[-73.948409,40.809002],[-73.948249,40.808932],[-73.947804,40.808744],[-73.946759,40.808302],[-73.946199,40.808062],[-73.945549,40.807792],[-73.945419,40.807742],[-73.944989,40.807567],[-73.944879,40.807522],[-73.943769,40.807062],[-73.942429,40.806502],[-73.942249,40.806422],[-73.942029,40.806332],[-73.941822,40.806243],[-73.940629,40.805732],[-73.940265,40.805576],[-73.939347,40.805182],[-73.939159,40.805102],[-73.939019,40.805042],[-73.938909,40.804992],[-73.937409,40.804372],[-73.937786,40.803858],[-73.937909,40.803692],[-73.938369,40.803062],[-73.938829,40.802432],[-73.939095,40.802073],[-73.939289,40.801812],[-73.939739,40.801182],[-73.940209,40.800552],[-73.94048,40.800173],[-73.940659,40.799922],[-73.941129,40.799292],[-73.941619,40.798612],[-73.941974,40.798129],[-73.942119,40.797932],[-73.942199,40.797822],[-73.942459,40.797472],[-73.942659,40.797222],[-73.942701,40.79716],[-73.942839,40.796962],[-73.943159,40.796532],[-73.943479,40.796062],[-73.943949,40.795422],[-73.944409,40.794802],[-73.944609,40.794521],[-73.944859,40.794172],[-73.945319,40.793542],[-73.945789,40.792912],[-73.946279,40.792242],[-73.946543,40.791874],[-73.946769,40.791562],[-73.947159,40.791032],[-73.947229,40.790932],[-73.947508,40.79055],[-73.947689,40.790302],[-73.948149,40.789672],[-73.948599,40.789052],[-73.949059,40.788422],[-73.949178,40.788258],[-73.949519,40.787792],[-73.949917,40.787246],[-73.949979,40.787162],[-73.950429,40.786532],[-73.950929,40.785862],[-73.950979,40.785792],[-73.951192,40.785496]]]}},{"type":"Feature","properties":{"route":"M101","mta_route":"M101","direction":"S","shape_id":"M1010010"},"geometry":{"type":"MultiLineString","coordinates":[[[-73.927871,40.856971],[-73.927969,40.856942],[-73.928099,40.856882],[-73.928189,40.856822],[-73.928239,40.856792],[-73.928429,40.856572],[-73.928459,40.856532],[-73.928709,40.856172],[-73.929169,40.855552],[-73.929639,40.854902],[-73.928249,40.854312],[-73.928139,40.854262],[-73.927439,40.853942],[-73.927389,40.853942],[-73.926809,40.853702],[-73.926939,40.853512],[-73.927011,40.853414],[-73.927189,40.853172],[-73.927239,40.853102],[-73.927609,40.852602],[-73.927699,40.852482],[-73.927829,40.852302],[-73.927892,40.852213],[-73.928149,40.851852],[-73.928649,40.851172],[-73.928939,40.850872],[-73.929138,40.850596],[-73.929199,40.850512],[-73.929639,40.849912],[-73.929759,40.849652],[-73.929846,40.849535],[-73.930019,40.849302],[-73.930429,40.848732],[-73.930459,40.848692],[-73.930609,40.848482],[-73.930806,40.848211],[-73.930879,40.848112],[-73.931169,40.847732],[-73.931389,40.847422],[-73.931669,40.847042],[-73.931849,40.846792],[-73.931919,40.846692],[-73.931969,40.846632],[-73.932039,40.846542],[-73.932079,40.846492],[-73.932129,40.846422],[-73.932189,40.846342],[-73.932239,40.846272],[-73.932329,40.846142],[-73.932499,40.845912],[-73.932538,40.845857],[-73.932779,40.845522],[-73.933229,40.844902],[-73.933419,40.844642],[-73.933709,40.844232],[-73.934009,40.843812],[-73.934026,40.843788],[-73.934189,40.843572],[-73.934669,40.842932],[-73.935139,40.842292],[-73.935328,40.842023],[-73.935569,40.841682],[-73.935669,40.841552],[-73.936039,40.841062],[-73.936348,40.840637],[-73.936469,40.840472],[-73.936909,40.839852],[-73.936939,40.839812],[-73.937158,40.83952],[-73.937209,40.839452],[-73.937339,40.839272],[-73.937779,40.838682],[-73.937919,40.838482],[-73.938309,40.837952],[-73.938369,40.837872],[-73.938582,40.837577],[-73.938839,40.837222],[-73.939299,40.836602],[-73.939359,40.836512],[-73.939899,40.835782],[-73.940095,40.835501],[-73.940199,40.835352],[-73.940659,40.834722],[-73.941119,40.834092],[-73.941579,40.833482],[-73.941698,40.833318],[-73.942029,40.832862],[-73.942509,40.832242],[-73.942609,40.832112],[-73.942756,40.831908],[-73.942999,40.831572],[-73.943469,40.830892],[-73.943929,40.830262],[-73.943949,40.830232],[-73.944319,40.829723],[-73.944379,40.829642],[-73.944839,40.829022],[-73.945289,40.828392],[-73.945554,40.828034],[-73.945749,40.827772],[-73.946199,40.827142],[-73.94639,40.826884],[-73.946659,40.826522],[-73.946709,40.826452],[-73.946819,40.826302],[-73.947079,40.825962],[-73.947119,40.825902],[-73.947599,40.825232],[-73.947826,40.824923],[-73.948099,40.824552],[-73.948209,40.824412],[-73.948569,40.823942],[-73.948813,40.823607],[-73.949029,40.823312],[-73.949459,40.822692],[-73.949909,40.822062],[-73.950179,40.821689],[-73.950359,40.821442],[-73.950819,40.820812],[-73.950869,40.820742],[-73.951075,40.820463],[-73.951739,40.819562],[-73.952209,40.818912],[-73.95246,40.818578],[-73.952729,40.818222],[-73.952749,40.818192],[-73.953139,40.817652],[-73.953189,40.817582],[-73.953719,40.816862],[-73.954059,40.816402],[-73.954089,40.816352],[-73.954239,40.816152],[-73.954363,40.815983],[-73.954549,40.815732],[-73.954569,40.815702],[-73.954999,40.815102],[-73.955195,40.814835],[-73.955419,40.814532],[-73.955459,40.814472],[-73.955689,40.814132],[-73.956249,40.813342],[-73.955643,40.812626],[-73.955529,40.812492],[-73.955299,40.812222],[-73.955079,40.811972],[-73.954929,40.811842],[-73.954769,40.811722],[-73.954549,40.811602],[-73.954159,40.811436],[-73.954009,40.811372],[-73.952579,40.810762],[-73.951949,40.810492],[-73.951771,40.810418],[-73.951159,40.810162],[-73.950671,40.809954],[-73.950549,40.809902],[-73.949749,40.809562],[-73.948409,40.809002],[-73.948249,40.808932],[-73.947804,40.808744],[-73.946759,40.808302],[-73.946199,40.808062],[-73.945549,40.807792],[-73.945419,40.807742],[-73.944989,40.807567],[-73.944879,40.807522],[-73.943769,40.807062],[-73.942429,40.806502],[-73.942249,40.806422],[-73.942029,40.806332],[-73.941822,40.806243],[-73.940629,40.805732],[-73.940265,40.805576],[-73.939347,40.805182],[-73.939159,40.805102],[-73.939019,40.805042],[-73.938909,40.804992],[-73.937409,40.804372],[-73.937786,40.803858],[-73.937909,40.803692],[-73.938369,40.803062],[-73.938829,40.802432],[-73.939289,40.801812],[-73.939739,40.801182],[-73.940209,40.800552],[-73.940659,40.799922],[-73.941129,40.799292],[-73.941619,40.798612],[-73.941974,40.798129],[-73.942119,40.797932],[-73.942199,40.797822],[-73.942459,40.797472],[-73.942659,40.797222],[-73.942839,40.796962],[-73.943159,40.796532],[-73.943479,40.796062],[-73.943949,40.795422],[-73.944409,40.794802],[-73.944859,40.794172],[-73.945319,40.793542],[-73.945789,40.792912],[-73.946279,40.792242],[-73.946543,40.791874],[-73.946769,40.791562],[-73.947159,40.791032],[-73.947229,40.790932],[-73.947689,40.790302],[-73.948149,40.789672],[-73.948599,40.789052],[-73.949059,40.788422],[-73.949178,40.788258],[-73.949519,40.787792],[-73.949979,40.787162],[-73.950429,40.786532],[-73.950929,40.785862],[-73.950979,40.785792],[-73.951192,40.785496]]]}},{"type":"Feature","properties":{"route":"M101","mta_route":"M101","direction":"S","shape_id":"M1010087"},"geometry":{"type":"MultiLineString","coordinates":[[[-73.949178,40.788258],[-73.949519,40.787792],[-73.949979,40.787162],[-73.950429,40.786532],[-73.950929,40.785862],[-73.950979,40.785792],[-73.951192,40.785496],[-73.951419,40.785182],[-73.951889,40.784552],[-73.952339,40.783932],[-73.952799,40.783302],[-73.953259,40.782672],[-73.953719,40.782052],[-73.954179,40.781422],[-73.954259,40.781322],[-73.954629,40.780792],[-73.955089,40.780162],[-73.955579,40.779492],[-73.955737,40.779269],[-73.955799,40.779182],[-73.956079,40.778802],[-73.956549,40.778172],[-73.957009,40.777542],[-73.957469,40.776902],[-73.957939,40.776272],[-73.958399,40.775632],[-73.958899,40.774952],[-73.958978,40.774844],[-73.959119,40.774652],[-73.959389,40.774272],[-73.959859,40.773632],[-73.960319,40.773002],[-73.960779,40.772362],[-73.961249,40.771732],[-73.961709,40.771102],[-73.962209,40.770412],[-73.962295,40.770292],[-73.962699,40.769732],[-73.963159,40.769102],[-73.963619,40.768482],[-73.964079,40.767852],[-73.964109,40.767802],[-73.964193,40.767689],[-73.964319,40.767522],[-73.964529,40.767222],[-73.964979,40.766602],[-73.965429,40.765992],[-73.965899,40.765352],[-73.966359,40.764722],[-73.966809,40.764102],[-73.967269,40.763472],[-73.967729,40.762842],[-73.968199,40.762222],[-73.968292,40.762088],[-73.968639,40.761592],[-73.969109,40.760952],[-73.969629,40.760242],[-73.970079,40.759622],[-73.970539,40.758992],[-73.970989,40.758372],[-73.971449,40.757742],[-73.971909,40.757112],[-73.972304,40.756567],[-73.972359,40.756492],[-73.972639,40.756112],[-73.972819,40.755862],[-73.973039,40.755562],[-73.973269,40.755232],[-73.973729,40.754612],[-73.974079,40.754132],[-73.974189,40.753982],[-73.974419,40.753662],[-73.974649,40.753362],[-73.975099,40.752732],[-73.975349,40.752392],[-73.975419,40.752302],[-73.975559,40.752112],[-73.975809,40.751762],[-73.975889,40.751652],[-73.976019,40.751462],[-73.976497,40.750827],[-73.976539,40.750772],[-73.976989,40.750142],[-73.977429,40.749532],[-73.977889,40.748912],[-73.978339,40.748292],[-73.978789,40.747672],[-73.979239,40.747062],[-73.979719,40.746392],[-73.979855,40.746209],[-73.980209,40.745732],[-73.980659,40.745112],[-73.981109,40.744492],[-73.981559,40.743872],[-73.982009,40.743252],[-73.982459,40.742642],[-73.982909,40.742022],[-73.983359,40.741402],[-73.983809,40.740782],[-73.984269,40.740162],[-73.982659,40.739492],[-73.983055,40.73895],[-73.983149,40.738822],[-73.983249,40.738662],[-73.983629,40.738162],[-73.984079,40.737542],[-73.984509,40.736952],[-73.984589,40.736832],[-73.984699,40.736692],[-73.984879,40.736452],[-73.984939,40.736372],[-73.985129,40.736102],[-73.985359,40.735782],[-73.985569,40.735492],[-73.985789,40.735202],[-73.985999,40.734902],[-73.986209,40.734612],[-73.986679,40.733972],[-73.987179,40.733282],[-73.98744,40.732929],[-73.987689,40.732592],[-73.988149,40.731952],[-73.988349,40.731672],[-73.988609,40.731312],[-73.989049,40.730712],[-73.989479,40.730122],[-73.989659,40.729892],[-73.989909,40.729562],[-73.990108,40.729279]]]}},{"type":"Feature","properties":{"route":"M101","mta_route":"M101","direction":"S","shape_id":"M1010101"},"geometry":{"type":"MultiLineString","coordinates":[[[-73.949178,40.788258],[-73.949519,40.787792],[-73.949917,40.787246],[-73.949979,40.787162],[-73.950429,40.786532],[-73.950929,40.785862],[-73.950979,40.785792],[-73.951192,40.785496],[-73.951419,40.785182],[-73.951889,40.784552],[-73.952002,40.784396],[-73.952339,40.783932],[-73.952799,40.783302],[-73.953081,40.782915],[-73.953259,40.782672],[-73.953719,40.782052],[-73.954179,40.781422],[-73.954259,40.781322],[-73.954405,40.781112],[-73.954629,40.780792],[-73.955089,40.780162],[-73.955579,40.779492],[-73.955737,40.779269],[-73.955799,40.779182],[-73.956079,40.778802],[-73.956549,40.778172],[-73.957009,40.777542],[-73.957253,40.777202],[-73.957469,40.776902],[-73.957939,40.776272],[-73.958399,40.775632],[-73.958899,40.774952],[-73.958978,40.774844],[-73.959119,40.774652],[-73.959389,40.774272],[-73.959859,40.773632],[-73.960118,40.773277],[-73.960319,40.773002],[-73.960779,40.772362],[-73.961249,40.771732],[-73.961509,40.771376],[-73.961709,40.771102],[-73.962209,40.770412],[-73.962295,40.770292],[-73.962699,40.769732],[-73.963159,40.769102],[-73.963429,40.768737],[-73.963619,40.768482],[-73.964079,40.767852],[-73.964109,40.767802],[-73.964193,40.767689],[-73.964319,40.767522],[-73.964529,40.767222],[-73.964979,40.766602],[-73.965429,40.765992],[-73.965899,40.765352],[-73.965992,40.765224],[-73.966359,40.764722],[-73.966809,40.764102],[-73.967034,40.763793],[-73.967269,40.763472],[-73.967729,40.762842],[-73.968199,40.762222],[-73.968292,40.762088],[-73.968639,40.761592],[-73.969109,40.760952],[-73.969629,40.760242],[-73.969731,40.760101],[-73.970079,40.759622],[-73.970539,40.758992],[-73.970989,40.758372],[-73.971244,40.758023],[-73.971449,40.757742],[-73.971909,40.757112],[-73.972304,40.756567],[-73.972359,40.756492],[-73.972639,40.756112],[-73.972819,40.755862],[-73.973039,40.755562],[-73.973269,40.755232],[-73.973729,40.754612],[-73.974079,40.754132],[-73.974189,40.753982],[-73.974419,40.753662],[-73.974649,40.753362],[-73.974855,40.753074],[-73.975099,40.752732],[-73.975349,40.752392],[-73.975419,40.752302],[-73.975559,40.752112],[-73.975809,40.751762],[-73.975889,40.751652],[-73.976019,40.751462],[-73.976497,40.750827],[-73.976539,40.750772],[-73.976989,40.750142],[-73.977273,40.749748],[-73.977429,40.749532],[-73.977889,40.748912],[-73.978339,40.748292],[-73.978477,40.748102],[-73.978789,40.747672],[-73.979239,40.747062],[-73.979719,40.746392],[-73.979855,40.746209],[-73.980209,40.745732],[-73.980659,40.745112],[-73.981109,40.744492],[-73.981408,40.744079],[-73.981559,40.743872],[-73.982009,40.743252],[-73.982459,40.742642],[-73.982668,40.742353],[-73.982909,40.742022],[-73.983359,40.741402],[-73.983809,40.740782],[-73.984269,40.740162],[-73.983832,40.73998],[-73.982659,40.739492],[-73.983055,40.73895],[-73.983149,40.738822],[-73.983249,40.738662],[-73.983629,40.738162],[-73.984079,40.737542],[-73.984509,40.736952],[-73.984589,40.736832],[-73.984699,40.736692],[-73.984705,40.736683],[-73.984879,40.736452],[-73.984939,40.736372],[-73.985129,40.736102],[-73.985359,40.735782],[-73.985569,40.735492],[-73.985789,40.735202],[-73.985999,40.734902],[-73.98604,40.734844],[-73.986209,40.734612],[-73.986679,40.733972],[-73.987179,40.733282],[-73.98744,40.732929],[-73.987689,40.732592],[-73.988149,40.731952],[-73.988349,40.731672],[-73.988609,40.731312],[-73.988878,40.730944],[-73.989049,40.730712],[-73.989479,40.730122],[-73.989659,40.729892],[-73.989909,40.729562],[-73.990108,40.729279]]]}},{"type":"Feature","properties":{"route":"M101","mta_route":"M101","direction":"S","shape_id":"M1010118"},"geometry":{"type":"MultiLineString","coordinates":[[[-73.937786,40.803858],[-73.937909,40.803692],[-73.938369,40.803062],[-73.938829,40.802432],[-73.939095,40.802073],[-73.939289,40.801812],[-73.939739,40.801182],[-73.940209,40.800552],[-73.94048,40.800173],[-73.940659,40.799922],[-73.941129,40.799292],[-73.941619,40.798612],[-73.941974,40.798129],[-73.942119,40.797932],[-73.942199,40.797822],[-73.942459,40.797472],[-73.942659,40.797222],[-73.942701,40.79716],[-73.942839,40.796962],[-73.943159,40.796532],[-73.943479,40.796062],[-73.943949,40.795422],[-73.944409,40.794802],[-73.944609,40.794521],[-73.944859,40.794172],[-73.945319,40.793542],[-73.945789,40.792912],[-73.946279,40.792242],[-73.946543,40.791874],[-73.946769,40.791562],[-73.947159,40.791032],[-73.947229,40.790932],[-73.947508,40.79055],[-73.947689,40.790302],[-73.948149,40.789672],[-73.948599,40.789052],[-73.949059,40.788422],[-73.949178,40.788258],[-73.949519,40.787792],[-73.949917,40.787246],[-73.949979,40.787162],[-73.950429,40.786532],[-73.950929,40.785862],[-73.950979,40.785792],[-73.951192,40.785496],[-73.951419,40.785182],[-73.951889,40.784552],[-73.952002,40.784396],[-73.952339,40.783932],[-73.952799,40.783302],[-73.953081,40.782915],[-73.953259,40.782672],[-73.953719,40.782052],[-73.954179,40.781422],[-73.954259,40.781322],[-73.954405,40.781112],[-73.954629,40.780792],[-73.955089,40.780162],[-73.955579,40.779492],[-73.955737,40.779269],[-73.955799,40.779182],[-73.956079,40.778802],[-73.956549,40.778172],[-73.957009,40.777542],[-73.957253,40.777202],[-73.957469,40.776902],[-73.957939,40.776272],[-73.958399,40.775632],[-73.958899,40.774952],[-73.958978,40.774844],[-73.959119,40.774652],[-73.959389,40.774272],[-73.959859,40.773632],[-73.960118,40.773277],[-73.960319,40.773002],[-73.960779,40.772362],[-73.961249,40.771732],[-73.961509,40.771376],[-73.961709,40.771102],[-73.962209,40.770412],[-73.962295,40.770292],[-73.962699,40.769732],[-73.963159,40.769102],[-73.963429,40.768737],[-73.963619,40.768482],[-73.964079,40.767852],[-73.964109,40.767802],[-73.964193,40.767689],[-73.964319,40.767522],[-73.964529,40.767222],[-73.964979,40.766602],[-73.965429,40.765992],[-73.965899,40.765352],[-73.965992,40.765224],[-73.966359,40.764722],[-73.966809,40.764102],[-73.967034,40.763793],[-73.967269,40.763472],[-73.967729,40.762842],[-73.968199,40.762222],[-73.968292,40.762088],[-73.968639,40.761592],[-73.969109,40.760952],[-73.969629,40.760242],[-73.969731,40.760101],[-73.970079,40.759622],[-73.970539,40.758992],[-73.970989,40.758372],[-73.971244,40.758023],[-73.971449,40.757742],[-73.971909,40.757112],[-73.972304,40.756567],[-73.972359,40.756492],[-73.972639,40.756112],[-73.972819,40.755862],[-73.973039,40.755562],[-73.973269,40.755232],[-73.973729,40.754612],[-73.974079,40.754132],[-73.974189,40.753982],[-73.974419,40.753662],[-73.974649,40.753362],[-73.974855,40.753074],[-73.975099,40.752732],[-73.975349,40.752392],[-73.975419,40.752302],[-73.975559,40.752112],[-73.975809,40.751762],[-73.975889,40.751652],[-73.976019,40.751462],[-73.976497,40.750827],[-73.976539,40.750772],[-73.976989,40.750142],[-73.977273,40.749748],[-73.977429,40.749532],[-73.977889,40.748912],[-73.978339,40.748292],[-73.978477,40.748102],[-73.978789,40.747672],[-73.979239,40.747062],[-73.979719,40.746392],[-73.979855,40.746209],[-73.980209,40.745732],[-73.980659,40.745112],[-73.981109,40.744492],[-73.981408,40.744079],[-73.981559,40.743872],[-73.982009,40.743252],[-73.982459,40.742642],[-73.982668,40.742353],[-73.982909,40.742022],[-73.983359,40.741402],[-73.983809,40.740782],[-73.984269,40.740162],[-73.983832,40.73998],[-73.982659,40.739492],[-73.983055,40.73895],[-73.983149,40.738822],[-73.983249,40.738662],[-73.983629,40.738162],[-73.984079,40.737542],[-73.984509,40.736952],[-73.984589,40.736832],[-73.984699,40.736692],[-73.984705,40.736683],[-73.984879,40.736452],[-73.984939,40.736372],[-73.985129,40.736102],[-73.985359,40.735782],[-73.985569,40.735492],[-73.985789,40.735202],[-73.985999,40.734902],[-73.98604,40.734844],[-73.986209,40.734612],[-73.986679,40.733972],[-73.987179,40.733282],[-73.98744,40.732929],[-73.987689,40.732592],[-73.988149,40.731952],[-73.988349,40.731672],[-73.988609,40.731312],[-73.988878,40.730944],[-73.989049,40.730712],[-73.989479,40.730122],[-73.989659,40.729892],[-73.989909,40.729562],[-73.990108,40.729279]]]}},{"type":"Feature","properties":{"route":"M116","mta_route":"M116","direction":"E","shape_id":"M1160013"},"geometry":{"type":"MultiLineString","coordinates":[[[-73.967544,40.801198],[-73.965699,40.800432],[-73.9653,40.800264],[-73.962879,40.799242],[-73.962469,40.799069],[-73.961479,40.798652],[-73.961246,40.798965],[-73.961049,40.799232],[-73.960979,40.799322],[-73.960529,40.799952],[-73.960121,40.800498],[-73.960059,40.800582],[-73.959649,40.801142],[-73.959203,40.801757],[-73.959149,40.801832],[-73.958729,40.802402],[-73.958229,40.803092],[-73.958028,40.803372],[-73.957779,40.803722],[-73.957319,40.804352],[-73.956906,40.804905],[-73.956819,40.805022],[-73.955369,40.804412],[-73.95514,40.804315],[-73.954639,40.804102],[-73.952829,40.803322],[-73.952589,40.803222],[-73.952439,40.803162],[-73.951985,40.802972],[-73.949759,40.802042],[-73.949629,40.801992],[-73.94918,40.801801],[-73.946989,40.800872],[-73.94666,40.800735],[-73.946459,40.800652],[-73.944849,40.799982],[-73.944358,40.799774],[-73.943359,40.799352],[-73.943209,40.799282],[-73.943109,40.799242],[-73.94175,40.798667],[-73.941619,40.798612],[-73.940009,40.797942],[-73.939638,40.797784],[-73.937935,40.797062],[-73.937769,40.796992],[-73.935399,40.795992],[-73.935155,40.796331],[-73.934909,40.796672],[-73.934879,40.796712],[-73.934839,40.796772],[-73.934459,40.797302],[-73.933989,40.797932],[-73.933529,40.798572],[-73.933469,40.798662],[-73.933248,40.798964],[-73.932659,40.799772],[-73.932369,40.800162],[-73.932212,40.800373],[-73.932109,40.800512],[-73.931959,40.800542],[-73.931809,40.800562],[-73.931649,40.800562],[-73.930499,40.800052],[-73.930359,40.799952],[-73.930259,40.799822],[-73.930219,40.799742],[-73.930189,40.799682],[-73.929839,40.798752],[-73.929659,40.798272],[-73.929559,40.797822],[-73.929559,40.797752],[-73.929549,40.797642],[-73.929539,40.797332],[-73.929569,40.797172],[-73.929629,40.797102],[-73.929699,40.797052],[-73.929769,40.797032],[-73.929859,40.797032],[-73.930469,40.797292],[-73.931061,40.797544]]]}},{"type":"Feature","properties":{"route":"M116","mta_route":"M116","direction":"W","shape_id":"M1160009"},"geometry":{"type":"MultiLineString","coordinates":[[[-73.931196,40.797601],[-73.931269,40.797632],[-73.931639,40.797122],[-73.931739,40.796982],[-73.932199,40.796352],[-73.932659,40.795722],[-73.932718,40.795644],[-73.933169,40.795052],[-73.933572,40.795221],[-73.935233,40.79592],[-73.935239,40.795922],[-73.935289,40.795942],[-73.935399,40.795992],[-73.937769,40.796992],[-73.93818,40.797166],[-73.940009,40.797942],[-73.940444,40.798123],[-73.941499,40.798562],[-73.941619,40.798612],[-73.942854,40.799134],[-73.943109,40.799242],[-73.943209,40.799282],[-73.943359,40.799352],[-73.944849,40.799982],[-73.945202,40.800129],[-73.946264,40.800571],[-73.946459,40.800652],[-73.946989,40.800872],[-73.949629,40.801992],[-73.949759,40.802042],[-73.950102,40.802185],[-73.952439,40.803162],[-73.952589,40.803222],[-73.952829,40.803322],[-73.953167,40.803468],[-73.954639,40.804102],[-73.955201,40.80434],[-73.955369,40.804412],[-73.956819,40.805022],[-73.957045,40.804719],[-73.957319,40.804352],[-73.957721,40.8038],[-73.957779,40.803722],[-73.958229,40.803092],[-73.958729,40.802402],[-73.95889,40.802183],[-73.959149,40.801832],[-73.959649,40.801142],[-73.959863,40.80085],[-73.960059,40.800582],[-73.960529,40.799952],[-73.960691,40.799724],[-73.960979,40.799322],[-73.961049,40.799232],[-73.961389,40.798773],[-73.961479,40.798652],[-73.962711,40.799171],[-73.962879,40.799242],[-73.965699,40.800432],[-73.966112,40.800604],[-73.967649,40.801242],[-73.967664,40.801249]]]}},{"type":"Feature","properties":{"route":"M14+","mta_route":"M14A+","direction":"E","shape_id":"SB14A0002"},"geometry":{"type":"MultiLineString","coordinates":[[[-74.004981,40.737413],[-74.004839,40.737542],[-74.004139,40.738132],[-74.003859,40.738392],[-74.003449,40.738742],[-74.003079,40.739072],[-74.002789,40.739382],[-74.002519,40.739742],[-74.002356,40.739673],[-73.999689,40.738542],[-73.999227,40.738349],[-73.997199,40.737502],[-73.996839,40.737352],[-73.996383,40.737159],[-73.993619,40.735992],[-73.991825,40.735257],[-73.991689,40.735202],[-73.991209,40.734992],[-73.990969,40.734902],[-73.990699,40.734792],[-73.990479,40.734692],[-73.990229,40.734572],[-73.989899,40.734422],[-73.988877,40.73398],[-73.988789,40.733942],[-73.987179,40.733282],[-73.986682,40.733073],[-73.984939,40.732342],[-73.984487,40.73215],[-73.982579,40.731342],[-73.982126,40.731148],[-73.981739,40.730982],[-73.980739,40.730562],[-73.980426,40.73043],[-73.980359,40.730402],[-73.980859,40.729722],[-73.981319,40.729082],[-73.981789,40.728442],[-73.981979,40.728178],[-73.982229,40.727832],[-73.982659,40.727252],[-73.983089,40.726662],[-73.983479,40.726112],[-73.983529,40.726042],[-73.983959,40.725462],[-73.984399,40.724852],[-73.98445,40.724783],[-73.984829,40.724272],[-73.984889,40.724192],[-73.985289,40.723642],[-73.985739,40.723012],[-73.986222,40.722341],[-73.986279,40.722262],[-73.986349,40.722142],[-73.986689,40.721492],[-73.986929,40.721012],[-73.986949,40.720972],[-73.987539,40.719822],[-73.988169,40.718612],[-73.988219,40.718502],[-73.988239,40.718462],[-73.988373,40.718207],[-73.988669,40.717642],[-73.989159,40.716712],[-73.988769,40.716578],[-73.988519,40.716492],[-73.988379,40.716442],[-73.987529,40.716192],[-73.986699,40.715942],[-73.986371,40.715841],[-73.984999,40.715422],[-73.984423,40.715251],[-73.984259,40.715202],[-73.983349,40.714922],[-73.982979,40.714822],[-73.982759,40.714772],[-73.982359,40.714662],[-73.982278,40.714638],[-73.981649,40.714452],[-73.981299,40.714352],[-73.980919,40.714242],[-73.980579,40.714144],[-73.980089,40.714002],[-73.979969,40.713972],[-73.979469,40.713812],[-73.979239,40.713742],[-73.978759,40.713592],[-73.978236,40.713433]]]}},{"type":"Feature","properties":{"route":"M14+","mta_route":"M14A+","direction":"W","shape_id":"SB14A0005"},"geometry":{"type":"MultiLineString","coordinates":[[[-73.977941,40.713342],[-73.977939,40.713342],[-73.977499,40.713212],[-73.977569,40.713102],[-73.977729,40.712842],[-73.978009,40.712392],[-73.978709,40.712342],[-73.979079,40.712322],[-73.979679,40.712282],[-73.980139,40.712252],[-73.980709,40.712212],[-73.980739,40.712532],[-73.980827,40.71334],[-73.980849,40.713542],[-73.980879,40.713782],[-73.980919,40.714242],[-73.981299,40.714352],[-73.981494,40.714408],[-73.981649,40.714452],[-73.982359,40.714662],[-73.982759,40.714772],[-73.982979,40.714822],[-73.983349,40.714922],[-73.984259,40.715202],[-73.98448,40.715268],[-73.984999,40.715422],[-73.986699,40.715942],[-73.986897,40.716001],[-73.987529,40.716192],[-73.988379,40.716442],[-73.988519,40.716492],[-73.989159,40.716712],[-73.989088,40.716847],[-73.988669,40.717642],[-73.988239,40.718462],[-73.988219,40.718502],[-73.988169,40.718612],[-73.987987,40.718961],[-73.987539,40.719822],[-73.986949,40.720972],[-73.986929,40.721012],[-73.986689,40.721492],[-73.986349,40.722142],[-73.986279,40.722262],[-73.986032,40.722605],[-73.985739,40.723012],[-73.985289,40.723642],[-73.984889,40.724192],[-73.984829,40.724272],[-73.984399,40.724852],[-73.984196,40.725133],[-73.983959,40.725462],[-73.983529,40.726042],[-73.983479,40.726112],[-73.983089,40.726662],[-73.982659,40.727252],[-73.982229,40.727832],[-73.981789,40.728442],[-73.981591,40.728711],[-73.981319,40.729082],[-73.980859,40.729722],[-73.980359,40.730402],[-73.980436,40.730434],[-73.980739,40.730562],[-73.981739,40.730982],[-73.982003,40.731095],[-73.982579,40.731342],[-73.984939,40.732342],[-73.985214,40.732457],[-73.987179,40.733282],[-73.987635,40.733469],[-73.988789,40.733942],[-73.989747,40.734356],[-73.989899,40.734422],[-73.990229,40.734572],[-73.990479,40.734692],[-73.990699,40.734792],[-73.990969,40.734902],[-73.991209,40.734992],[-73.991689,40.735202],[-73.992181,40.735403],[-73.993619,40.735992],[-73.994009,40.736156],[-73.996839,40.737352],[-73.997199,40.737502],[-73.997415,40.737592],[-73.999689,40.738542],[-74.000105,40.738719],[-74.002519,40.739742],[-74.00302,40.739954],[-74.005169,40.740862],[-74.005192,40.740722],[-74.005219,40.740562],[-74.005289,40.740022],[-74.005389,40.739402],[-74.005489,40.738742],[-74.005589,40.738132],[-74.005661,40.73766]]]}},{"type":"Feature","properties":{"route":"M14+","mta_route":"M14D+","direction":"E","shape_id":"SB14D0316"},"geometry":{"type":"MultiLineString","coordinates":[[[-74.005952,40.744456],[-74.004929,40.744022],[-74.003539,40.743442],[-74.003619,40.743332],[-74.003739,40.743168],[-74.003869,40.742992],[-74.003969,40.742852],[-74.004109,40.742682],[-74.004129,40.742652],[-74.004209,40.742552],[-74.004429,40.742282],[-74.004789,40.741612],[-74.004809,40.741572],[-74.004929,40.741362],[-74.005079,40.741082],[-74.005169,40.740862],[-74.004754,40.740687],[-74.002519,40.739742],[-74.002356,40.739673],[-73.999689,40.738542],[-73.999227,40.738349],[-73.997199,40.737502],[-73.996839,40.737352],[-73.996383,40.737159],[-73.993619,40.735992],[-73.991825,40.735257],[-73.991689,40.735202],[-73.991209,40.734992],[-73.990969,40.734902],[-73.990699,40.734792],[-73.990479,40.734692],[-73.990229,40.734572],[-73.989899,40.734422],[-73.988877,40.73398],[-73.988789,40.733942],[-73.987179,40.733282],[-73.986682,40.733073],[-73.984939,40.732342],[-73.984487,40.73215],[-73.982579,40.731342],[-73.982126,40.731148],[-73.981739,40.730982],[-73.980739,40.730562],[-73.980426,40.73043],[-73.980359,40.730402],[-73.980049,40.730262],[-73.978439,40.729592],[-73.978137,40.729467],[-73.978029,40.729422],[-73.977539,40.729212],[-73.976029,40.728582],[-73.97579,40.728476],[-73.975689,40.728432],[-73.976179,40.727742],[-73.976639,40.727082],[-73.976737,40.726946],[-73.977059,40.726502],[-73.977089,40.726462],[-73.977549,40.725862],[-73.976209,40.725322],[-73.975341,40.72495],[-73.975159,40.724872],[-73.975209,40.724802],[-73.975599,40.724272],[-73.976029,40.723682],[-73.976479,40.723072],[-73.976859,40.722552],[-73.976899,40.722492],[-73.977089,40.722233],[-73.977349,40.721882],[-73.977589,40.721552],[-73.977749,40.721322],[-73.977789,40.721272],[-73.97797,40.721021],[-73.978229,40.720662],[-73.978369,40.720472],[-73.978719,40.719992],[-73.978799,40.719862],[-73.978609,40.719792],[-73.978349,40.719681],[-73.977719,40.719412],[-73.977359,40.719272],[-73.977239,40.719232],[-73.976389,40.719052],[-73.975603,40.718875],[-73.975499,40.718852],[-73.975099,40.718762],[-73.975229,40.718082],[-73.975279,40.717862],[-73.975289,40.717822],[-73.975399,40.717492],[-73.975619,40.717092],[-73.975782,40.716734],[-73.975829,40.716632],[-73.976059,40.716102],[-73.976469,40.715272],[-73.976674,40.71533],[-73.976999,40.715422],[-73.977249,40.715462],[-73.977909,40.715642],[-73.978519,40.715822],[-73.978909,40.715942],[-73.979259,40.716052],[-73.979639,40.716162],[-73.980306,40.716365]]]}},{"type":"Feature","properties":{"route":"M14+","mta_route":"M14D+","direction":"E","shape_id":"SB14D0317"},"geometry":{"type":"MultiLineString","coordinates":[[[-73.988877,40.73398],[-73.988789,40.733942],[-73.987179,40.733282],[-73.986682,40.733073],[-73.984939,40.732342],[-73.984487,40.73215],[-73.982579,40.731342],[-73.982126,40.731148],[-73.981739,40.730982],[-73.980739,40.730562],[-73.980426,40.73043],[-73.980359,40.730402],[-73.980049,40.730262],[-73.978439,40.729592],[-73.978137,40.729467],[-73.978029,40.729422],[-73.977539,40.729212],[-73.976029,40.728582],[-73.97579,40.728476],[-73.975689,40.728432],[-73.976179,40.727742],[-73.976639,40.727082],[-73.976737,40.726946],[-73.977059,40.726502],[-73.977089,40.726462],[-73.977549,40.725862],[-73.976209,40.725322],[-73.975341,40.72495],[-73.975159,40.724872],[-73.975209,40.724802],[-73.975599,40.724272],[-73.976029,40.723682],[-73.976479,40.723072],[-73.976859,40.722552],[-73.976899,40.722492],[-73.977089,40.722233],[-73.977349,40.721882],[-73.977589,40.721552],[-73.977749,40.721322],[-73.977789,40.721272],[-73.97797,40.721021],[-73.978229,40.720662],[-73.978369,40.720472],[-73.978719,40.719992],[-73.978799,40.719862],[-73.978609,40.719792],[-73.978349,40.719681],[-73.977719,40.719412],[-73.977359,40.719272],[-73.977239,40.719232],[-73.976389,40.719052],[-73.975603,40.718875],[-73.975499,40.718852],[-73.975099,40.718762],[-73.975229,40.718082],[-73.975279,40.717862],[-73.975289,40.717822],[-73.975399,40.717492],[-73.975619,40.717092],[-73.975782,40.716734],[-73.975829,40.716632],[-73.976059,40.716102],[-73.976469,40.715272],[-73.976674,40.71533],[-73.976999,40.715422],[-73.977249,40.715462],[-73.977909,40.715642],[-73.978519,40.715822],[-73.978909,40.715942],[-73.979259,40.716052],[-73.979639,40.716162],[-73.980306,40.716365]]]}},{"type":"Feature","properties":{"route":"M14+","mta_route":"M14D+","direction":"W","shape_id":"SB14D0003"},"geometry":{"type":"MultiLineString","coordinates":[[[-73.980484,40.716419],[-73.980559,40.716442],[-73.980179,40.717172],[-73.979989,40.717532],[-73.97985,40.717805],[-73.979439,40.718622],[-73.979329,40.718832],[-73.978799,40.719862],[-73.978719,40.719992],[-73.978624,40.720122],[-73.978369,40.720472],[-73.978229,40.720662],[-73.977789,40.721272],[-73.977749,40.721322],[-73.977589,40.721552],[-73.977349,40.721882],[-73.97715,40.722151],[-73.976899,40.722492],[-73.976859,40.722552],[-73.976479,40.723072],[-73.976029,40.723682],[-73.975599,40.724272],[-73.975209,40.724802],[-73.975159,40.724872],[-73.975503,40.725019],[-73.976209,40.725322],[-73.977549,40.725862],[-73.977207,40.726308],[-73.977089,40.726462],[-73.977059,40.726502],[-73.976639,40.727082],[-73.976179,40.727742],[-73.975689,40.728432],[-73.975956,40.728549],[-73.976029,40.728582],[-73.977539,40.729212],[-73.978029,40.729422],[-73.97814,40.729468],[-73.978439,40.729592],[-73.980049,40.730262],[-73.980359,40.730402],[-73.980436,40.730434],[-73.980739,40.730562],[-73.981739,40.730982],[-73.982003,40.731095],[-73.982579,40.731342],[-73.984939,40.732342],[-73.985214,40.732457],[-73.987179,40.733282],[-73.987635,40.733469],[-73.988789,40.733942],[-73.989747,40.734356]]]}},{"type":"Feature","properties":{"route":"M14+","mta_route":"M14D+","direction":"W","shape_id":"SB14D0313"},"geometry":{"type":"MultiLineString","coordinates":[[[-73.980484,40.716419],[-73.980559,40.716442],[-73.980179,40.717172],[-73.979989,40.717532],[-73.97985,40.717805],[-73.979439,40.718622],[-73.979329,40.718832],[-73.978799,40.719862],[-73.978719,40.719992],[-73.978624,40.720122],[-73.978369,40.720472],[-73.978229,40.720662],[-73.977789,40.721272],[-73.977749,40.721322],[-73.977589,40.721552],[-73.977349,40.721882],[-73.97715,40.722151],[-73.976899,40.722492],[-73.976859,40.722552],[-73.976479,40.723072],[-73.976029,40.723682],[-73.975599,40.724272],[-73.975209,40.724802],[-73.975159,40.724872],[-73.975503,40.725019],[-73.976209,40.725322],[-73.977549,40.725862],[-73.977207,40.726308],[-73.977089,40.726462],[-73.977059,40.726502],[-73.976639,40.727082],[-73.976179,40.727742],[-73.975689,40.728432],[-73.975956,40.728549],[-73.976029,40.728582],[-73.977539,40.729212],[-73.978029,40.729422],[-73.97814,40.729468],[-73.978439,40.729592],[-73.980049,40.730262],[-73.980359,40.730402],[-73.980436,40.730434],[-73.980739,40.730562],[-73.981739,40.730982],[-73.982003,40.731095],[-73.982579,40.731342],[-73.984939,40.732342],[-73.985214,40.732457],[-73.987179,40.733282],[-73.987635,40.733469],[-73.988789,40.733942],[-73.989747,40.734356],[-73.989899,40.734422],[-73.990229,40.734572],[-73.990479,40.734692],[-73.990699,40.734792],[-73.990969,40.734902],[-73.991209,40.734992],[-73.991689,40.735202],[-73.992181,40.735403],[-73.993619,40.735992],[-73.994009,40.736156],[-73.996839,40.737352],[-73.997199,40.737502],[-73.997415,40.737592],[-73.999689,40.738542],[-74.000105,40.738719],[-74.002519,40.739742],[-74.00302,40.739954],[-74.005169,40.740862],[-74.005409,40.740972],[-74.005591,40.741041],[-74.005619,40.741052],[-74.006979,40.741622],[-74.007433,40.741806],[-74.007619,40.741882],[-74.007699,40.741912],[-74.007789,40.741952],[-74.007879,40.741992],[-74.008209,40.742132],[-74.007949,40.742472],[-74.007699,40.742822],[-74.007239,40.743462],[-74.007019,40.743772],[-74.006929,40.743902],[-74.006879,40.743962],[-74.006819,40.744052],[-74.00664,40.744296]]]}},{"type":"Feature","properties":{"route":"M15+","mta_route":"M15+","direction":"N","shape_id":"SBS150190"},"geometry":{"type":"MultiLineString","coordinates":[[[-73.988186,40.723651],[-73.987979,40.723922],[-73.987499,40.724572],[-73.987469,40.724612],[-73.987039,40.725202],[-73.986619,40.725792],[-73.986169,40.726402],[-73.985749,40.726982],[-73.985309,40.727592],[-73.984879,40.728182],[-73.984839,40.728242],[-73.984449,40.728772],[-73.984009,40.729372],[-73.983539,40.730012],[-73.983339,40.730292],[-73.983079,40.730652],[-73.982579,40.731342],[-73.982439,40.731542],[-73.982079,40.732032],[-73.981988,40.732156],[-73.981839,40.732362],[-73.981619,40.732662],[-73.981439,40.732902],[-73.981179,40.733252],[-73.980939,40.733582],[-73.980769,40.733832],[-73.980599,40.734052],[-73.980329,40.734422],[-73.980169,40.734652],[-73.979899,40.735012],[-73.979639,40.735372],[-73.979479,40.735602],[-73.979029,40.736212],[-73.978559,40.736892],[-73.978049,40.737552],[-73.977703,40.738031],[-73.977609,40.738162],[-73.977149,40.738782],[-73.976689,40.739412],[-73.976249,40.740022],[-73.976159,40.740142],[-73.975859,40.74055],[-73.975799,40.740632],[-73.975339,40.741272],[-73.974779,40.742042],[-73.974249,40.742772],[-73.974019,40.743082],[-73.973829,40.743342],[-73.973689,40.743532],[-73.973509,40.743772],[-73.973212,40.744177],[-73.973209,40.744182],[-73.973029,40.744442],[-73.972579,40.745062],[-73.972249,40.745512],[-73.972129,40.745672],[-73.971859,40.746032],[-73.971679,40.746292],[-73.971229,40.746912],[-73.970769,40.747532],[-73.970679,40.747662],[-73.970449,40.747982],[-73.970359,40.748102],[-73.970219,40.748122],[-73.970129,40.748162],[-73.970069,40.748222],[-73.969689,40.748742],[-73.969609,40.748892],[-73.969389,40.749302],[-73.969351,40.749391],[-73.969339,40.749422],[-73.969329,40.749492],[-73.968889,40.750112],[-73.968429,40.750742],[-73.967939,40.751352],[-73.967839,40.751442],[-73.967589,40.751672],[-73.967389,40.751812],[-73.967299,40.751892],[-73.966959,40.752422],[-73.966889,40.752542],[-73.966809,40.752682],[-73.966769,40.752792],[-73.966689,40.753032],[-73.966599,40.753252],[-73.966539,40.753332],[-73.966339,40.753603],[-73.966149,40.753862],[-73.965689,40.754492],[-73.965229,40.755122],[-73.964739,40.755782],[-73.964319,40.756372],[-73.963859,40.757002],[-73.963409,40.757622],[-73.962869,40.758332],[-73.962496,40.758843],[-73.962409,40.758962],[-73.961959,40.759602],[-73.961769,40.759872],[-73.961709,40.759952],[-73.961669,40.760012],[-73.961609,40.760082],[-73.961499,40.760232],[-73.961039,40.760872],[-73.960609,40.761472],[-73.960159,40.762102],[-73.959709,40.762732],[-73.959249,40.763362],[-73.958789,40.763992],[-73.958329,40.764622],[-73.958139,40.764883],[-73.957879,40.765242],[-73.957419,40.765862],[-73.956969,40.766492],[-73.956489,40.767122],[-73.955999,40.767792],[-73.955499,40.768472],[-73.955039,40.769102],[-73.954559,40.769752],[-73.954099,40.770382],[-73.953639,40.771012],[-73.953169,40.771652],[-73.952679,40.772332],[-73.952409,40.772672],[-73.952392,40.772694],[-73.952169,40.773002],[-73.951699,40.773632],[-73.951549,40.773842],[-73.951229,40.774272],[-73.950799,40.774922],[-73.950339,40.775562],[-73.949879,40.776192],[-73.949749,40.776362],[-73.949369,40.776872],[-73.949169,40.777142],[-73.94914,40.77718],[-73.948879,40.777542],[-73.948749,40.777722],[-73.948429,40.778172],[-73.948399,40.778212],[-73.947949,40.778792],[-73.947489,40.779422],[-73.947029,40.780052],[-73.946569,40.780672],[-73.946109,40.781312],[-73.945659,40.781932],[-73.945209,40.782562],[-73.945149,40.782642],[-73.944739,40.783242],[-73.944219,40.783922],[-73.944079,40.784115],[-73.943319,40.785162],[-73.942849,40.785802],[-73.942399,40.786432],[-73.942369,40.786482],[-73.942169,40.786762],[-73.941939,40.787062],[-73.941479,40.787682],[-73.941019,40.788312],[-73.940559,40.788942],[-73.940069,40.789622],[-73.939941,40.789793],[-73.939749,40.790052],[-73.939559,40.790332],[-73.939209,40.790812],[-73.939139,40.790902],[-73.938649,40.791552],[-73.938189,40.792182],[-73.937739,40.792812],[-73.937259,40.793462],[-73.936799,40.794102],[-73.936359,40.794692],[-73.935919,40.795302],[-73.935399,40.795992],[-73.935155,40.796331],[-73.934909,40.796672],[-73.934879,40.796712],[-73.934839,40.796772],[-73.934459,40.797302],[-73.933989,40.797932],[-73.933529,40.798572],[-73.933469,40.798662],[-73.932659,40.799772],[-73.932369,40.800162],[-73.932109,40.800512],[-73.931959,40.800712],[-73.931769,40.800982],[-73.931519,40.801332],[-73.931429,40.801452],[-73.931389,40.801502],[-73.931297,40.801624],[-73.931209,40.801742],[-73.931069,40.801762],[-73.930999,40.801792],[-73.930929,40.801842],[-73.930849,40.801942],[-73.930759,40.802062],[-73.930679,40.802162],[-73.930529,40.802362],[-73.930509,40.802442],[-73.930529,40.802502],[-73.930619,40.802562],[-73.930789,40.802642],[-73.930879,40.802502],[-73.932299,40.803102]]]}},{"type":"Feature","properties":{"route":"M15+","mta_route":"M15+","direction":"N","shape_id":"SBS150191"},"geometry":{"type":"MultiLineString","coordinates":[[[-74.013555,40.701979],[-74.01388,40.702251],[-74.013799,40.702342],[-74.013269,40.702362],[-74.013009,40.702382],[-74.012839,40.702412],[-74.012569,40.702552],[-74.012429,40.702642],[-74.012329,40.702732],[-74.011499,40.702952],[-74.010429,40.703212],[-74.010249,40.703262],[-74.010099,40.703332],[-74.009719,40.703582],[-74.009609,40.703652],[-74.009509,40.703722],[-74.008989,40.704072],[-74.008799,40.704202],[-74.008119,40.704662],[-74.007399,40.705172],[-74.00685,40.705546],[-74.006739,40.705622],[-74.006019,40.706132],[-74.005929,40.706192],[-74.005689,40.706362],[-74.004999,40.706852],[-74.004049,40.707432],[-74.003539,40.707982],[-74.003419,40.708102],[-74.003169,40.708292],[-74.002489,40.708822],[-74.002099,40.709132],[-74.001679,40.709472],[-74.001639,40.709512],[-74.001609,40.709552],[-74.001569,40.709602],[-74.001509,40.709682],[-74.001459,40.709752],[-74.001419,40.709802],[-74.001259,40.710012],[-74.001119,40.710182],[-74.000939,40.710422],[-74.000779,40.710652],[-74.000539,40.710942],[-74.000219,40.711262],[-73.999999,40.711472],[-73.999709,40.711782],[-73.999619,40.711792],[-73.998809,40.711862],[-73.998679,40.711872],[-73.998399,40.711902],[-73.997769,40.711962],[-73.997169,40.712034],[-73.996939,40.712062],[-73.994359,40.712302],[-73.993769,40.712352],[-73.993679,40.712362],[-73.993639,40.712362],[-73.993329,40.712382],[-73.993269,40.712382],[-73.992539,40.712442],[-73.992399,40.712452],[-73.992279,40.712452],[-73.992289,40.712522],[-73.992389,40.713182],[-73.992469,40.713692],[-73.992489,40.713852],[-73.992559,40.714362],[-73.992589,40.714552],[-73.992579,40.714652],[-73.992549,40.714732],[-73.992389,40.715042],[-73.991809,40.716162],[-73.991278,40.717188],[-73.991199,40.717342],[-73.990729,40.718262],[-73.990299,40.719092],[-73.990279,40.719132],[-73.990219,40.719242],[-73.989609,40.720452],[-73.989019,40.721602],[-73.988739,40.722302],[-73.988669,40.722492],[-73.988629,40.722612],[-73.988629,40.722732],[-73.988679,40.722862],[-73.988619,40.722992],[-73.988529,40.723172],[-73.988469,40.723272],[-73.988409,40.723362],[-73.988186,40.723651],[-73.987979,40.723922],[-73.987499,40.724572],[-73.987469,40.724612],[-73.987039,40.725202],[-73.986619,40.725792],[-73.986169,40.726402],[-73.985749,40.726982],[-73.985309,40.727592],[-73.984879,40.728182],[-73.984839,40.728242],[-73.984449,40.728772],[-73.984009,40.729372],[-73.983539,40.730012],[-73.983339,40.730292],[-73.983079,40.730652],[-73.982579,40.731342],[-73.982439,40.731542],[-73.982079,40.732032],[-73.981988,40.732156],[-73.981839,40.732362],[-73.981619,40.732662],[-73.981439,40.732902],[-73.981179,40.733252],[-73.980939,40.733582],[-73.980769,40.733832],[-73.980599,40.734052],[-73.980329,40.734422],[-73.980169,40.734652],[-73.979899,40.735012],[-73.979639,40.735372],[-73.979479,40.735602],[-73.979029,40.736212],[-73.978559,40.736892],[-73.978049,40.737552],[-73.977703,40.738031],[-73.977609,40.738162],[-73.977149,40.738782],[-73.976689,40.739412],[-73.976249,40.740022],[-73.976159,40.740142],[-73.975859,40.74055],[-73.975799,40.740632],[-73.975339,40.741272],[-73.974779,40.742042],[-73.974249,40.742772],[-73.974019,40.743082],[-73.973829,40.743342],[-73.973689,40.743532],[-73.973509,40.743772],[-73.973212,40.744177],[-73.973209,40.744182],[-73.973029,40.744442],[-73.972579,40.745062],[-73.972249,40.745512],[-73.972129,40.745672],[-73.971859,40.746032],[-73.971679,40.746292],[-73.971229,40.746912],[-73.970769,40.747532],[-73.970679,40.747662],[-73.970449,40.747982],[-73.970359,40.748102],[-73.970219,40.748122],[-73.970129,40.748162],[-73.970069,40.748222],[-73.969689,40.748742],[-73.969609,40.748892],[-73.969389,40.749302],[-73.969351,40.749391],[-73.969339,40.749422],[-73.969329,40.749492],[-73.968889,40.750112],[-73.968429,40.750742],[-73.967939,40.751352],[-73.967839,40.751442],[-73.967589,40.751672],[-73.967389,40.751812],[-73.967299,40.751892],[-73.966959,40.752422],[-73.966889,40.752542],[-73.966809,40.752682],[-73.966769,40.752792],[-73.966689,40.753032],[-73.966599,40.753252],[-73.966539,40.753332],[-73.966339,40.753603],[-73.966149,40.753862],[-73.965689,40.754492],[-73.965229,40.755122],[-73.964739,40.755782],[-73.964319,40.756372],[-73.963859,40.757002],[-73.963409,40.757622],[-73.962869,40.758332],[-73.962496,40.758843],[-73.962409,40.758962],[-73.961959,40.759602],[-73.961769,40.759872],[-73.961709,40.759952],[-73.961669,40.760012],[-73.961609,40.760082],[-73.961499,40.760232],[-73.961039,40.760872],[-73.960609,40.761472],[-73.960159,40.762102],[-73.959709,40.762732],[-73.959249,40.763362],[-73.958789,40.763992],[-73.958329,40.764622],[-73.958139,40.764883],[-73.957879,40.765242],[-73.957419,40.765862],[-73.956969,40.766492],[-73.956489,40.767122],[-73.955999,40.767792],[-73.955499,40.768472],[-73.955039,40.769102],[-73.954559,40.769752],[-73.954099,40.770382],[-73.953639,40.771012],[-73.953169,40.771652],[-73.952679,40.772332],[-73.952409,40.772672],[-73.952392,40.772694],[-73.952169,40.773002],[-73.951699,40.773632],[-73.951549,40.773842],[-73.951229,40.774272],[-73.950799,40.774922],[-73.950339,40.775562],[-73.949879,40.776192],[-73.949749,40.776362],[-73.949369,40.776872],[-73.949169,40.777142],[-73.94914,40.77718],[-73.948879,40.777542],[-73.948749,40.777722],[-73.948429,40.778172],[-73.948399,40.778212],[-73.947949,40.778792],[-73.947489,40.779422],[-73.947029,40.780052],[-73.946569,40.780672],[-73.946109,40.781312],[-73.945659,40.781932],[-73.945209,40.782562],[-73.945149,40.782642],[-73.944739,40.783242],[-73.944219,40.783922],[-73.944079,40.784115],[-73.943319,40.785162],[-73.942849,40.785802],[-73.942399,40.786432],[-73.942369,40.786482],[-73.942169,40.786762],[-73.941939,40.787062],[-73.941479,40.787682],[-73.941019,40.788312],[-73.940559,40.788942],[-73.940069,40.789622],[-73.939941,40.789793],[-73.939749,40.790052],[-73.939559,40.790332],[-73.939209,40.790812],[-73.939139,40.790902],[-73.938649,40.791552],[-73.938189,40.792182],[-73.937739,40.792812],[-73.937259,40.793462],[-73.936799,40.794102],[-73.936359,40.794692],[-73.935919,40.795302],[-73.935399,40.795992],[-73.935155,40.796331],[-73.934909,40.796672],[-73.934879,40.796712],[-73.934839,40.796772],[-73.934459,40.797302],[-73.933989,40.797932],[-73.933529,40.798572],[-73.933469,40.798662],[-73.932659,40.799772],[-73.932369,40.800162],[-73.932109,40.800512],[-73.931959,40.800712],[-73.931769,40.800982],[-73.931519,40.801332],[-73.931429,40.801452],[-73.931389,40.801502],[-73.931297,40.801624],[-73.931209,40.801742],[-73.931069,40.801762],[-73.930999,40.801792],[-73.930929,40.801842],[-73.930849,40.801942],[-73.930759,40.802062],[-73.930679,40.802162],[-73.930529,40.802362],[-73.930509,40.802442],[-73.930529,40.802502],[-73.930619,40.802562],[-73.930789,40.802642],[-73.930879,40.802502],[-73.932299,40.803102]]]}},{"type":"Feature","properties":{"route":"M15+","mta_route":"M15+","direction":"S","shape_id":"SBS150186"},"geometry":{"type":"MultiLineString","coordinates":[[[-73.932486,40.803182],[-73.932629,40.803242],[-73.932799,40.803312],[-73.932929,40.803362],[-73.933089,40.803422],[-73.933349,40.803052],[-73.933559,40.802762],[-73.933787,40.802445],[-73.934069,40.802052],[-73.934129,40.801972],[-73.934519,40.801442],[-73.934979,40.800812],[-73.935439,40.800182],[-73.935899,40.799562],[-73.936339,40.798922],[-73.936809,40.798292],[-73.937279,40.797672],[-73.937769,40.796992],[-73.938279,40.796292],[-73.938519,40.795952],[-73.938602,40.795844],[-73.938619,40.795822],[-73.939189,40.795062],[-73.939629,40.794462],[-73.940109,40.793812],[-73.940559,40.793182],[-73.941029,40.792542],[-73.941409,40.792022],[-73.941499,40.791892],[-73.941939,40.791282],[-73.942429,40.790622],[-73.942919,40.789942],[-73.943399,40.789292],[-73.943717,40.788868],[-73.943819,40.788732],[-73.943849,40.788682],[-73.943939,40.788552],[-73.944329,40.788032],[-73.944379,40.787962],[-73.944709,40.787512],[-73.944769,40.787432],[-73.945229,40.786802],[-73.945299,40.786702],[-73.945699,40.786162],[-73.946049,40.785672],[-73.946589,40.784922],[-73.947089,40.784242],[-73.947518,40.783652],[-73.947519,40.783652],[-73.947589,40.783562],[-73.948029,40.782942],[-73.948499,40.782312],[-73.948619,40.782152],[-73.948959,40.781682],[-73.949419,40.781052],[-73.949879,40.780432],[-73.950339,40.779802],[-73.950789,40.779172],[-73.951279,40.778552],[-73.951414,40.778349],[-73.951739,40.777862],[-73.952229,40.777182],[-73.952699,40.776552],[-73.953159,40.775912],[-73.953629,40.775282],[-73.954089,40.774652],[-73.954549,40.774012],[-73.955059,40.773332],[-73.955369,40.772895],[-73.955549,40.772642],[-73.956009,40.772012],[-73.956479,40.771372],[-73.956939,40.770742],[-73.957399,40.770112],[-73.957889,40.769472],[-73.958379,40.768782],[-73.958849,40.768132],[-73.959319,40.767482],[-73.959759,40.766862],[-73.960229,40.766232],[-73.960422,40.765966],[-73.960689,40.765602],[-73.961139,40.764982],[-73.961209,40.764882],[-73.961599,40.764352],[-73.962049,40.763732],[-73.962079,40.763692],[-73.962509,40.763102],[-73.962969,40.762482],[-73.963429,40.761852],[-73.963749,40.761422],[-73.963889,40.761222],[-73.964019,40.761052],[-73.964109,40.760932],[-73.964199,40.760812],[-73.964349,40.760602],[-73.964819,40.759972],[-73.965269,40.759342],[-73.965309,40.759292],[-73.965551,40.758965],[-73.965799,40.758632],[-73.966239,40.758022],[-73.966699,40.757382],[-73.967139,40.756782],[-73.967619,40.756132],[-73.968079,40.755502],[-73.968539,40.754862],[-73.968729,40.754599],[-73.968989,40.754242],[-73.969439,40.753622],[-73.969899,40.753002],[-73.969999,40.752872],[-73.970359,40.752372],[-73.970809,40.751752],[-73.971279,40.751122],[-73.971729,40.750492],[-73.971939,40.750202],[-73.972229,40.749802],[-73.972465,40.74948],[-73.972699,40.749162],[-73.973149,40.748542],[-73.973589,40.747932],[-73.974059,40.747302],[-73.974509,40.746682],[-73.974569,40.746592],[-73.974629,40.746512],[-73.974679,40.746442],[-73.974739,40.746362],[-73.974959,40.746062],[-73.975219,40.745712],[-73.975409,40.745452],[-73.975659,40.745102],[-73.975899,40.744782],[-73.976189,40.744382],[-73.97632,40.744198],[-73.976389,40.744102],[-73.976829,40.743492],[-73.977279,40.742872],[-73.977729,40.742252],[-73.977789,40.742162],[-73.978179,40.741642],[-73.978629,40.741022],[-73.978794,40.740788],[-73.979069,40.740402],[-73.979529,40.739782],[-73.979989,40.739172],[-73.980239,40.738822],[-73.980439,40.738542],[-73.980599,40.738292],[-73.980869,40.737882],[-73.98114,40.737491],[-73.981349,40.737192],[-73.981819,40.736552],[-73.982209,40.736012],[-73.982439,40.735702],[-73.982669,40.735382],[-73.983119,40.734842],[-73.983549,40.734252],[-73.983779,40.733932],[-73.983959,40.733692],[-73.984439,40.733022],[-73.984939,40.732342],[-73.985109,40.732102],[-73.985363,40.731754],[-73.985439,40.731652],[-73.985909,40.731012],[-73.986189,40.730632],[-73.986379,40.730372],[-73.986629,40.730022],[-73.986809,40.729772],[-73.987239,40.729182],[-73.987669,40.728582],[-73.988119,40.727982],[-73.988539,40.727392],[-73.988979,40.726782],[-73.989429,40.726182],[-73.989869,40.725572],[-73.990339,40.724922],[-73.990809,40.724272],[-73.990979,40.724032],[-73.990979,40.723702],[-73.991039,40.723562],[-73.990879,40.723512],[-73.990479,40.723402],[-73.990309,40.723352],[-73.989439,40.723092],[-73.989269,40.723042],[-73.988679,40.722862],[-73.988779,40.722782],[-73.988859,40.722682],[-73.988909,40.722552],[-73.988942,40.722468],[-73.989259,40.721672],[-73.989829,40.720522],[-73.990459,40.719312],[-73.990509,40.719202],[-73.990529,40.719162],[-73.990959,40.718332],[-73.991429,40.717412],[-73.991966,40.716355],[-73.992029,40.716232],[-73.992609,40.715112],[-73.992799,40.714752],[-73.992839,40.714652],[-73.992849,40.714542],[-73.992819,40.714352],[-73.992749,40.713832],[-73.992649,40.713162],[-73.992629,40.713032],[-73.992539,40.712442],[-73.993269,40.712382],[-73.993329,40.712382],[-73.993639,40.712362],[-73.993679,40.712362],[-73.993769,40.712352],[-73.994359,40.712302],[-73.996939,40.712062],[-73.99745,40.712],[-73.997769,40.711962],[-73.998399,40.711902],[-73.998679,40.711872],[-73.998809,40.711862],[-73.999619,40.711792],[-73.999709,40.711782],[-73.999999,40.711472],[-74.000219,40.711262],[-74.000539,40.710942],[-74.000779,40.710652],[-74.000939,40.710422],[-74.001119,40.710182],[-74.001259,40.710012],[-74.001419,40.709802],[-74.001459,40.709752],[-74.001509,40.709682],[-74.001569,40.709602],[-74.001609,40.709552],[-74.001639,40.709512],[-74.001679,40.709472],[-74.002099,40.709132],[-74.002489,40.708822],[-74.003169,40.708292],[-74.003419,40.708102],[-74.003539,40.707982],[-74.003934,40.707555],[-74.004049,40.707432],[-74.004999,40.706852],[-74.005689,40.706362],[-74.005929,40.706192],[-74.006019,40.706132],[-74.006739,40.705622],[-74.007399,40.705172],[-74.008119,40.704662],[-74.008211,40.7046],[-74.008799,40.704202],[-74.008989,40.704072],[-74.009509,40.703722],[-74.009609,40.703652],[-74.009719,40.703582],[-74.010099,40.703332],[-74.010249,40.703262],[-74.010429,40.703212],[-74.011499,40.702952],[-74.012329,40.702732],[-74.012429,40.702642],[-74.012569,40.702552],[-74.012839,40.702412],[-74.013009,40.702382],[-74.013269,40.702362],[-74.013799,40.702342],[-74.01388,40.702251],[-74.013889,40.702242],[-74.013906,40.702224],[-74.013804,40.701918]]]}},{"type":"Feature","properties":{"route":"M15+","mta_route":"M15+","direction":"S","shape_id":"SBS150187"},"geometry":{"type":"MultiLineString","coordinates":[[[-73.932486,40.803182],[-73.932629,40.803242],[-73.932799,40.803312],[-73.932929,40.803362],[-73.933089,40.803422],[-73.933349,40.803052],[-73.933559,40.802762],[-73.933787,40.802445],[-73.934069,40.802052],[-73.934129,40.801972],[-73.934519,40.801442],[-73.934979,40.800812],[-73.935439,40.800182],[-73.935899,40.799562],[-73.936339,40.798922],[-73.936809,40.798292],[-73.937279,40.797672],[-73.937769,40.796992],[-73.938279,40.796292],[-73.938519,40.795952],[-73.938602,40.795844],[-73.938619,40.795822],[-73.939189,40.795062],[-73.939629,40.794462],[-73.940109,40.793812],[-73.940559,40.793182],[-73.941029,40.792542],[-73.941409,40.792022],[-73.941499,40.791892],[-73.941939,40.791282],[-73.942429,40.790622],[-73.942919,40.789942],[-73.943399,40.789292],[-73.943717,40.788868],[-73.943819,40.788732],[-73.943849,40.788682],[-73.943939,40.788552],[-73.944329,40.788032],[-73.944379,40.787962],[-73.944709,40.787512],[-73.944769,40.787432],[-73.945229,40.786802],[-73.945299,40.786702],[-73.945699,40.786162],[-73.946049,40.785672],[-73.946589,40.784922],[-73.947089,40.784242],[-73.947518,40.783652],[-73.947519,40.783652],[-73.947589,40.783562],[-73.948029,40.782942],[-73.948499,40.782312],[-73.948619,40.782152],[-73.948959,40.781682],[-73.949419,40.781052],[-73.949879,40.780432],[-73.950339,40.779802],[-73.950789,40.779172],[-73.951279,40.778552],[-73.951414,40.778349],[-73.951739,40.777862],[-73.952229,40.777182],[-73.952699,40.776552],[-73.953159,40.775912],[-73.953629,40.775282],[-73.954089,40.774652],[-73.954549,40.774012],[-73.955059,40.773332],[-73.955369,40.772895],[-73.955549,40.772642],[-73.956009,40.772012],[-73.956479,40.771372],[-73.956939,40.770742],[-73.957399,40.770112],[-73.957889,40.769472],[-73.958379,40.768782],[-73.958849,40.768132],[-73.959319,40.767482],[-73.959759,40.766862],[-73.960229,40.766232],[-73.960422,40.765966],[-73.960689,40.765602],[-73.961139,40.764982],[-73.961209,40.764882],[-73.961599,40.764352],[-73.962049,40.763732],[-73.962079,40.763692],[-73.962509,40.763102],[-73.962969,40.762482],[-73.963429,40.761852],[-73.963749,40.761422],[-73.963889,40.761222],[-73.964019,40.761052],[-73.964109,40.760932],[-73.964199,40.760812],[-73.964349,40.760602],[-73.964819,40.759972],[-73.965269,40.759342],[-73.965309,40.759292],[-73.965551,40.758965],[-73.965799,40.758632],[-73.966239,40.758022],[-73.966699,40.757382],[-73.967139,40.756782],[-73.967619,40.756132],[-73.968079,40.755502],[-73.968539,40.754862],[-73.968729,40.754599],[-73.968989,40.754242],[-73.969439,40.753622],[-73.969899,40.753002],[-73.969999,40.752872],[-73.970359,40.752372],[-73.970809,40.751752],[-73.971279,40.751122],[-73.971729,40.750492],[-73.971939,40.750202],[-73.972229,40.749802],[-73.972465,40.74948],[-73.972699,40.749162],[-73.973149,40.748542],[-73.973589,40.747932],[-73.974059,40.747302],[-73.974509,40.746682],[-73.974569,40.746592],[-73.974629,40.746512],[-73.974679,40.746442],[-73.974739,40.746362],[-73.974959,40.746062],[-73.975219,40.745712],[-73.975409,40.745452],[-73.975659,40.745102],[-73.975899,40.744782],[-73.976189,40.744382],[-73.97632,40.744198],[-73.976389,40.744102],[-73.976829,40.743492],[-73.977279,40.742872],[-73.977729,40.742252],[-73.977789,40.742162],[-73.978179,40.741642],[-73.978629,40.741022],[-73.978794,40.740788],[-73.979069,40.740402],[-73.979529,40.739782],[-73.979989,40.739172],[-73.980239,40.738822],[-73.980439,40.738542],[-73.980599,40.738292],[-73.980869,40.737882],[-73.98114,40.737491],[-73.981349,40.737192],[-73.981819,40.736552],[-73.982209,40.736012],[-73.982439,40.735702],[-73.982669,40.735382],[-73.983119,40.734842],[-73.983549,40.734252],[-73.983779,40.733932],[-73.983959,40.733692],[-73.984439,40.733022],[-73.984939,40.732342],[-73.985109,40.732102],[-73.985363,40.731754],[-73.985439,40.731652],[-73.985909,40.731012],[-73.986189,40.730632],[-73.986379,40.730372],[-73.986629,40.730022],[-73.986809,40.729772],[-73.987239,40.729182],[-73.987669,40.728582],[-73.988119,40.727982],[-73.988539,40.727392],[-73.988979,40.726782],[-73.989429,40.726182],[-73.989869,40.725572],[-73.990339,40.724922],[-73.990809,40.724272],[-73.990979,40.724032],[-73.990979,40.723702],[-73.991039,40.723562],[-73.990879,40.723512],[-73.990479,40.723402],[-73.990309,40.723352],[-73.989439,40.723092],[-73.989269,40.723042],[-73.988679,40.722862],[-73.988779,40.722782],[-73.988859,40.722682],[-73.988909,40.722552],[-73.988942,40.722468]]]}},{"type":"Feature","properties":{"route":"M2","mta_route":"M2","direction":"N","shape_id":"M020092"},"geometry":{"type":"MultiLineString","coordinates":[[[-73.990367,40.731365],[-73.990209,40.731982],[-73.990029,40.732752],[-73.989939,40.733112],[-73.989879,40.733362],[-73.989859,40.733512],[-73.989849,40.733972],[-73.989899,40.734422],[-73.989989,40.734762],[-73.989999,40.734832],[-73.990039,40.735022],[-73.990049,40.735152],[-73.989909,40.735332],[-73.98972,40.735595],[-73.989609,40.735752],[-73.989449,40.735972],[-73.989019,40.736512],[-73.988919,40.736572],[-73.988849,40.736642],[-73.988769,40.736742],[-73.988509,40.737112],[-73.988089,40.737702],[-73.987669,40.738282],[-73.987239,40.738872],[-73.986789,40.739492],[-73.986729,40.739572],[-73.986299,40.740152],[-73.98604,40.740513],[-73.985819,40.740822],[-73.985359,40.741442],[-73.985459,40.741482],[-73.987049,40.742142],[-73.986599,40.742762],[-73.986149,40.743382],[-73.985699,40.744002],[-73.985527,40.744233],[-73.985239,40.744622],[-73.984789,40.745242],[-73.984339,40.745852],[-73.983899,40.746472],[-73.983439,40.747092],[-73.982959,40.747762],[-73.982527,40.748343],[-73.982469,40.748422],[-73.982019,40.749042],[-73.981569,40.749662],[-73.981119,40.750272],[-73.980669,40.750902],[-73.980219,40.751512],[-73.979769,40.752132],[-73.979609,40.752352],[-73.979479,40.752542],[-73.979269,40.752822],[-73.978844,40.753386],[-73.978779,40.753472],[-73.978399,40.754002],[-73.978359,40.754052],[-73.978329,40.754092],[-73.977869,40.754722],[-73.977419,40.755342],[-73.976959,40.755972],[-73.976499,40.756592],[-73.976239,40.756972],[-73.976049,40.757222],[-73.975651,40.757779],[-73.975599,40.757852],[-73.975129,40.758482],[-73.974679,40.759092],[-73.974219,40.759732],[-73.973769,40.760352],[-73.973299,40.760982],[-73.972849,40.761602],[-73.972359,40.762282],[-73.97203,40.762731],[-73.971869,40.762952],[-73.971409,40.763582],[-73.970949,40.764212],[-73.970499,40.764832],[-73.970039,40.765462],[-73.969579,40.766082],[-73.969129,40.766712],[-73.968669,40.767342],[-73.968209,40.767962],[-73.967759,40.768592],[-73.967569,40.768849],[-73.967399,40.769082],[-73.967309,40.769212],[-73.966849,40.769842],[-73.966389,40.770462],[-73.965939,40.771092],[-73.965429,40.771772],[-73.965139,40.772166],[-73.964929,40.772452],[-73.964469,40.773092],[-73.964009,40.773722],[-73.963549,40.774362],[-73.963089,40.774992],[-73.962629,40.775632],[-73.962129,40.776312],[-73.961868,40.776666],[-73.961629,40.776992],[-73.961169,40.777632],[-73.961139,40.777672],[-73.960699,40.778262],[-73.960239,40.778902],[-73.959769,40.779532],[-73.959309,40.780162],[-73.958809,40.780852],[-73.958562,40.781189],[-73.958319,40.781522],[-73.957899,40.782092],[-73.957859,40.782152],[-73.957399,40.782782],[-73.956949,40.783412],[-73.956489,40.784042],[-73.956029,40.784662],[-73.955569,40.785292],[-73.955109,40.785922],[-73.955049,40.786002],[-73.954659,40.786542],[-73.954589,40.786632],[-73.954361,40.78696],[-73.954179,40.787222],[-73.953669,40.787902],[-73.953209,40.788522],[-73.952749,40.789162],[-73.952329,40.789742],[-73.95189,40.790342],[-73.951839,40.790412],[-73.951379,40.791032],[-73.950919,40.791672],[-73.950809,40.791812],[-73.950459,40.792292],[-73.949999,40.792922],[-73.949602,40.793472],[-73.949509,40.793602],[-73.949009,40.794272],[-73.948559,40.794902],[-73.948099,40.795532],[-73.947639,40.796162],[-73.947899,40.796272],[-73.948083,40.796352],[-73.948869,40.796692],[-73.948819,40.796792],[-73.948819,40.796892],[-73.948859,40.796972],[-73.948959,40.797052],[-73.949089,40.797102],[-73.949209,40.797122],[-73.949349,40.797122],[-73.949509,40.797112],[-73.949729,40.797092],[-73.949879,40.797152],[-73.950298,40.797327],[-73.950979,40.797612],[-73.952289,40.798162],[-73.952379,40.798202],[-73.952559,40.798282],[-73.952629,40.798312],[-73.952654,40.798322],[-73.955006,40.799311],[-73.955199,40.799392],[-73.955049,40.799602],[-73.954769,40.799992],[-73.954299,40.800612],[-73.953849,40.801242],[-73.953779,40.801332],[-73.953648,40.801513],[-73.953389,40.801872],[-73.953349,40.801922],[-73.952929,40.802502],[-73.952649,40.802872],[-73.952439,40.803162],[-73.952227,40.803455],[-73.952179,40.803522],[-73.952129,40.803592],[-73.951949,40.803852],[-73.951839,40.804002],[-73.951489,40.804482],[-73.951029,40.805112],[-73.950825,40.80539],[-73.950569,40.805742],[-73.950539,40.805782],[-73.950489,40.805852],[-73.950109,40.806372],[-73.950069,40.806432],[-73.949919,40.806631],[-73.949649,40.806992],[-73.949242,40.807549],[-73.949189,40.807622],[-73.948739,40.808252],[-73.948249,40.808932],[-73.948056,40.809192],[-73.947759,40.809592],[-73.947699,40.809672],[-73.947289,40.810232],[-73.947088,40.810508],[-73.946839,40.810852],[-73.946389,40.811472],[-73.946185,40.811752],[-73.945939,40.812092],[-73.945879,40.812182],[-73.945509,40.812712],[-73.945297,40.813],[-73.945039,40.813352],[-73.944979,40.813432],[-73.944579,40.813972],[-73.944539,40.814022],[-73.944384,40.814227],[-73.944109,40.814592],[-73.943619,40.815272],[-73.943399,40.815585],[-73.943149,40.815942],[-73.942679,40.816552],[-73.942485,40.816822],[-73.942219,40.817192],[-73.941769,40.817802],[-73.941569,40.818069],[-73.941299,40.818432],[-73.940859,40.819052],[-73.940652,40.819331],[-73.940399,40.819672],[-73.939959,40.820302],[-73.939919,40.820352],[-73.939768,40.820552],[-73.939489,40.820922],[-73.939019,40.821592],[-73.938779,40.821918],[-73.938519,40.822272],[-73.938049,40.822892],[-73.937827,40.8232],[-73.937589,40.823532],[-73.937469,40.823702],[-73.937139,40.824142],[-73.937099,40.824192],[-73.937039,40.824282],[-73.937028,40.824296],[-73.936689,40.824762],[-73.936239,40.825382],[-73.936051,40.825651],[-73.935919,40.825842],[-73.935779,40.825982],[-73.935321,40.826558],[-73.935279,40.826612],[-73.935199,40.826742],[-73.935149,40.826862],[-73.935149,40.826992],[-73.935199,40.827242],[-73.935219,40.827392],[-73.935209,40.827562],[-73.935149,40.827682],[-73.935059,40.827802],[-73.934969,40.827882],[-73.934829,40.827972],[-73.934689,40.828032],[-73.934839,40.828132],[-73.934959,40.828192],[-73.935179,40.828292],[-73.935539,40.828442],[-73.935779,40.828542],[-73.936059,40.828662],[-73.936189,40.828712],[-73.936379,40.828792],[-73.936469,40.828832],[-73.936579,40.828882],[-73.936749,40.828952],[-73.936829,40.828982],[-73.937259,40.829152],[-73.938639,40.829732],[-73.939189,40.829972],[-73.939619,40.830152],[-73.940129,40.830372],[-73.940279,40.830432],[-73.940319,40.830632],[-73.940336,40.830902],[-73.940369,40.831422],[-73.940349,40.831582],[-73.940289,40.831742],[-73.940209,40.831882],[-73.939769,40.832482],[-73.939669,40.832682],[-73.939539,40.832922],[-73.939518,40.832943],[-73.939409,40.833062],[-73.939149,40.833272],[-73.938479,40.833842],[-73.938199,40.834072],[-73.938194,40.834077],[-73.938089,40.834192],[-73.937929,40.834462],[-73.937749,40.834882],[-73.937573,40.835262],[-73.937379,40.835682],[-73.937029,40.836452],[-73.936959,40.836602],[-73.936923,40.836677],[-73.936729,40.837092],[-73.936689,40.837182],[-73.938206,40.837805],[-73.938369,40.837872],[-73.938309,40.837952],[-73.937919,40.838482],[-73.937779,40.838682],[-73.937339,40.839272],[-73.937209,40.839452],[-73.936939,40.839812],[-73.936909,40.839852],[-73.938369,40.840482],[-73.938592,40.840578]]]}},{"type":"Feature","properties":{"route":"M2","mta_route":"M2","direction":"N","shape_id":"M020098"},"geometry":{"type":"MultiLineString","coordinates":[[[-73.950298,40.797327],[-73.950979,40.797612],[-73.952289,40.798162],[-73.952379,40.798202],[-73.952559,40.798282],[-73.952629,40.798312],[-73.952654,40.798322],[-73.955006,40.799311],[-73.955199,40.799392],[-73.955049,40.799602],[-73.954769,40.799992],[-73.954299,40.800612],[-73.953849,40.801242],[-73.953779,40.801332],[-73.953648,40.801513],[-73.953389,40.801872],[-73.953349,40.801922],[-73.952929,40.802502],[-73.952649,40.802872],[-73.952439,40.803162],[-73.952227,40.803455],[-73.952179,40.803522],[-73.952129,40.803592],[-73.951949,40.803852],[-73.951839,40.804002],[-73.951489,40.804482],[-73.951029,40.805112],[-73.950825,40.80539],[-73.950569,40.805742],[-73.950539,40.805782],[-73.950489,40.805852],[-73.950109,40.806372],[-73.950069,40.806432],[-73.949919,40.806631],[-73.949649,40.806992],[-73.949242,40.807549],[-73.949189,40.807622],[-73.948739,40.808252],[-73.948249,40.808932],[-73.948056,40.809192],[-73.947759,40.809592],[-73.947699,40.809672],[-73.947289,40.810232],[-73.947088,40.810508],[-73.946839,40.810852],[-73.946389,40.811472],[-73.946185,40.811752],[-73.945939,40.812092],[-73.945879,40.812182],[-73.945509,40.812712],[-73.945297,40.813],[-73.945039,40.813352],[-73.944979,40.813432],[-73.944579,40.813972],[-73.944539,40.814022],[-73.944384,40.814227],[-73.944109,40.814592],[-73.943619,40.815272],[-73.943399,40.815585],[-73.943149,40.815942],[-73.942679,40.816552],[-73.942485,40.816822],[-73.942219,40.817192],[-73.941769,40.817802],[-73.941569,40.818069],[-73.941299,40.818432],[-73.940859,40.819052],[-73.940652,40.819331],[-73.940399,40.819672],[-73.939959,40.820302],[-73.939919,40.820352],[-73.939768,40.820552],[-73.939489,40.820922],[-73.939019,40.821592],[-73.938779,40.821918],[-73.938519,40.822272],[-73.938049,40.822892],[-73.937827,40.8232],[-73.937589,40.823532],[-73.937469,40.823702],[-73.937139,40.824142],[-73.937099,40.824192],[-73.937039,40.824282],[-73.937028,40.824296],[-73.936689,40.824762],[-73.936239,40.825382],[-73.936051,40.825651],[-73.935919,40.825842],[-73.935779,40.825982],[-73.935321,40.826558],[-73.935279,40.826612],[-73.935199,40.826742],[-73.935149,40.826862],[-73.935149,40.826992],[-73.935199,40.827242],[-73.935219,40.827392],[-73.935209,40.827562],[-73.935149,40.827682],[-73.935059,40.827802],[-73.934969,40.827882],[-73.934829,40.827972],[-73.934689,40.828032],[-73.934839,40.828132],[-73.934959,40.828192],[-73.935179,40.828292],[-73.935539,40.828442],[-73.935779,40.828542],[-73.936059,40.828662],[-73.936189,40.828712],[-73.936379,40.828792],[-73.936469,40.828832],[-73.936579,40.828882],[-73.936749,40.828952],[-73.936829,40.828982],[-73.937259,40.829152],[-73.938639,40.829732],[-73.939189,40.829972],[-73.939619,40.830152],[-73.940129,40.830372],[-73.940279,40.830432],[-73.940319,40.830632],[-73.940336,40.830902],[-73.940369,40.831422],[-73.940349,40.831582],[-73.940289,40.831742],[-73.940209,40.831882],[-73.939769,40.832482],[-73.939669,40.832682],[-73.939539,40.832922],[-73.939518,40.832943],[-73.939409,40.833062],[-73.939149,40.833272],[-73.938479,40.833842],[-73.938199,40.834072],[-73.938194,40.834077],[-73.938089,40.834192],[-73.937929,40.834462],[-73.937749,40.834882],[-73.937573,40.835262],[-73.937379,40.835682],[-73.937029,40.836452],[-73.936959,40.836602],[-73.936923,40.836677],[-73.936729,40.837092],[-73.936689,40.837182],[-73.938206,40.837805],[-73.938369,40.837872],[-73.938309,40.837952],[-73.937919,40.838482],[-73.937779,40.838682],[-73.937339,40.839272],[-73.937209,40.839452],[-73.936939,40.839812],[-73.936909,40.839852],[-73.938369,40.840482],[-73.938592,40.840578]]]}},{"type":"Feature","properties":{"route":"M2","mta_route":"M2","direction":"N","shape_id":"M020100"},"geometry":{"type":"MultiLineString","coordinates":[[[-73.938779,40.821918],[-73.938519,40.822272],[-73.938049,40.822892],[-73.937827,40.8232],[-73.937589,40.823532],[-73.937469,40.823702],[-73.937139,40.824142],[-73.937099,40.824192],[-73.937039,40.824282],[-73.937028,40.824296],[-73.936689,40.824762],[-73.936239,40.825382],[-73.936051,40.825651],[-73.935919,40.825842],[-73.935779,40.825982],[-73.935321,40.826558],[-73.935279,40.826612],[-73.935199,40.826742],[-73.935149,40.826862],[-73.935149,40.826992],[-73.935199,40.827242],[-73.935219,40.827392],[-73.935209,40.827562],[-73.935149,40.827682],[-73.935059,40.827802],[-73.934969,40.827882],[-73.934829,40.827972],[-73.934689,40.828032],[-73.934839,40.828132],[-73.934959,40.828192],[-73.935179,40.828292],[-73.935539,40.828442],[-73.935779,40.828542],[-73.936059,40.828662],[-73.936189,40.828712],[-73.936379,40.828792],[-73.936469,40.828832],[-73.936579,40.828882],[-73.936749,40.828952],[-73.936829,40.828982],[-73.937259,40.829152],[-73.938639,40.829732],[-73.939189,40.829972],[-73.939619,40.830152],[-73.940129,40.830372],[-73.940279,40.830432],[-73.940319,40.830632],[-73.940336,40.830902],[-73.940369,40.831422],[-73.940349,40.831582],[-73.940289,40.831742],[-73.940209,40.831882],[-73.939769,40.832482],[-73.939669,40.832682],[-73.939539,40.832922],[-73.939518,40.832943],[-73.939409,40.833062],[-73.939149,40.833272],[-73.938479,40.833842],[-73.938199,40.834072],[-73.938194,40.834077],[-73.938089,40.834192],[-73.937929,40.834462],[-73.937749,40.834882],[-73.937573,40.835262],[-73.937379,40.835682],[-73.937029,40.836452],[-73.936959,40.836602],[-73.936923,40.836677],[-73.936729,40.837092],[-73.936689,40.837182],[-73.938206,40.837805],[-73.938369,40.837872],[-73.938309,40.837952],[-73.937919,40.838482],[-73.937779,40.838682],[-73.937339,40.839272],[-73.937209,40.839452],[-73.936939,40.839812],[-73.936909,40.839852],[-73.938369,40.840482],[-73.938592,40.840578]]]}},{"type":"Feature","properties":{"route":"M2","mta_route":"M2","direction":"N","shape_id":"M020238"},"geometry":{"type":"MultiLineString","coordinates":[[[-73.990367,40.731365],[-73.990209,40.731982],[-73.990029,40.732752],[-73.989939,40.733112],[-73.989879,40.733362],[-73.989859,40.733512],[-73.98985,40.733938],[-73.989849,40.733972],[-73.989899,40.734422],[-73.989989,40.734762],[-73.989999,40.734832],[-73.990039,40.735022],[-73.990049,40.735152],[-73.989909,40.735332],[-73.98972,40.735595],[-73.989609,40.735752],[-73.989449,40.735972],[-73.989019,40.736512],[-73.988919,40.736572],[-73.988849,40.736642],[-73.988769,40.736742],[-73.988712,40.736823],[-73.988509,40.737112],[-73.988089,40.737702],[-73.987669,40.738282],[-73.987239,40.738872],[-73.987138,40.739011],[-73.986789,40.739492],[-73.986729,40.739572],[-73.986299,40.740152],[-73.98604,40.740513],[-73.985819,40.740822],[-73.985359,40.741442],[-73.985459,40.741482],[-73.98553,40.741511],[-73.987049,40.742142],[-73.986599,40.742762],[-73.986149,40.743382],[-73.985699,40.744002],[-73.985527,40.744233],[-73.985239,40.744622],[-73.984789,40.745242],[-73.984567,40.745542],[-73.984339,40.745852],[-73.983899,40.746472],[-73.983439,40.747092],[-73.982959,40.747762],[-73.982527,40.748343],[-73.982469,40.748422],[-73.982019,40.749042],[-73.981569,40.749662],[-73.981433,40.749846],[-73.981119,40.750272],[-73.980669,40.750902],[-73.980219,40.751512],[-73.979821,40.752059],[-73.979769,40.752132],[-73.979609,40.752352],[-73.979479,40.752542],[-73.979269,40.752822],[-73.978844,40.753386],[-73.978779,40.753472],[-73.978399,40.754002],[-73.978359,40.754052],[-73.978329,40.754092],[-73.977869,40.754722],[-73.977481,40.755255],[-73.977419,40.755342],[-73.976959,40.755972],[-73.976639,40.756402],[-73.976499,40.756592],[-73.976239,40.756972],[-73.976049,40.757222],[-73.975651,40.757779],[-73.975599,40.757852],[-73.975129,40.758482],[-73.97489,40.758806],[-73.974679,40.759092],[-73.974219,40.759732],[-73.973769,40.760352],[-73.973299,40.760982],[-73.9729,40.761531],[-73.972849,40.761602],[-73.972359,40.762282],[-73.97203,40.762731],[-73.971869,40.762952],[-73.971409,40.763582],[-73.970949,40.764212],[-73.970549,40.764762],[-73.970499,40.764832],[-73.970039,40.765462],[-73.969579,40.766082],[-73.969298,40.766474],[-73.969129,40.766712],[-73.968669,40.767342],[-73.968274,40.767874],[-73.968209,40.767962],[-73.967759,40.768592],[-73.967569,40.768849],[-73.967399,40.769082],[-73.967309,40.769212],[-73.966849,40.769842],[-73.966618,40.770152],[-73.966389,40.770462],[-73.965939,40.771092],[-73.965429,40.771772],[-73.965139,40.772166],[-73.964929,40.772452],[-73.964469,40.773092],[-73.964192,40.773471],[-73.964009,40.773722],[-73.963549,40.774362],[-73.963089,40.774992],[-73.962826,40.775357],[-73.962629,40.775632],[-73.962129,40.776312],[-73.961868,40.776666],[-73.961629,40.776992],[-73.961169,40.777632],[-73.961139,40.777672],[-73.960699,40.778262],[-73.960292,40.778828],[-73.960239,40.778902],[-73.959769,40.779532],[-73.959309,40.780162],[-73.958809,40.780852],[-73.958562,40.781189],[-73.958319,40.781522],[-73.957899,40.782092],[-73.957859,40.782152],[-73.957452,40.782709],[-73.957399,40.782782],[-73.956949,40.783412],[-73.956489,40.784042],[-73.956225,40.784398],[-73.956029,40.784662],[-73.955569,40.785292],[-73.95529,40.785673],[-73.955109,40.785922],[-73.955049,40.786002],[-73.954659,40.786542],[-73.954589,40.786632],[-73.954361,40.78696],[-73.954179,40.787222],[-73.953669,40.787902],[-73.953263,40.788449],[-73.953209,40.788522],[-73.952749,40.789162],[-73.952329,40.789742],[-73.95189,40.790342],[-73.951839,40.790412],[-73.951379,40.791032],[-73.951109,40.791407],[-73.950919,40.791672],[-73.950809,40.791812],[-73.95053,40.792193],[-73.950459,40.792292],[-73.949999,40.792922],[-73.949602,40.793472],[-73.949509,40.793602],[-73.949009,40.794272],[-73.948783,40.794588],[-73.948559,40.794902],[-73.948099,40.795532],[-73.947639,40.796162],[-73.947899,40.796272],[-73.948083,40.796352],[-73.948869,40.796692],[-73.948819,40.796792],[-73.948819,40.796892],[-73.948859,40.796972],[-73.948959,40.797052],[-73.949089,40.797102],[-73.949209,40.797122],[-73.949349,40.797122],[-73.949509,40.797112],[-73.949729,40.797092],[-73.949879,40.797152],[-73.950298,40.797327],[-73.950979,40.797612],[-73.952289,40.798162],[-73.952379,40.798202],[-73.952559,40.798282],[-73.952629,40.798312],[-73.952654,40.798322],[-73.955006,40.799311],[-73.955199,40.799392],[-73.955049,40.799602],[-73.954769,40.799992],[-73.954299,40.800612],[-73.953849,40.801242],[-73.953779,40.801332],[-73.953648,40.801513],[-73.953389,40.801872],[-73.953349,40.801922],[-73.952929,40.802502],[-73.952649,40.802872],[-73.952439,40.803162],[-73.952227,40.803455],[-73.952179,40.803522],[-73.952129,40.803592],[-73.951949,40.803852],[-73.951839,40.804002],[-73.951489,40.804482],[-73.951029,40.805112],[-73.950825,40.80539],[-73.950569,40.805742],[-73.950539,40.805782],[-73.950489,40.805852],[-73.950109,40.806372],[-73.950069,40.806432],[-73.949919,40.806631],[-73.949649,40.806992],[-73.949242,40.807549],[-73.949189,40.807622],[-73.948739,40.808252],[-73.948249,40.808932],[-73.948056,40.809192],[-73.947759,40.809592],[-73.947699,40.809672],[-73.947289,40.810232],[-73.947088,40.810508],[-73.946839,40.810852],[-73.946389,40.811472],[-73.946185,40.811752],[-73.945939,40.812092],[-73.945879,40.812182],[-73.945509,40.812712],[-73.945297,40.813],[-73.945039,40.813352],[-73.944979,40.813432],[-73.944579,40.813972],[-73.944539,40.814022],[-73.944384,40.814227],[-73.944109,40.814592],[-73.943619,40.815272],[-73.943399,40.815585],[-73.943149,40.815942],[-73.942679,40.816552],[-73.942485,40.816822],[-73.942219,40.817192],[-73.941769,40.817802],[-73.941569,40.818069],[-73.941299,40.818432],[-73.940859,40.819052],[-73.940652,40.819331],[-73.940399,40.819672],[-73.939959,40.820302],[-73.939919,40.820352],[-73.939768,40.820552],[-73.939489,40.820922],[-73.939019,40.821592],[-73.938779,40.821918],[-73.938519,40.822272],[-73.938049,40.822892],[-73.937827,40.8232],[-73.937589,40.823532],[-73.937469,40.823702],[-73.937139,40.824142],[-73.937099,40.824192],[-73.937039,40.824282],[-73.937028,40.824296],[-73.936689,40.824762],[-73.936239,40.825382],[-73.936051,40.825651],[-73.935919,40.825842],[-73.935779,40.825982],[-73.935321,40.826558],[-73.935279,40.826612],[-73.935199,40.826742],[-73.935149,40.826862],[-73.935149,40.826992],[-73.935199,40.827242],[-73.935219,40.827392],[-73.935209,40.827562],[-73.935149,40.827682],[-73.935059,40.827802],[-73.934969,40.827882],[-73.934829,40.827972],[-73.934689,40.828032],[-73.934839,40.828132],[-73.934959,40.828192],[-73.935179,40.828292],[-73.935539,40.828442],[-73.935779,40.828542],[-73.936059,40.828662],[-73.936189,40.828712],[-73.936379,40.828792],[-73.936469,40.828832],[-73.936579,40.828882],[-73.936749,40.828952],[-73.936829,40.828982],[-73.937259,40.829152],[-73.938639,40.829732],[-73.939189,40.829972],[-73.939619,40.830152],[-73.940129,40.830372],[-73.940279,40.830432],[-73.940319,40.830632],[-73.940336,40.830902],[-73.940369,40.831422],[-73.940349,40.831582],[-73.940289,40.831742],[-73.940209,40.831882],[-73.939769,40.832482],[-73.939669,40.832682],[-73.939539,40.832922],[-73.939518,40.832943],[-73.939409,40.833062],[-73.939149,40.833272],[-73.938479,40.833842],[-73.938199,40.834072],[-73.938194,40.834077],[-73.938089,40.834192],[-73.937929,40.834462],[-73.937749,40.834882],[-73.937573,40.835262],[-73.937379,40.835682],[-73.937029,40.836452],[-73.936959,40.836602],[-73.936923,40.836677],[-73.936729,40.837092],[-73.936689,40.837182],[-73.938206,40.837805],[-73.938369,40.837872],[-73.938309,40.837952],[-73.937919,40.838482],[-73.937779,40.838682],[-73.937339,40.839272],[-73.937209,40.839452],[-73.936939,40.839812],[-73.936909,40.839852],[-73.938369,40.840482],[-73.938592,40.840578]]]}},{"type":"Feature","properties":{"route":"M2","mta_route":"M2","direction":"S","shape_id":"M020003"},"geometry":{"type":"MultiLineString","coordinates":[[[-73.938663,40.840609],[-73.939409,40.840932],[-73.939489,40.840962],[-73.939679,40.841032],[-73.939819,40.841092],[-73.939884,40.841003],[-73.940249,40.840512],[-73.940699,40.839902],[-73.940519,40.839822],[-73.94015,40.839672],[-73.939879,40.839562],[-73.939899,40.839442],[-73.939909,40.839262],[-73.939889,40.838852],[-73.939869,40.838502],[-73.938549,40.837942],[-73.938369,40.837872],[-73.938012,40.837726],[-73.936689,40.837182],[-73.936729,40.837092],[-73.936959,40.836602],[-73.937029,40.836452],[-73.937145,40.836196],[-73.937379,40.835682],[-73.937698,40.834991],[-73.937749,40.834882],[-73.937929,40.834462],[-73.938089,40.834192],[-73.938199,40.834072],[-73.938479,40.833842],[-73.938752,40.833609],[-73.939149,40.833272],[-73.939409,40.833062],[-73.939539,40.832922],[-73.939669,40.832682],[-73.939769,40.832482],[-73.939835,40.832392],[-73.940209,40.831882],[-73.940289,40.831742],[-73.940349,40.831582],[-73.940369,40.831422],[-73.940319,40.830632],[-73.940279,40.830432],[-73.940129,40.830372],[-73.939808,40.830233],[-73.939619,40.830152],[-73.939189,40.829972],[-73.938639,40.829732],[-73.937259,40.829152],[-73.936829,40.828982],[-73.936749,40.828952],[-73.936579,40.828882],[-73.936469,40.828832],[-73.936379,40.828792],[-73.936189,40.828712],[-73.936059,40.828662],[-73.935779,40.828542],[-73.935539,40.828442],[-73.935179,40.828292],[-73.934959,40.828192],[-73.934839,40.828132],[-73.934689,40.828032],[-73.934829,40.828022],[-73.934979,40.827992],[-73.935059,40.827962],[-73.935159,40.827832],[-73.935249,40.827702],[-73.935299,40.827602],[-73.935303,40.827571],[-73.935319,40.827452],[-73.935299,40.827242],[-73.935299,40.827132],[-73.935329,40.827012],[-73.935389,40.826882],[-73.935499,40.826722],[-73.935979,40.826072],[-73.936059,40.825912],[-73.936159,40.82576],[-73.936369,40.825442],[-73.936829,40.824822],[-73.937299,40.824212],[-73.937619,40.823762],[-73.937739,40.823592],[-73.93793,40.823325],[-73.938199,40.822952],[-73.938649,40.822322],[-73.939159,40.821652],[-73.939379,40.821349],[-73.939639,40.820992],[-73.939689,40.820922],[-73.940099,40.820362],[-73.940569,40.819742],[-73.940742,40.819503],[-73.941019,40.819122],[-73.941449,40.818492],[-73.941627,40.818261],[-73.941929,40.817872],[-73.942359,40.817242],[-73.942556,40.816982],[-73.942829,40.816622],[-73.943299,40.816002],[-73.943779,40.815332],[-73.943838,40.815248],[-73.944259,40.814652],[-73.944319,40.814572],[-73.944729,40.814042],[-73.945189,40.813422],[-73.945404,40.81313],[-73.945669,40.812772],[-73.946049,40.812252],[-73.946109,40.812162],[-73.946211,40.812018],[-73.946559,40.811532],[-73.947009,40.810922],[-73.947192,40.810674],[-73.947459,40.810312],[-73.947929,40.809672],[-73.948303,40.809149],[-73.948409,40.809002],[-73.948889,40.808312],[-73.949339,40.807682],[-73.949809,40.807062],[-73.949859,40.806992],[-73.949997,40.806797],[-73.950199,40.806512],[-73.950259,40.806432],[-73.950609,40.805932],[-73.950709,40.805802],[-73.950901,40.805559],[-73.951199,40.805182],[-73.951659,40.804562],[-73.951809,40.804352],[-73.952109,40.803922],[-73.952356,40.803561],[-73.952589,40.803222],[-73.952849,40.802872],[-73.953089,40.802562],[-73.953559,40.801942],[-73.953747,40.801678],[-73.954009,40.801312],[-73.954039,40.801272],[-73.954459,40.800682],[-73.954661,40.800421],[-73.954939,40.800062],[-73.955209,40.799682],[-73.955369,40.799462],[-73.955199,40.799392],[-73.954817,40.799231],[-73.952629,40.798312],[-73.952559,40.798282],[-73.952379,40.798202],[-73.952289,40.798162],[-73.952018,40.798048],[-73.950979,40.797612],[-73.949879,40.797152],[-73.949729,40.797092],[-73.949669,40.796892],[-73.949629,40.796812],[-73.949619,40.796782],[-73.949569,40.796732],[-73.949499,40.796682],[-73.949419,40.796632],[-73.949502,40.796507],[-73.949699,40.796212],[-73.950159,40.795582],[-73.950235,40.795477],[-73.950619,40.794952],[-73.951109,40.794282],[-73.951208,40.794143],[-73.951599,40.793602],[-73.951739,40.793412],[-73.952059,40.792972],[-73.952109,40.792903],[-73.952519,40.792342],[-73.952949,40.791762],[-73.952979,40.791712],[-73.953029,40.791642],[-73.953107,40.791537],[-73.953439,40.791092],[-73.954409,40.789762],[-73.954819,40.789202],[-73.954842,40.789167],[-73.954859,40.789142],[-73.955089,40.788832],[-73.955269,40.788572],[-73.955759,40.787892],[-73.955809,40.787832],[-73.955909,40.787692],[-73.956034,40.787524],[-73.956259,40.787222],[-73.956719,40.786592],[-73.956772,40.78652],[-73.957179,40.785962],[-73.957639,40.785332],[-73.957755,40.785175],[-73.958099,40.784712],[-73.958549,40.784092],[-73.958639,40.783963],[-73.958999,40.783452],[-73.959049,40.783392],[-73.959459,40.782832],[-73.959919,40.782202],[-73.959957,40.782148],[-73.960409,40.781522],[-73.960639,40.781212],[-73.960909,40.780842],[-73.961239,40.780399],[-73.961379,40.780212],[-73.961839,40.779582],[-73.962309,40.778942],[-73.962769,40.778302],[-73.963039,40.777932],[-73.963162,40.777763],[-73.963229,40.777672],[-73.963589,40.777172],[-73.963729,40.776982],[-73.963789,40.776902],[-73.963933,40.776705],[-73.964229,40.776302],[-73.964689,40.775672],[-73.964756,40.775577],[-73.965029,40.775192],[-73.965149,40.775032],[-73.965609,40.774402],[-73.965674,40.774313],[-73.966079,40.773762],[-73.966539,40.773132],[-73.967049,40.772452],[-73.9674,40.771957],[-73.967539,40.771762],[-73.967989,40.771142],[-73.968449,40.770512],[-73.968661,40.770226],[-73.968909,40.769892],[-73.969359,40.769262],[-73.969509,40.769062],[-73.969829,40.768622],[-73.970141,40.768193],[-73.970259,40.768032],[-73.970729,40.767382],[-73.971189,40.766762],[-73.971239,40.766693],[-73.971649,40.766132],[-73.971988,40.765664],[-73.972099,40.765512],[-73.97234,40.765176],[-73.972559,40.764872],[-73.972749,40.764642],[-73.972809,40.764562],[-73.973019,40.764262],[-73.973109,40.764142],[-73.973219,40.763992],[-73.973479,40.763632],[-73.973719,40.763292],[-73.973809,40.763172],[-73.973949,40.762952],[-73.974459,40.762282],[-73.974554,40.76215],[-73.974909,40.761662],[-73.975369,40.761032],[-73.975829,40.760402],[-73.975909,40.760292],[-73.975964,40.760219],[-73.975999,40.760172],[-73.976289,40.759782],[-73.976749,40.759152],[-73.976909,40.758932],[-73.977019,40.758782],[-73.977116,40.758647],[-73.977199,40.758532],[-73.977399,40.758242],[-73.977649,40.757902],[-73.977779,40.757732],[-73.978109,40.757272],[-73.978569,40.756652],[-73.978665,40.75652],[-73.979029,40.756022],[-73.979389,40.755532],[-73.979429,40.755472],[-73.979489,40.755392],[-73.979594,40.755249],[-73.979939,40.754782],[-73.980319,40.754252],[-73.980349,40.754212],[-73.980399,40.754142],[-73.980739,40.753672],[-73.980879,40.753472],[-73.980986,40.753327],[-73.981369,40.752812],[-73.981519,40.752612],[-73.981829,40.752192],[-73.981959,40.752012],[-73.982279,40.751572],[-73.982411,40.751385],[-73.982719,40.750952],[-73.983179,40.750342],[-73.983619,40.749722],[-73.983827,40.749437],[-73.984079,40.749092],[-73.984559,40.748432],[-73.984679,40.748272],[-73.985049,40.747762],[-73.985265,40.747463],[-73.985499,40.747142],[-73.985949,40.746532],[-73.986169,40.746222],[-73.986389,40.745912],[-73.986849,40.745292],[-73.987299,40.744672],[-73.987528,40.744356],[-73.987749,40.744052],[-73.988029,40.743672],[-73.98814,40.743514],[-73.988199,40.743432],[-73.988639,40.742802],[-73.988979,40.742312],[-73.989279,40.741892],[-73.989569,40.741532],[-73.989857,40.74115],[-73.990069,40.740872],[-73.990519,40.740252],[-73.990939,40.739662],[-73.991164,40.739365],[-73.991379,40.739082],[-73.991799,40.738492],[-73.992219,40.737902],[-73.992423,40.737626],[-73.992649,40.737322],[-73.993119,40.736682],[-73.993619,40.735992],[-73.993847,40.735669],[-73.994109,40.735302],[-73.994589,40.734662],[-73.994755,40.734431],[-73.995049,40.734022],[-73.995489,40.733432],[-73.995663,40.733187],[-73.995909,40.732842],[-73.996349,40.732242],[-73.995888,40.73205],[-73.994789,40.731592],[-73.994472,40.731458],[-73.994029,40.731272],[-73.993249,40.730942],[-73.992542,40.730642],[-73.992399,40.730582],[-73.991255,40.730103]]]}},{"type":"Feature","properties":{"route":"M2","mta_route":"M2","direction":"S","shape_id":"M020004"},"geometry":{"type":"MultiLineString","coordinates":[[[-73.938663,40.840609],[-73.939409,40.840932],[-73.939489,40.840962],[-73.939679,40.841032],[-73.939819,40.841092],[-73.939884,40.841003],[-73.940249,40.840512],[-73.940699,40.839902],[-73.940519,40.839822],[-73.94015,40.839672],[-73.939879,40.839562],[-73.939899,40.839442],[-73.939909,40.839262],[-73.939889,40.838852],[-73.939869,40.838502],[-73.938549,40.837942],[-73.938369,40.837872],[-73.938012,40.837726],[-73.936689,40.837182],[-73.936729,40.837092],[-73.936959,40.836602],[-73.937029,40.836452],[-73.937145,40.836196],[-73.937379,40.835682],[-73.937698,40.834991],[-73.937749,40.834882],[-73.937929,40.834462],[-73.938089,40.834192],[-73.938199,40.834072],[-73.938479,40.833842],[-73.938752,40.833609],[-73.939149,40.833272],[-73.939409,40.833062],[-73.939539,40.832922],[-73.939669,40.832682],[-73.939769,40.832482],[-73.939835,40.832392],[-73.940209,40.831882],[-73.940289,40.831742],[-73.940349,40.831582],[-73.940369,40.831422],[-73.940319,40.830632],[-73.940279,40.830432],[-73.940129,40.830372],[-73.939808,40.830233],[-73.939619,40.830152],[-73.939189,40.829972],[-73.938639,40.829732],[-73.937259,40.829152],[-73.936829,40.828982],[-73.936749,40.828952],[-73.936579,40.828882],[-73.936469,40.828832],[-73.936379,40.828792],[-73.936189,40.828712],[-73.936059,40.828662],[-73.935779,40.828542],[-73.935539,40.828442],[-73.935179,40.828292],[-73.934959,40.828192],[-73.934839,40.828132],[-73.934689,40.828032],[-73.934829,40.828022],[-73.934979,40.827992],[-73.935059,40.827962],[-73.935159,40.827832],[-73.935249,40.827702],[-73.935299,40.827602],[-73.935303,40.827571],[-73.935319,40.827452],[-73.935299,40.827242],[-73.935299,40.827132],[-73.935329,40.827012],[-73.935389,40.826882],[-73.935499,40.826722],[-73.935979,40.826072],[-73.936059,40.825912],[-73.936159,40.82576],[-73.936369,40.825442],[-73.936829,40.824822],[-73.937299,40.824212],[-73.937619,40.823762],[-73.937739,40.823592],[-73.93793,40.823325],[-73.938199,40.822952],[-73.938649,40.822322],[-73.939159,40.821652],[-73.939379,40.821349],[-73.939639,40.820992],[-73.939689,40.820922],[-73.940099,40.820362],[-73.940569,40.819742],[-73.940742,40.819503],[-73.941019,40.819122],[-73.941449,40.818492],[-73.941627,40.818261],[-73.941929,40.817872],[-73.942359,40.817242],[-73.942556,40.816982],[-73.942829,40.816622],[-73.943299,40.816002],[-73.943779,40.815332],[-73.943838,40.815248],[-73.944259,40.814652],[-73.944319,40.814572],[-73.944729,40.814042],[-73.945189,40.813422],[-73.945404,40.81313],[-73.945669,40.812772],[-73.946049,40.812252],[-73.946109,40.812162],[-73.946211,40.812018],[-73.946559,40.811532],[-73.947009,40.810922],[-73.947192,40.810674],[-73.947459,40.810312],[-73.947929,40.809672],[-73.948303,40.809149],[-73.948409,40.809002],[-73.948889,40.808312],[-73.949339,40.807682],[-73.949809,40.807062],[-73.949859,40.806992],[-73.949997,40.806797],[-73.950199,40.806512],[-73.950259,40.806432],[-73.950609,40.805932],[-73.950709,40.805802],[-73.950901,40.805559],[-73.951199,40.805182],[-73.951659,40.804562],[-73.951809,40.804352],[-73.952109,40.803922],[-73.952356,40.803561],[-73.952589,40.803222],[-73.952849,40.802872],[-73.953089,40.802562],[-73.953559,40.801942],[-73.953747,40.801678],[-73.954009,40.801312],[-73.954039,40.801272],[-73.954459,40.800682],[-73.954661,40.800421],[-73.954939,40.800062],[-73.955209,40.799682],[-73.955369,40.799462],[-73.955199,40.799392],[-73.954817,40.799231],[-73.952629,40.798312],[-73.952559,40.798282],[-73.952379,40.798202],[-73.952289,40.798162],[-73.952018,40.798048],[-73.950979,40.797612],[-73.949879,40.797152],[-73.949729,40.797092],[-73.949669,40.796892],[-73.949629,40.796812],[-73.949619,40.796782],[-73.949569,40.796732],[-73.949499,40.796682],[-73.949419,40.796632],[-73.949502,40.796507],[-73.949699,40.796212],[-73.950159,40.795582],[-73.950619,40.794952],[-73.951109,40.794282],[-73.951208,40.794143],[-73.951599,40.793602],[-73.951739,40.793412],[-73.952059,40.792972],[-73.952519,40.792342],[-73.952949,40.791762],[-73.952979,40.791712],[-73.953029,40.791642],[-73.953107,40.791537],[-73.953439,40.791092],[-73.954409,40.789762],[-73.954819,40.789202],[-73.954859,40.789142],[-73.955089,40.788832],[-73.955269,40.788572],[-73.955759,40.787892],[-73.955809,40.787832],[-73.955909,40.787692],[-73.956034,40.787524],[-73.956259,40.787222],[-73.956719,40.786592],[-73.957179,40.785962],[-73.957639,40.785332],[-73.958099,40.784712],[-73.958549,40.784092],[-73.958999,40.783452],[-73.959049,40.783392],[-73.959459,40.782832],[-73.959919,40.782202],[-73.960409,40.781522],[-73.960639,40.781212],[-73.960909,40.780842],[-73.961239,40.780399],[-73.961379,40.780212],[-73.961839,40.779582],[-73.962309,40.778942],[-73.962769,40.778302],[-73.963039,40.777932],[-73.963229,40.777672],[-73.963589,40.777172],[-73.963729,40.776982],[-73.963789,40.776902],[-73.963933,40.776705],[-73.964229,40.776302],[-73.964689,40.775672],[-73.965029,40.775192],[-73.965149,40.775032],[-73.965609,40.774402],[-73.966079,40.773762],[-73.966539,40.773132],[-73.967049,40.772452],[-73.9674,40.771957],[-73.967539,40.771762],[-73.967989,40.771142],[-73.968449,40.770512],[-73.968909,40.769892],[-73.969359,40.769262],[-73.969509,40.769062],[-73.969829,40.768622],[-73.970141,40.768193],[-73.970259,40.768032],[-73.970729,40.767382],[-73.971189,40.766762],[-73.971649,40.766132],[-73.972099,40.765512],[-73.97234,40.765176],[-73.972559,40.764872],[-73.972749,40.764642],[-73.972809,40.764562],[-73.973019,40.764262],[-73.973109,40.764142],[-73.973219,40.763992],[-73.973479,40.763632],[-73.973719,40.763292],[-73.973809,40.763172],[-73.973949,40.762952],[-73.974459,40.762282],[-73.974554,40.76215],[-73.974909,40.761662],[-73.975369,40.761032],[-73.975829,40.760402],[-73.975909,40.760292],[-73.975999,40.760172],[-73.976289,40.759782],[-73.976749,40.759152],[-73.976909,40.758932],[-73.977019,40.758782],[-73.977116,40.758647],[-73.977199,40.758532],[-73.977399,40.758242],[-73.977649,40.757902],[-73.977779,40.757732],[-73.978109,40.757272],[-73.978569,40.756652],[-73.979029,40.756022],[-73.979389,40.755532],[-73.979429,40.755472],[-73.979489,40.755392],[-73.979939,40.754782],[-73.980319,40.754252],[-73.980349,40.754212],[-73.980399,40.754142],[-73.980739,40.753672],[-73.980879,40.753472],[-73.980986,40.753327],[-73.981369,40.752812],[-73.981519,40.752612],[-73.981829,40.752192],[-73.981959,40.752012],[-73.982279,40.751572],[-73.982719,40.750952],[-73.983179,40.750342],[-73.983619,40.749722],[-73.984079,40.749092],[-73.984559,40.748432],[-73.984679,40.748272],[-73.985049,40.747762],[-73.985265,40.747463],[-73.985499,40.747142],[-73.985949,40.746532],[-73.986389,40.745912],[-73.986849,40.745292],[-73.987299,40.744672],[-73.987749,40.744052],[-73.988029,40.743672],[-73.988199,40.743432],[-73.988639,40.742802],[-73.988979,40.742312],[-73.989279,40.741892],[-73.989569,40.741532],[-73.989857,40.74115],[-73.990069,40.740872],[-73.990519,40.740252],[-73.990939,40.739662],[-73.991379,40.739082],[-73.991799,40.738492],[-73.992219,40.737902],[-73.992649,40.737322],[-73.993119,40.736682],[-73.993619,40.735992],[-73.993847,40.735669],[-73.994109,40.735302],[-73.994589,40.734662],[-73.995049,40.734022],[-73.995489,40.733432],[-73.995909,40.732842],[-73.996349,40.732242],[-73.995888,40.73205],[-73.994789,40.731592],[-73.994472,40.731458],[-73.994029,40.731272],[-73.993249,40.730942],[-73.992542,40.730642],[-73.992399,40.730582],[-73.991255,40.730103]]]}},{"type":"Feature","properties":{"route":"M23+","mta_route":"M23+","direction":"E","shape_id":"SBS230002"},"geometry":{"type":"MultiLineString","coordinates":[[[-74.007856,40.74874],[-74.007819,40.748572],[-74.007679,40.748702],[-74.007749,40.748912],[-74.007949,40.749272],[-74.008129,40.749622],[-74.008209,40.749822],[-74.008259,40.749992],[-74.008279,40.750142],[-74.008299,40.750282],[-74.007759,40.750052],[-74.007744,40.750046],[-74.007509,40.749942],[-74.006949,40.749702],[-74.006549,40.749522],[-74.006709,40.749292],[-74.006849,40.749102],[-74.007009,40.748882],[-74.006583,40.7487],[-74.006519,40.748672],[-74.004809,40.747942],[-74.004739,40.747912],[-74.004669,40.747882],[-74.004169,40.747682],[-74.003717,40.747488],[-74.001339,40.746472],[-74.00092,40.746294],[-73.999569,40.745722],[-73.999069,40.745522],[-73.998479,40.745282],[-73.998095,40.745123],[-73.996589,40.744502],[-73.995649,40.744092],[-73.995452,40.744009],[-73.992809,40.742892],[-73.991711,40.742432],[-73.991449,40.742322],[-73.989569,40.741532],[-73.989259,40.741402],[-73.989119,40.741342],[-73.988757,40.741186],[-73.988049,40.740882],[-73.986399,40.740192],[-73.986299,40.740152],[-73.985528,40.739823],[-73.984749,40.739492],[-73.983149,40.738822],[-73.982719,40.738638],[-73.982519,40.738552],[-73.981069,40.737962],[-73.980869,40.737882],[-73.980505,40.737731],[-73.979519,40.737322],[-73.978559,40.736892],[-73.978039,40.736662],[-73.977889,40.736442],[-73.977186,40.736146],[-73.976869,40.736012],[-73.976389,40.735812],[-73.975749,40.735542],[-73.975079,40.735262],[-73.975066,40.735187],[-73.975039,40.735032],[-73.974989,40.734772],[-73.974969,40.734662],[-73.974879,40.734272],[-73.974859,40.734202],[-73.974699,40.733602],[-73.974537,40.733013]]]}},{"type":"Feature","properties":{"route":"M23+","mta_route":"M23+","direction":"W","shape_id":"SBS230003"},"geometry":{"type":"MultiLineString","coordinates":[[[-73.97448,40.732805],[-73.974449,40.732692],[-73.975369,40.733092],[-73.976009,40.733362],[-73.976189,40.733442],[-73.976929,40.733742],[-73.977359,40.733922],[-73.977575,40.734021],[-73.977709,40.734082],[-73.978279,40.734312],[-73.978929,40.734582],[-73.979439,40.734802],[-73.979595,40.734874],[-73.979719,40.734932],[-73.979899,40.735012],[-73.979639,40.735372],[-73.979479,40.735602],[-73.979029,40.736212],[-73.978559,40.736892],[-73.979386,40.737263],[-73.979519,40.737322],[-73.980869,40.737882],[-73.981069,40.737962],[-73.98176,40.738243],[-73.982519,40.738552],[-73.983149,40.738822],[-73.983498,40.738968],[-73.984749,40.739492],[-73.986299,40.740152],[-73.986399,40.740192],[-73.986909,40.740405],[-73.988049,40.740882],[-73.989044,40.74131],[-73.989119,40.741342],[-73.989259,40.741402],[-73.989569,40.741532],[-73.991449,40.742322],[-73.992809,40.742892],[-73.993121,40.743023],[-73.995649,40.744092],[-73.996215,40.744339],[-73.996589,40.744502],[-73.998479,40.745282],[-73.998943,40.74547],[-73.999069,40.745522],[-73.999569,40.745722],[-74.001339,40.746472],[-74.001715,40.746633],[-74.004169,40.747682],[-74.004565,40.74784],[-74.004669,40.747882],[-74.004739,40.747912],[-74.004809,40.747942],[-74.006519,40.748672],[-74.006836,40.748808],[-74.007009,40.748882],[-74.006849,40.749102],[-74.006709,40.749292],[-74.006549,40.749522],[-74.006949,40.749702],[-74.007509,40.749942],[-74.007526,40.749949],[-74.007759,40.750052],[-74.008299,40.750282],[-74.008479,40.750342],[-74.008479,40.750232],[-74.008449,40.749942],[-74.008369,40.749692],[-74.008139,40.749292],[-74.007969,40.749002],[-74.007919,40.748909]]]}},{"type":"Feature","properties":{"route":"M31","mta_route":"M31","direction":"E","shape_id":"M310028"},"geometry":{"type":"MultiLineString","coordinates":[[[-73.991831,40.767964],[-73.991059,40.767642],[-73.990969,40.767602],[-73.989959,40.767192],[-73.989509,40.767812],[-73.989328,40.768052],[-73.989029,40.768452],[-73.988559,40.769102],[-73.988113,40.768916],[-73.985709,40.767912],[-73.985307,40.767743],[-73.982819,40.766702],[-73.982681,40.766642],[-73.982449,40.766542],[-73.982259,40.766462],[-73.981809,40.766282],[-73.980277,40.765624],[-73.980039,40.765522],[-73.978929,40.765052],[-73.977169,40.764322],[-73.97669,40.764112],[-73.976119,40.763862],[-73.974149,40.763032],[-73.973949,40.762952],[-73.973759,40.762872],[-73.973694,40.762844],[-73.972599,40.762382],[-73.972359,40.762282],[-73.971909,40.762094],[-73.970829,40.761642],[-73.970629,40.761572],[-73.969109,40.760952],[-73.968691,40.760774],[-73.967509,40.760272],[-73.966766,40.759963],[-73.965269,40.759342],[-73.964816,40.759144],[-73.964789,40.759132],[-73.964469,40.758992],[-73.963059,40.758412],[-73.962869,40.758332],[-73.962442,40.758142],[-73.961454,40.757702],[-73.960669,40.757352],[-73.960179,40.758032],[-73.959997,40.758277],[-73.959719,40.758652],[-73.959529,40.758922],[-73.959479,40.758992],[-73.959429,40.759052],[-73.959399,40.759092],[-73.959358,40.759143],[-73.959259,40.759272],[-73.959179,40.759382],[-73.958949,40.759712],[-73.958869,40.759822],[-73.958789,40.759932],[-73.958589,40.760202],[-73.958339,40.760522],[-73.958189,40.760722],[-73.957859,40.761142],[-73.957622,40.761502],[-73.957439,40.761782],[-73.956979,40.762412],[-73.956519,40.763032],[-73.95629,40.763354],[-73.956079,40.763652],[-73.955619,40.764282],[-73.955216,40.764834],[-73.955159,40.764912],[-73.954699,40.765542],[-73.954249,40.766162],[-73.953749,40.766852],[-73.953497,40.76719],[-73.953259,40.767512],[-73.952789,40.768162],[-73.952759,40.768202],[-73.952603,40.768414],[-73.952319,40.768802],[-73.951879,40.769402],[-73.951859,40.769432],[-73.951661,40.769702],[-73.951399,40.770062],[-73.950929,40.770702],[-73.950439,40.771382],[-73.950279,40.771599],[-73.949969,40.772022],[-73.949939,40.772062],[-73.949479,40.772702],[-73.949069,40.773252],[-73.949009,40.773332],[-73.948808,40.773611],[-73.948549,40.773972],[-73.948089,40.774602],[-73.947884,40.774881],[-73.947619,40.775242],[-73.947149,40.775882],[-73.947119,40.775922],[-73.946744,40.776441],[-73.946679,40.776532],[-73.946629,40.776602],[-73.946169,40.777222],[-73.946109,40.777292],[-73.945963,40.777495],[-73.945709,40.777852],[-73.945249,40.778472],[-73.944769,40.779132],[-73.944879,40.779142],[-73.944968,40.779178],[-73.946569,40.779842],[-73.947029,40.780052],[-73.946865,40.780272],[-73.946569,40.780672],[-73.945869,40.780382],[-73.945159,40.780092],[-73.944743,40.779916]]]}},{"type":"Feature","properties":{"route":"M31","mta_route":"M31","direction":"E","shape_id":"M310029"},"geometry":{"type":"MultiLineString","coordinates":[[[-73.982681,40.766642],[-73.982449,40.766542],[-73.982259,40.766462],[-73.981809,40.766282],[-73.980277,40.765624],[-73.980039,40.765522],[-73.978929,40.765052],[-73.977169,40.764322],[-73.97669,40.764112],[-73.976119,40.763862],[-73.974149,40.763032],[-73.973949,40.762952],[-73.973759,40.762872],[-73.973694,40.762844],[-73.972599,40.762382],[-73.972359,40.762282],[-73.971909,40.762094],[-73.970829,40.761642],[-73.970629,40.761572],[-73.969109,40.760952],[-73.968691,40.760774],[-73.967509,40.760272],[-73.966766,40.759963],[-73.965269,40.759342],[-73.964816,40.759144],[-73.964789,40.759132],[-73.964469,40.758992],[-73.963059,40.758412],[-73.962869,40.758332],[-73.962442,40.758142],[-73.961454,40.757702],[-73.960669,40.757352],[-73.960179,40.758032],[-73.959997,40.758277],[-73.959719,40.758652],[-73.959529,40.758922],[-73.959479,40.758992],[-73.959429,40.759052],[-73.959399,40.759092],[-73.959358,40.759143],[-73.959259,40.759272],[-73.959179,40.759382],[-73.958949,40.759712],[-73.958869,40.759822],[-73.958789,40.759932],[-73.958589,40.760202],[-73.958339,40.760522],[-73.958189,40.760722],[-73.957859,40.761142],[-73.957622,40.761502],[-73.957439,40.761782],[-73.956979,40.762412],[-73.956519,40.763032],[-73.95629,40.763354],[-73.956079,40.763652],[-73.955619,40.764282],[-73.955216,40.764834],[-73.955159,40.764912],[-73.954699,40.765542],[-73.954249,40.766162],[-73.953749,40.766852],[-73.953497,40.76719],[-73.953259,40.767512],[-73.952789,40.768162],[-73.952759,40.768202],[-73.952603,40.768414],[-73.952319,40.768802],[-73.951879,40.769402],[-73.951859,40.769432],[-73.951661,40.769702],[-73.951399,40.770062],[-73.950929,40.770702],[-73.950439,40.771382],[-73.950279,40.771599],[-73.949969,40.772022],[-73.949939,40.772062],[-73.949479,40.772702],[-73.949069,40.773252],[-73.949009,40.773332],[-73.948808,40.773611],[-73.948549,40.773972],[-73.948089,40.774602],[-73.947884,40.774881],[-73.947619,40.775242],[-73.947149,40.775882],[-73.947119,40.775922],[-73.946744,40.776441],[-73.946679,40.776532],[-73.946629,40.776602],[-73.946169,40.777222],[-73.946109,40.777292],[-73.945963,40.777495],[-73.945709,40.777852],[-73.945249,40.778472],[-73.944769,40.779132],[-73.944879,40.779142],[-73.944968,40.779178],[-73.946569,40.779842],[-73.947029,40.780052],[-73.946865,40.780272],[-73.946569,40.780672],[-73.945869,40.780382],[-73.945159,40.780092],[-73.944743,40.779916]]]}},{"type":"Feature","properties":{"route":"M31","mta_route":"M31","direction":"W","shape_id":"M310025"},"geometry":{"type":"MultiLineString","coordinates":[[[-73.944494,40.779811],[-73.944329,40.779742],[-73.944769,40.779132],[-73.944996,40.778819],[-73.945249,40.778472],[-73.945709,40.777852],[-73.946109,40.777292],[-73.946169,40.777222],[-73.946359,40.776965],[-73.946629,40.776602],[-73.946679,40.776532],[-73.947119,40.775922],[-73.947149,40.775882],[-73.947248,40.775746],[-73.947619,40.775242],[-73.948089,40.774602],[-73.948319,40.774286],[-73.948549,40.773972],[-73.949009,40.773332],[-73.949069,40.773252],[-73.949196,40.773081],[-73.949479,40.772702],[-73.949939,40.772062],[-73.949969,40.772022],[-73.950439,40.771382],[-73.950678,40.77105],[-73.950929,40.770702],[-73.951399,40.770062],[-73.951594,40.769794],[-73.951859,40.769432],[-73.951879,40.769402],[-73.952319,40.768802],[-73.952759,40.768202],[-73.952789,40.768162],[-73.9529,40.768008],[-73.953259,40.767512],[-73.953749,40.766852],[-73.953953,40.76657],[-73.954249,40.766162],[-73.954699,40.765542],[-73.955102,40.76499],[-73.955159,40.764912],[-73.955619,40.764282],[-73.956079,40.763652],[-73.956519,40.763032],[-73.956602,40.76292],[-73.956979,40.762412],[-73.957439,40.761782],[-73.957609,40.761522],[-73.957859,40.761142],[-73.958189,40.760722],[-73.958339,40.760522],[-73.958589,40.760202],[-73.958789,40.759932],[-73.958869,40.759822],[-73.958949,40.759712],[-73.959179,40.759382],[-73.959193,40.759362],[-73.959259,40.759272],[-73.959399,40.759092],[-73.959429,40.759052],[-73.959479,40.758992],[-73.959529,40.758922],[-73.959719,40.758652],[-73.960179,40.758032],[-73.960361,40.757779],[-73.960669,40.757352],[-73.962869,40.758332],[-73.963059,40.758412],[-73.963329,40.758523],[-73.964469,40.758992],[-73.964789,40.759132],[-73.965269,40.759342],[-73.965711,40.759525],[-73.967509,40.760272],[-73.96797,40.760468],[-73.969109,40.760952],[-73.969546,40.76113],[-73.970629,40.761572],[-73.970829,40.761642],[-73.972242,40.762233],[-73.972359,40.762282],[-73.972599,40.762382],[-73.973759,40.762872],[-73.973949,40.762952],[-73.974149,40.763032],[-73.974474,40.763169],[-73.976119,40.763862],[-73.977169,40.764322],[-73.977672,40.764531],[-73.978929,40.765052],[-73.980039,40.765522],[-73.980434,40.765692],[-73.981809,40.766282],[-73.982259,40.766462],[-73.982282,40.766471],[-73.982449,40.766542],[-73.982819,40.766702],[-73.985709,40.767912],[-73.985944,40.76801],[-73.988559,40.769102],[-73.988983,40.769281],[-73.990809,40.770052],[-73.991399,40.770302],[-73.991469,40.770202],[-73.991639,40.769972],[-73.991879,40.769632],[-73.992259,40.769112],[-73.992329,40.769012],[-73.992809,40.768372],[-73.992506,40.768245]]]}},{"type":"Feature","properties":{"route":"M34+","mta_route":"M34+","direction":"E","shape_id":"M340020"},"geometry":{"type":"MultiLineString","coordinates":[[[-74.003615,40.756476],[-74.003339,40.756362],[-74.002939,40.756192],[-74.002599,40.756052],[-74.002009,40.755812],[-74.001861,40.755749],[-74.001399,40.755552],[-74.001049,40.755402],[-74.000499,40.755162],[-73.999309,40.754662],[-73.999149,40.754592],[-73.998879,40.754462],[-73.998727,40.754399],[-73.998349,40.754242],[-73.998279,40.754212],[-73.998219,40.754192],[-73.998139,40.754152],[-73.997609,40.753932],[-73.997209,40.753762],[-73.996939,40.753652],[-73.996709,40.753552],[-73.996319,40.753392],[-73.995806,40.753174],[-73.994719,40.752712],[-73.993459,40.752182],[-73.993238,40.752089],[-73.992939,40.751962],[-73.991939,40.751532],[-73.991769,40.751462],[-73.991449,40.751332],[-73.991249,40.751252],[-73.990876,40.751094],[-73.990589,40.750972],[-73.990039,40.750732],[-73.989659,40.750572],[-73.989329,40.750432],[-73.988799,40.750212],[-73.988629,40.750142],[-73.988469,40.750072],[-73.987919,40.749842],[-73.987789,40.749782],[-73.987569,40.749693],[-73.987319,40.749592],[-73.987069,40.749482],[-73.986799,40.749372],[-73.986419,40.749212],[-73.985609,40.748872],[-73.985259,40.748722],[-73.984799,40.748532],[-73.984559,40.748432],[-73.984349,40.748342],[-73.984101,40.748237],[-73.984089,40.748232],[-73.983719,40.748072],[-73.982959,40.747762],[-73.982359,40.747502],[-73.982129,40.747402],[-73.981429,40.747102],[-73.981339,40.747072],[-73.981249,40.747032],[-73.980929,40.746892],[-73.980847,40.746858],[-73.980109,40.746552],[-73.979719,40.746392],[-73.979239,40.746192],[-73.978969,40.746082],[-73.978109,40.745722],[-73.977654,40.745522],[-73.977359,40.745392],[-73.97604,40.744841],[-73.975899,40.744782],[-73.975229,40.744502],[-73.974469,40.744172],[-73.973681,40.743844],[-73.973509,40.743772],[-73.973009,40.743562],[-73.972729,40.743452],[-73.972209,40.743232],[-73.972159,40.743222],[-73.972109,40.743202],[-73.972059,40.743182],[-73.971979,40.743192],[-73.971849,40.743212],[-73.97175,40.743353]]]}},{"type":"Feature","properties":{"route":"M34+","mta_route":"M34+","direction":"E","shape_id":"M340021"},"geometry":{"type":"MultiLineString","coordinates":[[[-74.003615,40.756476],[-74.003339,40.756362],[-74.002939,40.756192],[-74.002599,40.756052],[-74.002009,40.755812],[-74.001861,40.755749],[-74.001399,40.755552],[-74.001049,40.755402],[-74.000499,40.755162],[-73.999309,40.754662],[-73.999149,40.754592],[-73.998879,40.754462],[-73.998727,40.754399],[-73.998349,40.754242],[-73.998279,40.754212],[-73.998219,40.754192],[-73.998139,40.754152],[-73.997609,40.753932],[-73.997209,40.753762],[-73.996939,40.753652],[-73.996709,40.753552],[-73.996319,40.753392],[-73.995806,40.753174],[-73.994719,40.752712],[-73.993459,40.752182],[-73.993238,40.752089],[-73.992939,40.751962],[-73.991939,40.751532],[-73.991769,40.751462],[-73.991449,40.751332],[-73.991249,40.751252],[-73.990876,40.751094],[-73.990589,40.750972],[-73.990039,40.750732],[-73.989659,40.750572],[-73.989329,40.750432],[-73.988799,40.750212],[-73.988629,40.750142],[-73.988469,40.750072],[-73.987919,40.749842],[-73.987789,40.749782],[-73.987569,40.749693],[-73.987319,40.749592],[-73.987069,40.749482],[-73.986799,40.749372],[-73.986419,40.749212],[-73.985609,40.748872],[-73.985259,40.748722],[-73.984799,40.748532],[-73.984559,40.748432],[-73.984349,40.748342],[-73.984101,40.748237],[-73.984089,40.748232],[-73.983719,40.748072],[-73.982959,40.747762],[-73.982359,40.747502],[-73.982129,40.747402],[-73.981429,40.747102],[-73.981339,40.747072],[-73.981249,40.747032],[-73.980929,40.746892],[-73.980847,40.746858],[-73.980109,40.746552],[-73.979719,40.746392],[-73.979239,40.746192],[-73.978969,40.746082],[-73.978109,40.745722],[-73.977654,40.745522],[-73.977359,40.745392],[-73.97604,40.744841],[-73.975899,40.744782],[-73.976189,40.744382],[-73.976389,40.744102],[-73.976829,40.743492],[-73.977279,40.742872],[-73.977729,40.742252],[-73.977789,40.742162],[-73.978179,40.741642],[-73.97858,40.741089],[-73.978629,40.741022],[-73.979069,40.740402],[-73.979529,40.739782],[-73.979989,40.739172],[-73.980239,40.738822],[-73.980439,40.738542],[-73.980599,40.738292],[-73.980869,40.737882],[-73.980505,40.737731],[-73.979519,40.737322],[-73.978559,40.736892],[-73.97821,40.736737],[-73.978039,40.736662],[-73.977129,40.736282],[-73.976589,40.736062],[-73.976309,40.735952],[-73.975769,40.735722],[-73.975343,40.735544],[-73.975099,40.735442],[-73.974979,40.735402],[-73.974799,40.735342],[-73.974639,40.735342],[-73.974639,40.735452],[-73.974669,40.735562],[-73.974649,40.735662],[-73.974529,40.736102],[-73.974509,40.736262],[-73.974499,40.736602],[-73.974459,40.736712],[-73.974429,40.736792],[-73.974389,40.736862],[-73.974279,40.737042],[-73.974119,40.737312],[-73.973919,40.737572],[-73.973913,40.73758]]]}},{"type":"Feature","properties":{"route":"M34+","mta_route":"M34+","direction":"W","shape_id":"M340018"},"geometry":{"type":"MultiLineString","coordinates":[[[-73.971659,40.743483],[-73.971449,40.743782],[-73.971569,40.743822],[-73.971609,40.743842],[-73.971839,40.743502],[-73.972059,40.743182],[-73.972109,40.743202],[-73.972159,40.743222],[-73.972209,40.743232],[-73.972729,40.743452],[-73.973009,40.743562],[-73.973509,40.743772],[-73.973971,40.743964],[-73.974469,40.744172],[-73.975229,40.744502],[-73.975899,40.744782],[-73.976323,40.744959],[-73.977359,40.745392],[-73.978109,40.745722],[-73.978665,40.745955],[-73.978969,40.746082],[-73.979239,40.746192],[-73.979719,40.746392],[-73.980109,40.746552],[-73.980929,40.746892],[-73.981249,40.747032],[-73.981339,40.747072],[-73.981429,40.747102],[-73.981593,40.747172],[-73.982129,40.747402],[-73.982359,40.747502],[-73.982959,40.747762],[-73.983719,40.748072],[-73.984089,40.748232],[-73.984349,40.748342],[-73.984381,40.748356],[-73.984559,40.748432],[-73.984799,40.748532],[-73.985259,40.748722],[-73.985609,40.748872],[-73.986419,40.749212],[-73.986799,40.749372],[-73.987069,40.749482],[-73.987319,40.749592],[-73.987789,40.749782],[-73.987919,40.749842],[-73.988097,40.749916],[-73.988469,40.750072],[-73.988629,40.750142],[-73.988799,40.750212],[-73.989329,40.750432],[-73.989659,40.750572],[-73.990039,40.750732],[-73.990589,40.750972],[-73.991079,40.75118],[-73.991249,40.751252],[-73.991449,40.751332],[-73.991769,40.751462],[-73.991939,40.751532],[-73.992939,40.751962],[-73.993459,40.752182],[-73.993624,40.752251],[-73.994719,40.752712],[-73.996093,40.753296],[-73.996319,40.753392],[-73.996709,40.753552],[-73.996939,40.753652],[-73.997209,40.753762],[-73.997609,40.753932],[-73.998139,40.754152],[-73.998219,40.754192],[-73.998279,40.754212],[-73.998349,40.754242],[-73.998541,40.754322],[-73.998879,40.754462],[-73.999149,40.754592],[-73.999309,40.754662],[-74.000499,40.755162],[-74.000841,40.755311],[-74.001049,40.755402],[-74.001399,40.755552],[-74.002009,40.755812],[-74.002139,40.755611],[-74.002469,40.755102],[-74.005019,40.756182],[-74.005109,40.756222],[-74.005149,40.756242],[-74.005289,40.756302],[-74.005229,40.756392],[-74.004809,40.756972],[-74.004569,40.756872],[-74.004279,40.756752],[-74.003992,40.756633]]]}},{"type":"Feature","properties":{"route":"M34+","mta_route":"M34+","direction":"W","shape_id":"M340019"},"geometry":{"type":"MultiLineString","coordinates":[[[-73.973507,40.738084],[-73.973479,40.738112],[-73.973339,40.738282],[-73.973129,40.738632],[-73.972969,40.738892],[-73.972999,40.739112],[-73.972978,40.739165],[-73.972929,40.739292],[-73.972909,40.739332],[-73.972819,40.739582],[-73.972699,40.739992],[-73.972579,40.740502],[-73.972429,40.741112],[-73.972369,40.741402],[-73.972369,40.741522],[-73.972389,40.741632],[-73.972419,40.741722],[-73.972459,40.741862],[-73.972469,40.741962],[-73.972449,40.742132],[-73.972399,40.742322],[-73.972329,40.742552],[-73.972279,40.742672],[-73.972089,40.743122],[-73.972059,40.743182],[-73.972109,40.743202],[-73.972159,40.743222],[-73.972209,40.743232],[-73.972729,40.743452],[-73.973009,40.743562],[-73.973509,40.743772],[-73.973971,40.743964],[-73.974469,40.744172],[-73.975229,40.744502],[-73.975899,40.744782],[-73.976323,40.744959],[-73.977359,40.745392],[-73.978109,40.745722],[-73.978665,40.745955],[-73.978969,40.746082],[-73.979239,40.746192],[-73.979719,40.746392],[-73.980109,40.746552],[-73.980929,40.746892],[-73.981249,40.747032],[-73.981339,40.747072],[-73.981429,40.747102],[-73.981593,40.747172],[-73.982129,40.747402],[-73.982359,40.747502],[-73.982959,40.747762],[-73.983719,40.748072],[-73.984089,40.748232],[-73.984349,40.748342],[-73.984381,40.748356],[-73.984559,40.748432],[-73.984799,40.748532],[-73.985259,40.748722],[-73.985609,40.748872],[-73.986419,40.749212],[-73.986799,40.749372],[-73.987069,40.749482],[-73.987319,40.749592],[-73.987789,40.749782],[-73.987919,40.749842],[-73.988097,40.749916],[-73.988469,40.750072],[-73.988629,40.750142],[-73.988799,40.750212],[-73.989329,40.750432],[-73.989659,40.750572],[-73.990039,40.750732],[-73.990589,40.750972],[-73.991079,40.75118],[-73.991249,40.751252],[-73.991449,40.751332],[-73.991769,40.751462],[-73.991939,40.751532],[-73.992939,40.751962],[-73.993459,40.752182],[-73.993624,40.752251],[-73.994719,40.752712],[-73.996093,40.753296],[-73.996319,40.753392],[-73.996709,40.753552],[-73.996939,40.753652],[-73.997209,40.753762],[-73.997609,40.753932],[-73.998139,40.754152],[-73.998219,40.754192],[-73.998279,40.754212],[-73.998349,40.754242],[-73.998541,40.754322],[-73.998879,40.754462],[-73.999149,40.754592],[-73.999309,40.754662],[-74.000499,40.755162],[-74.000841,40.755311],[-74.001049,40.755402],[-74.001399,40.755552],[-74.002009,40.755812],[-74.002139,40.755611],[-74.002469,40.755102],[-74.005019,40.756182],[-74.005109,40.756222],[-74.005149,40.756242],[-74.005289,40.756302],[-74.005229,40.756392],[-74.004809,40.756972],[-74.004569,40.756872],[-74.004279,40.756752],[-74.003992,40.756633]]]}},{"type":"Feature","properties":{"route":"M34+","mta_route":"M34A+","direction":"E","shape_id":"M34A0070"},"geometry":{"type":"MultiLineString","coordinates":[[[-73.992562,40.758541],[-73.992649,40.758422],[-73.993089,40.757802],[-73.993239,40.757612],[-73.993339,40.757472],[-73.993399,40.757392],[-73.993579,40.757132],[-73.993755,40.75688],[-73.993789,40.756832],[-73.994019,40.756522],[-73.994239,40.756212],[-73.994459,40.755902],[-73.994689,40.755592],[-73.994919,40.755282],[-73.995059,40.755082],[-73.995189,40.754892],[-73.995269,40.754792],[-73.995359,40.754672],[-73.995669,40.754272],[-73.995829,40.754062],[-73.996319,40.753392],[-73.995806,40.753174],[-73.994719,40.752712],[-73.993459,40.752182],[-73.993238,40.752089],[-73.992939,40.751962],[-73.991939,40.751532],[-73.991769,40.751462],[-73.991449,40.751332],[-73.991249,40.751252],[-73.990876,40.751094],[-73.990589,40.750972],[-73.990039,40.750732],[-73.989659,40.750572],[-73.989329,40.750432],[-73.988799,40.750212],[-73.988629,40.750142],[-73.988469,40.750072],[-73.987919,40.749842],[-73.987789,40.749782],[-73.987569,40.749693],[-73.987319,40.749592],[-73.987069,40.749482],[-73.986799,40.749372],[-73.986419,40.749212],[-73.985609,40.748872],[-73.985259,40.748722],[-73.984799,40.748532],[-73.984559,40.748432],[-73.984349,40.748342],[-73.984101,40.748237],[-73.984089,40.748232],[-73.983719,40.748072],[-73.982959,40.747762],[-73.982359,40.747502],[-73.982129,40.747402],[-73.981429,40.747102],[-73.981339,40.747072],[-73.981249,40.747032],[-73.980929,40.746892],[-73.980847,40.746858],[-73.980109,40.746552],[-73.979719,40.746392],[-73.979239,40.746192],[-73.978969,40.746082],[-73.978109,40.745722],[-73.977654,40.745522],[-73.977359,40.745392],[-73.97604,40.744841],[-73.975899,40.744782],[-73.976189,40.744382],[-73.976389,40.744102],[-73.976829,40.743492],[-73.977279,40.742872],[-73.977729,40.742252],[-73.977789,40.742162],[-73.978179,40.741642],[-73.97858,40.741089],[-73.978629,40.741022],[-73.979069,40.740402],[-73.979529,40.739782],[-73.979989,40.739172],[-73.980239,40.738822],[-73.980439,40.738542],[-73.980599,40.738292],[-73.980869,40.737882],[-73.980505,40.737731],[-73.979519,40.737322],[-73.978559,40.736892],[-73.97821,40.736737],[-73.978039,40.736662],[-73.977129,40.736282],[-73.976589,40.736062],[-73.976309,40.735952],[-73.975769,40.735722],[-73.975343,40.735544],[-73.975099,40.735442],[-73.974979,40.735402],[-73.974799,40.735342],[-73.974639,40.735342],[-73.974639,40.735452],[-73.974669,40.735562],[-73.974649,40.735662],[-73.974529,40.736102],[-73.974509,40.736262],[-73.974499,40.736602],[-73.974459,40.736712],[-73.974429,40.736792],[-73.974389,40.736862],[-73.974279,40.737042],[-73.974119,40.737312],[-73.973919,40.737572],[-73.973913,40.73758]]]}},{"type":"Feature","properties":{"route":"M34+","mta_route":"M34A+","direction":"E","shape_id":"M34A0071"},"geometry":{"type":"MultiLineString","coordinates":[[[-73.992562,40.758541],[-73.992649,40.758422],[-73.993089,40.757802],[-73.993239,40.757612],[-73.993339,40.757472],[-73.993399,40.757392],[-73.993579,40.757132],[-73.993755,40.75688],[-73.993789,40.756832],[-73.994019,40.756522],[-73.994239,40.756212],[-73.994459,40.755902],[-73.994689,40.755592],[-73.994919,40.755282],[-73.995059,40.755082],[-73.995189,40.754892],[-73.995269,40.754792],[-73.995359,40.754672],[-73.995669,40.754272],[-73.995829,40.754062],[-73.996319,40.753392],[-73.995806,40.753174],[-73.994719,40.752712],[-73.993459,40.752182],[-73.993238,40.752089],[-73.992939,40.751962],[-73.991939,40.751532],[-73.991769,40.751462],[-73.991449,40.751332],[-73.991249,40.751252],[-73.990876,40.751094],[-73.990589,40.750972],[-73.990039,40.750732],[-73.989659,40.750572],[-73.989329,40.750432],[-73.988799,40.750212],[-73.988629,40.750142],[-73.988469,40.750072],[-73.987919,40.749842],[-73.987789,40.749782],[-73.987569,40.749693],[-73.987319,40.749592],[-73.987069,40.749482],[-73.986799,40.749372],[-73.986419,40.749212],[-73.985609,40.748872],[-73.985259,40.748722],[-73.984799,40.748532],[-73.984559,40.748432],[-73.984349,40.748342],[-73.984101,40.748237],[-73.984089,40.748232],[-73.983719,40.748072],[-73.982959,40.747762],[-73.982359,40.747502],[-73.982129,40.747402],[-73.981429,40.747102],[-73.981339,40.747072],[-73.981249,40.747032],[-73.980929,40.746892],[-73.980847,40.746858],[-73.980109,40.746552],[-73.979719,40.746392],[-73.979239,40.746192],[-73.978969,40.746082],[-73.978109,40.745722],[-73.977654,40.745522],[-73.977359,40.745392],[-73.97604,40.744841],[-73.975899,40.744782],[-73.976189,40.744382],[-73.976389,40.744102],[-73.976829,40.743492],[-73.977279,40.742872],[-73.977729,40.742252],[-73.977789,40.742162],[-73.978179,40.741642],[-73.97858,40.741089],[-73.978629,40.741022],[-73.979069,40.740402],[-73.979529,40.739782],[-73.979989,40.739172],[-73.980239,40.738822],[-73.980439,40.738542],[-73.980599,40.738292],[-73.980869,40.737882],[-73.980505,40.737731],[-73.979519,40.737322],[-73.978559,40.736892],[-73.97821,40.736737],[-73.978039,40.736662],[-73.977129,40.736282],[-73.976589,40.736062],[-73.976309,40.735952],[-73.975769,40.735722],[-73.975343,40.735544],[-73.975099,40.735442],[-73.974979,40.735402],[-73.974799,40.735342],[-73.974639,40.735342],[-73.974639,40.735452],[-73.974669,40.735562],[-73.974649,40.735662],[-73.974529,40.736102],[-73.974509,40.736262],[-73.974499,40.736602],[-73.974459,40.736712],[-73.974429,40.736792],[-73.974389,40.736862],[-73.974279,40.737042],[-73.974119,40.737312],[-73.973919,40.737572],[-73.973913,40.73758]]]}},{"type":"Feature","properties":{"route":"M34+","mta_route":"M34A+","direction":"W","shape_id":"M34A0063"},"geometry":{"type":"MultiLineString","coordinates":[[[-73.973507,40.738084],[-73.973479,40.738112],[-73.973339,40.738282],[-73.973129,40.738632],[-73.972969,40.738892],[-73.972999,40.739112],[-73.972978,40.739165],[-73.972929,40.739292],[-73.972909,40.739332],[-73.972819,40.739582],[-73.972699,40.739992],[-73.972579,40.740502],[-73.972429,40.741112],[-73.972369,40.741402],[-73.972369,40.741522],[-73.972389,40.741632],[-73.972419,40.741722],[-73.972459,40.741862],[-73.972469,40.741962],[-73.972449,40.742132],[-73.972399,40.742322],[-73.972329,40.742552],[-73.972279,40.742672],[-73.972089,40.743122],[-73.972059,40.743182],[-73.972109,40.743202],[-73.972159,40.743222],[-73.972209,40.743232],[-73.972729,40.743452],[-73.973009,40.743562],[-73.973509,40.743772],[-73.973971,40.743964],[-73.974469,40.744172],[-73.975229,40.744502],[-73.975899,40.744782],[-73.976323,40.744959],[-73.977359,40.745392],[-73.978109,40.745722],[-73.978665,40.745955],[-73.978969,40.746082],[-73.979239,40.746192],[-73.979719,40.746392],[-73.980109,40.746552],[-73.980929,40.746892],[-73.981249,40.747032],[-73.981339,40.747072],[-73.981429,40.747102],[-73.981593,40.747172],[-73.982129,40.747402],[-73.982359,40.747502],[-73.982959,40.747762],[-73.983719,40.748072],[-73.984089,40.748232],[-73.984349,40.748342],[-73.984381,40.748356],[-73.984559,40.748432],[-73.984799,40.748532],[-73.985259,40.748722],[-73.985609,40.748872],[-73.986419,40.749212],[-73.986799,40.749372],[-73.987069,40.749482],[-73.987319,40.749592],[-73.987789,40.749782],[-73.987919,40.749842],[-73.988097,40.749916],[-73.988469,40.750072],[-73.988629,40.750142],[-73.988799,40.750212],[-73.989329,40.750432],[-73.989659,40.750572],[-73.990039,40.750732],[-73.990589,40.750972],[-73.991079,40.75118],[-73.991249,40.751252],[-73.991449,40.751332],[-73.991769,40.751462],[-73.991939,40.751532],[-73.992939,40.751962],[-73.993459,40.752182],[-73.993328,40.752358],[-73.993199,40.752532],[-73.992979,40.752842],[-73.992519,40.753472],[-73.992136,40.754002],[-73.992079,40.754082],[-73.991629,40.754702],[-73.991179,40.755322],[-73.990719,40.755942],[-73.990472,40.756287],[-73.990269,40.756572],[-73.990039,40.756892],[-73.989799,40.757212],[-73.989299,40.757882],[-73.989959,40.75817],[-73.990719,40.758502],[-73.991207,40.758705]]]}},{"type":"Feature","properties":{"route":"M4","mta_route":"M4","direction":"N","shape_id":"M040916"},"geometry":{"type":"MultiLineString","coordinates":[[[-73.950298,40.797327],[-73.950979,40.797612]],[[-73.950979,40.797612],[-73.952289,40.798162]],[[-73.952289,40.798162],[-73.952379,40.798202]],[[-73.952379,40.798202],[-73.952559,40.798282]],[[-73.952559,40.798282],[-73.952629,40.798312]],[[-73.952629,40.798312],[-73.952654,40.798322]],[[-73.952654,40.798322],[-73.955006,40.799311]],[[-73.955006,40.799311],[-73.955199,40.799392]],[[-73.955199,40.799392],[-73.955369,40.799462]],[[-73.955369,40.799462],[-73.955529,40.799522]],[[-73.955529,40.799522],[-73.957879,40.800482]],[[-73.957879,40.800482],[-73.957859,40.800572]],[[-73.957859,40.800572],[-73.957869,40.800632]],[[-73.957869,40.800632],[-73.957899,40.800692]],[[-73.957899,40.800692],[-73.957929,40.800732]],[[-73.957929,40.800732],[-73.958019,40.800782]],[[-73.958019,40.800782],[-73.958109,40.800812]],[[-73.958109,40.800812],[-73.958219,40.800812]],[[-73.958219,40.800812],[-73.958309,40.800792]],[[-73.958309,40.800792],[-73.958389,40.800752]],[[-73.958389,40.800752],[-73.958449,40.800692]],[[-73.958449,40.800692],[-73.958524,40.80072]],[[-73.958524,40.80072],[-73.960035,40.801313]],[[-73.960035,40.801313],[-73.961453,40.801938]],[[-73.961453,40.801938],[-73.964265,40.803141]],[[-73.964265,40.803141],[-73.966297,40.803992]],[[-73.966297,40.803992],[-73.966609,40.804122]],[[-73.966609,40.804122],[-73.966129,40.804772]],[[-73.966129,40.804772],[-73.965669,40.805412]],[[-73.965669,40.805412],[-73.965199,40.806032]],[[-73.965199,40.806032],[-73.965017,40.806284]],[[-73.965017,40.806284],[-73.963852,40.807911]],[[-73.963852,40.807911],[-73.962045,40.810368]],[[-73.962045,40.810368],[-73.96079,40.812057]],[[-73.96079,40.812057],[-73.960529,40.812402]],[[-73.960529,40.812402],[-73.959559,40.813722]],[[-73.959559,40.813722],[-73.959366,40.813995]],[[-73.959366,40.813995],[-73.958969,40.814562]],[[-73.958969,40.814562],[-73.958685,40.814962]],[[-73.958685,40.814962],[-73.958629,40.815042]],[[-73.958629,40.815042],[-73.958229,40.815602]],[[-73.958229,40.815602],[-73.957859,40.816092]],[[-73.957859,40.816092],[-73.957709,40.816272]],[[-73.957709,40.816272],[-73.957359,40.816762]],[[-73.957359,40.816762],[-73.957279,40.816882]],[[-73.957279,40.816882],[-73.956942,40.817359]],[[-73.956942,40.817359],[-73.956069,40.818551]],[[-73.956069,40.818551],[-73.955919,40.818752]],[[-73.955919,40.818752],[-73.955859,40.818832]],[[-73.955859,40.818832],[-73.955449,40.819372]],[[-73.955449,40.819372],[-73.954979,40.820052]],[[-73.954979,40.820052],[-73.954668,40.820476]],[[-73.954668,40.820476],[-73.954489,40.820722]],[[-73.954489,40.820722],[-73.954409,40.820822]],[[-73.954409,40.820822],[-73.954089,40.821271]],[[-73.954089,40.821271],[-73.952938,40.822843]],[[-73.952938,40.822843],[-73.952021,40.82411]],[[-73.952021,40.82411],[-73.951112,40.825338]],[[-73.951112,40.825338],[-73.950046,40.826824]],[[-73.950046,40.826824],[-73.949211,40.827945]],[[-73.949211,40.827945],[-73.94831,40.829196]],[[-73.94831,40.829196],[-73.947395,40.830445]],[[-73.947395,40.830445],[-73.946452,40.831726]],[[-73.946452,40.831726],[-73.945503,40.833017]],[[-73.945503,40.833017],[-73.944586,40.834286]],[[-73.944586,40.834286],[-73.943672,40.835547]],[[-73.943672,40.835547],[-73.942765,40.836767]],[[-73.942765,40.836767],[-73.941836,40.838033]],[[-73.941836,40.838033],[-73.941579,40.838372]],[[-73.941579,40.838372],[-73.941039,40.839112]],[[-73.941039,40.839112],[-73.941219,40.839202]],[[-73.941219,40.839202],[-73.942179,40.839712]],[[-73.942179,40.839712],[-73.943069,40.840182]],[[-73.943069,40.840182],[-73.942839,40.840762]],[[-73.942839,40.840762],[-73.942489,40.841602]],[[-73.942489,40.841602],[-73.942433,40.841744]],[[-73.942433,40.841744],[-73.942161,40.842425]],[[-73.942161,40.842425],[-73.942079,40.842622]],[[-73.942079,40.842622],[-73.942009,40.842802]],[[-73.942009,40.842802],[-73.941899,40.843072]],[[-73.941899,40.843072],[-73.941639,40.843432]],[[-73.941639,40.843432],[-73.941139,40.844042]],[[-73.941139,40.844042],[-73.940942,40.844342]],[[-73.940942,40.844342],[-73.940367,40.845716]],[[-73.940367,40.845716],[-73.939912,40.846841]],[[-73.939912,40.846841],[-73.939849,40.846992]],[[-73.939849,40.846992],[-73.939779,40.847202]],[[-73.939779,40.847202],[-73.939519,40.847832]],[[-73.939519,40.847832],[-73.939489,40.847922]],[[-73.939489,40.847922],[-73.939399,40.848192]],[[-73.939399,40.848192],[-73.939249,40.848662]],[[-73.939249,40.848662],[-73.939179,40.848852]],[[-73.939179,40.848852],[-73.939139,40.848942]],[[-73.939139,40.848942],[-73.939059,40.849092]],[[-73.939059,40.849092],[-73.939019,40.849162]],[[-73.939019,40.849162],[-73.938975,40.849243]],[[-73.938975,40.849243],[-73.938949,40.849292]],[[-73.938949,40.849292],[-73.938779,40.849682]],[[-73.938779,40.849682],[-73.938649,40.849982]],[[-73.938649,40.849982],[-73.938279,40.850902]],[[-73.938279,40.850902],[-73.93816,40.85122]],[[-73.93816,40.85122],[-73.937723,40.852409]],[[-73.937723,40.852409],[-73.937338,40.853652]],[[-73.937338,40.853652],[-73.936886,40.855098]],[[-73.936886,40.855098],[-73.936789,40.855422]],[[-73.936789,40.855422],[-73.936639,40.855702]],[[-73.936639,40.855702],[-73.935599,40.857102]],[[-73.935599,40.857102],[-73.935404,40.857365]],[[-73.935404,40.857365],[-73.934619,40.858422]],[[-73.934619,40.858422],[-73.934459,40.858672]],[[-73.934459,40.858672],[-73.934176,40.859141]],[[-73.934176,40.859141],[-73.934139,40.859202]],[[-73.934139,40.859202],[-73.934029,40.859212]],[[-73.934029,40.859212],[-73.933939,40.859262]],[[-73.933939,40.859262],[-73.933899,40.859332]],[[-73.933899,40.859332],[-73.933909,40.859422]],[[-73.933909,40.859422],[-73.933979,40.859472]],[[-73.933979,40.859472],[-73.934069,40.859492]],[[-73.934069,40.859492],[-73.934169,40.859492]],[[-73.934169,40.859492],[-73.934269,40.859442]],[[-73.934269,40.859442],[-73.934309,40.859382]],[[-73.934309,40.859382],[-73.934289,40.859302]],[[-73.934289,40.859302],[-73.934229,40.859232]],[[-73.934229,40.859232],[-73.934139,40.859202]],[[-73.934139,40.859202],[-73.934231,40.859049]]]}},{"type":"Feature","properties":{"route":"M4","mta_route":"M4","direction":"N","shape_id":"M040917"},"geometry":{"type":"MultiLineString","coordinates":[[[-73.954489,40.820722],[-73.954409,40.820822]],[[-73.954409,40.820822],[-73.954089,40.821271]],[[-73.954089,40.821271],[-73.952938,40.822843]],[[-73.952938,40.822843],[-73.952021,40.82411]],[[-73.952021,40.82411],[-73.951112,40.825338]],[[-73.951112,40.825338],[-73.950046,40.826824]],[[-73.950046,40.826824],[-73.949211,40.827945]],[[-73.949211,40.827945],[-73.94831,40.829196]],[[-73.94831,40.829196],[-73.947395,40.830445]],[[-73.947395,40.830445],[-73.946452,40.831726]],[[-73.946452,40.831726],[-73.945503,40.833017]],[[-73.945503,40.833017],[-73.944586,40.834286]],[[-73.944586,40.834286],[-73.943672,40.835547]],[[-73.943672,40.835547],[-73.942765,40.836767]],[[-73.942765,40.836767],[-73.941836,40.838033]],[[-73.941836,40.838033],[-73.941579,40.838372]],[[-73.941579,40.838372],[-73.941039,40.839112]],[[-73.941039,40.839112],[-73.941219,40.839202]],[[-73.941219,40.839202],[-73.942179,40.839712]],[[-73.942179,40.839712],[-73.943069,40.840182]],[[-73.943069,40.840182],[-73.942839,40.840762]],[[-73.942839,40.840762],[-73.942489,40.841602]],[[-73.942489,40.841602],[-73.942433,40.841744]],[[-73.942433,40.841744],[-73.942161,40.842425]],[[-73.942161,40.842425],[-73.942079,40.842622]],[[-73.942079,40.842622],[-73.942009,40.842802]],[[-73.942009,40.842802],[-73.941899,40.843072]],[[-73.941899,40.843072],[-73.941639,40.843432]],[[-73.941639,40.843432],[-73.941139,40.844042]],[[-73.941139,40.844042],[-73.940942,40.844342]],[[-73.940942,40.844342],[-73.940367,40.845716]],[[-73.940367,40.845716],[-73.939912,40.846841]],[[-73.939912,40.846841],[-73.939849,40.846992]],[[-73.939849,40.846992],[-73.939779,40.847202]],[[-73.939779,40.847202],[-73.939519,40.847832]],[[-73.939519,40.847832],[-73.939489,40.847922]],[[-73.939489,40.847922],[-73.939399,40.848192]],[[-73.939399,40.848192],[-73.939249,40.848662]],[[-73.939249,40.848662],[-73.939179,40.848852]],[[-73.939179,40.848852],[-73.939139,40.848942]],[[-73.939139,40.848942],[-73.939059,40.849092]],[[-73.939059,40.849092],[-73.939019,40.849162]],[[-73.939019,40.849162],[-73.938975,40.849243]],[[-73.938975,40.849243],[-73.938949,40.849292]],[[-73.938949,40.849292],[-73.938779,40.849682]],[[-73.938779,40.849682],[-73.938649,40.849982]],[[-73.938649,40.849982],[-73.938279,40.850902]],[[-73.938279,40.850902],[-73.93816,40.85122]],[[-73.93816,40.85122],[-73.937723,40.852409]],[[-73.937723,40.852409],[-73.937338,40.853652]],[[-73.937338,40.853652],[-73.936886,40.855098]],[[-73.936886,40.855098],[-73.936789,40.855422]],[[-73.936789,40.855422],[-73.936639,40.855702]],[[-73.936639,40.855702],[-73.935599,40.857102]],[[-73.935599,40.857102],[-73.935404,40.857365]],[[-73.935404,40.857365],[-73.934619,40.858422]],[[-73.934619,40.858422],[-73.934459,40.858672]],[[-73.934459,40.858672],[-73.934176,40.859141]],[[-73.934176,40.859141],[-73.934139,40.859202]],[[-73.934139,40.859202],[-73.934029,40.859212]],[[-73.934029,40.859212],[-73.933939,40.859262]],[[-73.933939,40.859262],[-73.933899,40.859332]],[[-73.933899,40.859332],[-73.933909,40.859422]],[[-73.933909,40.859422],[-73.933979,40.859472]],[[-73.933979,40.859472],[-73.934069,40.859492]],[[-73.934069,40.859492],[-73.934169,40.859492]],[[-73.934169,40.859492],[-73.934269,40.859442]],[[-73.934269,40.859442],[-73.934309,40.859382]],[[-73.934309,40.859382],[-73.934289,40.859302]],[[-73.934289,40.859302],[-73.934229,40.859232]],[[-73.934229,40.859232],[-73.934139,40.859202]],[[-73.934139,40.859202],[-73.934231,40.859049]],[[-73.954668,40.820476],[-73.954489,40.820722]]]}},{"type":"Feature","properties":{"route":"M4","mta_route":"M4","direction":"N","shape_id":"M040918"},"geometry":{"type":"MultiLineString","coordinates":[[[-73.983669,40.746781],[-73.983439,40.747092]],[[-73.983439,40.747092],[-73.982959,40.747762]],[[-73.982959,40.747762],[-73.982514,40.748361]],[[-73.982514,40.748361],[-73.982469,40.748422]],[[-73.982469,40.748422],[-73.982019,40.749042]],[[-73.982019,40.749042],[-73.981569,40.749662]],[[-73.981569,40.749662],[-73.981193,40.750172]],[[-73.981193,40.750172],[-73.981119,40.750272]],[[-73.981119,40.750272],[-73.980669,40.750902]],[[-73.980669,40.750902],[-73.980219,40.751512]],[[-73.980219,40.751512],[-73.980013,40.751795]],[[-73.980013,40.751795],[-73.979769,40.752132]],[[-73.979769,40.752132],[-73.979609,40.752352]],[[-73.979609,40.752352],[-73.979479,40.752542]],[[-73.979479,40.752542],[-73.979269,40.752822]],[[-73.979269,40.752822],[-73.97885,40.753377]],[[-73.97885,40.753377],[-73.978779,40.753472]],[[-73.978779,40.753472],[-73.978399,40.754002]],[[-73.978399,40.754002],[-73.978359,40.754052]],[[-73.978359,40.754052],[-73.978329,40.754092]],[[-73.978329,40.754092],[-73.977869,40.754722]],[[-73.977869,40.754722],[-73.977476,40.755263]],[[-73.977476,40.755263],[-73.977419,40.755342]],[[-73.977419,40.755342],[-73.976959,40.755972]],[[-73.976959,40.755972],[-73.976777,40.756216]],[[-73.976777,40.756216],[-73.976499,40.756592]],[[-73.976499,40.756592],[-73.976239,40.756972]],[[-73.976239,40.756972],[-73.976049,40.757222]],[[-73.976049,40.757222],[-73.975883,40.757454]],[[-73.975883,40.757454],[-73.975599,40.757852]],[[-73.975599,40.757852],[-73.975129,40.758482]],[[-73.975129,40.758482],[-73.975069,40.758562]],[[-73.975069,40.758562],[-73.974679,40.759092]],[[-73.974679,40.759092],[-73.974219,40.759732]],[[-73.974219,40.759732],[-73.973769,40.760352]],[[-73.973769,40.760352],[-73.973299,40.760982]],[[-73.973299,40.760982],[-73.972991,40.761406]],[[-73.972991,40.761406],[-73.972849,40.761602]],[[-73.972849,40.761602],[-73.972359,40.762282]],[[-73.972359,40.762282],[-73.972039,40.762719]],[[-73.972039,40.762719],[-73.971869,40.762952]],[[-73.971869,40.762952],[-73.971409,40.763582]],[[-73.971409,40.763582],[-73.970949,40.764212]],[[-73.970949,40.764212],[-73.970667,40.764599]],[[-73.970667,40.764599],[-73.970499,40.764832]],[[-73.970499,40.764832],[-73.970039,40.765462]],[[-73.970039,40.765462],[-73.969579,40.766082]],[[-73.969579,40.766082],[-73.969416,40.76631]],[[-73.969416,40.76631],[-73.969129,40.766712]],[[-73.969129,40.766712],[-73.968669,40.767342]],[[-73.968669,40.767342],[-73.968274,40.767874]],[[-73.968274,40.767874],[-73.968209,40.767962]],[[-73.968209,40.767962],[-73.967759,40.768592]],[[-73.967759,40.768592],[-73.967569,40.768849]],[[-73.967569,40.768849],[-73.967399,40.769082]],[[-73.967399,40.769082],[-73.967309,40.769212]],[[-73.967309,40.769212],[-73.966849,40.769842]],[[-73.966849,40.769842],[-73.966618,40.770152]],[[-73.966618,40.770152],[-73.966389,40.770462]],[[-73.966389,40.770462],[-73.965939,40.771092]],[[-73.965939,40.771092],[-73.965429,40.771772]],[[-73.965429,40.771772],[-73.965139,40.772166]],[[-73.965139,40.772166],[-73.964929,40.772452]],[[-73.964929,40.772452],[-73.964469,40.773092]],[[-73.964469,40.773092],[-73.964192,40.773471]],[[-73.964192,40.773471],[-73.964009,40.773722]],[[-73.964009,40.773722],[-73.963549,40.774362]],[[-73.963549,40.774362],[-73.963089,40.774992]],[[-73.963089,40.774992],[-73.962826,40.775357]],[[-73.962826,40.775357],[-73.962629,40.775632]],[[-73.962629,40.775632],[-73.962129,40.776312]],[[-73.962129,40.776312],[-73.961868,40.776666]],[[-73.961868,40.776666],[-73.961629,40.776992]],[[-73.961629,40.776992],[-73.961169,40.777632]],[[-73.961169,40.777632],[-73.961139,40.777672]],[[-73.961139,40.777672],[-73.960699,40.778262]],[[-73.960699,40.778262],[-73.960292,40.778828]],[[-73.960292,40.778828],[-73.960239,40.778902]],[[-73.960239,40.778902],[-73.959769,40.779532]],[[-73.959769,40.779532],[-73.959309,40.780162]],[[-73.959309,40.780162],[-73.958809,40.780852]],[[-73.958809,40.780852],[-73.958562,40.781189]],[[-73.958562,40.781189],[-73.958319,40.781522]],[[-73.958319,40.781522],[-73.957899,40.782092]],[[-73.957899,40.782092],[-73.957859,40.782152]],[[-73.957859,40.782152],[-73.957452,40.782709]],[[-73.957452,40.782709],[-73.957399,40.782782]],[[-73.957399,40.782782],[-73.956949,40.783412]],[[-73.956949,40.783412],[-73.956489,40.784042]],[[-73.956489,40.784042],[-73.956225,40.784398]],[[-73.956225,40.784398],[-73.956029,40.784662]],[[-73.956029,40.784662],[-73.955569,40.785292]],[[-73.955569,40.785292],[-73.95529,40.785673]],[[-73.95529,40.785673],[-73.955109,40.785922]],[[-73.955109,40.785922],[-73.955049,40.786002]],[[-73.955049,40.786002],[-73.954659,40.786542]],[[-73.954659,40.786542],[-73.954589,40.786632]],[[-73.954589,40.786632],[-73.954361,40.78696]],[[-73.954361,40.78696],[-73.954179,40.787222]],[[-73.954179,40.787222],[-73.953669,40.787902]],[[-73.953669,40.787902],[-73.953263,40.788449]],[[-73.953263,40.788449],[-73.953209,40.788522]],[[-73.953209,40.788522],[-73.952749,40.789162]],[[-73.952749,40.789162],[-73.952329,40.789742]],[[-73.952329,40.789742],[-73.95189,40.790342]],[[-73.95189,40.790342],[-73.951839,40.790412]],[[-73.951839,40.790412],[-73.951379,40.791032]],[[-73.951379,40.791032],[-73.951109,40.791407]],[[-73.951109,40.791407],[-73.950919,40.791672]],[[-73.950919,40.791672],[-73.950809,40.791812]],[[-73.950809,40.791812],[-73.95053,40.792193]],[[-73.95053,40.792193],[-73.950459,40.792292]],[[-73.950459,40.792292],[-73.949999,40.792922]],[[-73.949999,40.792922],[-73.949602,40.793472]],[[-73.949602,40.793472],[-73.949509,40.793602]],[[-73.949509,40.793602],[-73.949009,40.794272]],[[-73.949009,40.794272],[-73.948783,40.794588]],[[-73.948783,40.794588],[-73.948559,40.794902]],[[-73.948559,40.794902],[-73.948099,40.795532]],[[-73.948099,40.795532],[-73.947639,40.796162]],[[-73.947639,40.796162],[-73.947899,40.796272]],[[-73.947899,40.796272],[-73.948083,40.796352]],[[-73.948083,40.796352],[-73.948869,40.796692]],[[-73.948869,40.796692],[-73.948819,40.796792]],[[-73.948819,40.796792],[-73.948819,40.796892]],[[-73.948819,40.796892],[-73.948859,40.796972]],[[-73.948859,40.796972],[-73.948959,40.797052]],[[-73.948959,40.797052],[-73.949089,40.797102]],[[-73.949089,40.797102],[-73.949209,40.797122]],[[-73.949209,40.797122],[-73.949349,40.797122]],[[-73.949349,40.797122],[-73.949509,40.797112]],[[-73.949509,40.797112],[-73.949729,40.797092]],[[-73.949729,40.797092],[-73.949879,40.797152]],[[-73.949879,40.797152],[-73.950298,40.797327]],[[-73.950298,40.797327],[-73.950979,40.797612]],[[-73.950979,40.797612],[-73.952289,40.798162]],[[-73.952289,40.798162],[-73.952379,40.798202]],[[-73.952379,40.798202],[-73.952559,40.798282]],[[-73.952559,40.798282],[-73.952629,40.798312]],[[-73.952629,40.798312],[-73.952654,40.798322]],[[-73.952654,40.798322],[-73.955006,40.799311]],[[-73.955006,40.799311],[-73.955199,40.799392]],[[-73.955199,40.799392],[-73.955369,40.799462]],[[-73.955369,40.799462],[-73.955529,40.799522]],[[-73.955529,40.799522],[-73.957879,40.800482]],[[-73.957879,40.800482],[-73.957859,40.800572]],[[-73.957859,40.800572],[-73.957869,40.800632]],[[-73.957869,40.800632],[-73.957899,40.800692]],[[-73.957899,40.800692],[-73.957929,40.800732]],[[-73.957929,40.800732],[-73.958019,40.800782]],[[-73.958019,40.800782],[-73.958109,40.800812]],[[-73.958109,40.800812],[-73.958219,40.800812]],[[-73.958219,40.800812],[-73.958309,40.800792]],[[-73.958309,40.800792],[-73.958389,40.800752]],[[-73.958389,40.800752],[-73.958449,40.800692]],[[-73.958449,40.800692],[-73.958524,40.80072]],[[-73.958524,40.80072],[-73.960035,40.801313]],[[-73.960035,40.801313],[-73.961453,40.801938]],[[-73.961453,40.801938],[-73.964265,40.803141]],[[-73.964265,40.803141],[-73.966297,40.803992]],[[-73.966297,40.803992],[-73.966609,40.804122]],[[-73.966609,40.804122],[-73.966129,40.804772]],[[-73.966129,40.804772],[-73.965669,40.805412]],[[-73.965669,40.805412],[-73.965199,40.806032]],[[-73.965199,40.806032],[-73.965017,40.806284]],[[-73.965017,40.806284],[-73.963852,40.807911]],[[-73.963852,40.807911],[-73.962045,40.810368]],[[-73.962045,40.810368],[-73.96079,40.812057]],[[-73.96079,40.812057],[-73.960529,40.812402]],[[-73.960529,40.812402],[-73.959559,40.813722]],[[-73.959559,40.813722],[-73.959366,40.813995]],[[-73.959366,40.813995],[-73.958969,40.814562]],[[-73.958969,40.814562],[-73.958685,40.814962]],[[-73.958685,40.814962],[-73.958629,40.815042]],[[-73.958629,40.815042],[-73.958229,40.815602]],[[-73.958229,40.815602],[-73.957859,40.816092]],[[-73.957859,40.816092],[-73.957709,40.816272]],[[-73.957709,40.816272],[-73.957359,40.816762]],[[-73.957359,40.816762],[-73.957279,40.816882]],[[-73.957279,40.816882],[-73.956942,40.817359]],[[-73.956942,40.817359],[-73.956069,40.818551]],[[-73.956069,40.818551],[-73.955919,40.818752]],[[-73.955919,40.818752],[-73.955859,40.818832]],[[-73.955859,40.818832],[-73.955449,40.819372]],[[-73.955449,40.819372],[-73.954979,40.820052]],[[-73.954979,40.820052],[-73.954668,40.820476]],[[-73.954668,40.820476],[-73.954489,40.820722]],[[-73.954489,40.820722],[-73.954409,40.820822]],[[-73.954409,40.820822],[-73.954089,40.821271]],[[-73.954089,40.821271],[-73.952938,40.822843]],[[-73.952938,40.822843],[-73.952021,40.82411]],[[-73.952021,40.82411],[-73.951112,40.825338]],[[-73.951112,40.825338],[-73.950046,40.826824]],[[-73.950046,40.826824],[-73.949211,40.827945]],[[-73.949211,40.827945],[-73.94831,40.829196]],[[-73.94831,40.829196],[-73.947395,40.830445]],[[-73.947395,40.830445],[-73.946452,40.831726]],[[-73.946452,40.831726],[-73.945503,40.833017]],[[-73.945503,40.833017],[-73.944586,40.834286]],[[-73.944586,40.834286],[-73.943672,40.835547]],[[-73.943672,40.835547],[-73.942765,40.836767]],[[-73.942765,40.836767],[-73.941836,40.838033]],[[-73.941836,40.838033],[-73.941579,40.838372]],[[-73.941579,40.838372],[-73.941039,40.839112]],[[-73.941039,40.839112],[-73.941219,40.839202]],[[-73.941219,40.839202],[-73.942179,40.839712]],[[-73.942179,40.839712],[-73.943069,40.840182]],[[-73.943069,40.840182],[-73.942839,40.840762]],[[-73.942839,40.840762],[-73.942489,40.841602]],[[-73.942489,40.841602],[-73.942433,40.841744]],[[-73.942433,40.841744],[-73.942161,40.842425]],[[-73.942161,40.842425],[-73.942079,40.842622]],[[-73.942079,40.842622],[-73.942009,40.842802]],[[-73.942009,40.842802],[-73.941899,40.843072]],[[-73.941899,40.843072],[-73.941639,40.843432]],[[-73.941639,40.843432],[-73.941139,40.844042]],[[-73.941139,40.844042],[-73.940942,40.844342]],[[-73.940942,40.844342],[-73.940367,40.845716]],[[-73.940367,40.845716],[-73.939912,40.846841]],[[-73.939912,40.846841],[-73.939849,40.846992]],[[-73.939849,40.846992],[-73.939779,40.847202]],[[-73.939779,40.847202],[-73.939519,40.847832]],[[-73.939519,40.847832],[-73.939489,40.847922]],[[-73.939489,40.847922],[-73.939399,40.848192]],[[-73.939399,40.848192],[-73.939249,40.848662]],[[-73.939249,40.848662],[-73.939179,40.848852]],[[-73.939179,40.848852],[-73.939139,40.848942]],[[-73.939139,40.848942],[-73.939059,40.849092]],[[-73.939059,40.849092],[-73.939019,40.849162]],[[-73.939019,40.849162],[-73.938975,40.849243]],[[-73.938975,40.849243],[-73.938949,40.849292]],[[-73.938949,40.849292],[-73.938779,40.849682]],[[-73.938779,40.849682],[-73.938649,40.849982]],[[-73.938649,40.849982],[-73.938279,40.850902]],[[-73.938279,40.850902],[-73.93816,40.85122]],[[-73.93816,40.85122],[-73.937723,40.852409]],[[-73.937723,40.852409],[-73.937338,40.853652]],[[-73.937338,40.853652],[-73.936886,40.855098]],[[-73.936886,40.855098],[-73.936789,40.855422]],[[-73.936789,40.855422],[-73.936639,40.855702]],[[-73.936639,40.855702],[-73.935599,40.857102]],[[-73.935599,40.857102],[-73.935404,40.857365]],[[-73.935404,40.857365],[-73.934619,40.858422]],[[-73.934619,40.858422],[-73.934459,40.858672]],[[-73.934459,40.858672],[-73.934176,40.859141]],[[-73.934176,40.859141],[-73.934139,40.859202]],[[-73.934139,40.859202],[-73.934029,40.859212]],[[-73.934029,40.859212],[-73.933939,40.859262]],[[-73.933939,40.859262],[-73.933899,40.859332]],[[-73.933899,40.859332],[-73.933909,40.859422]],[[-73.933909,40.859422],[-73.933399,40.859612]],[[-73.933399,40.859612],[-73.933139,40.859732]],[[-73.933139,40.859732],[-73.932909,40.859912]],[[-73.932909,40.859912],[-73.932809,40.860012]],[[-73.932809,40.860012],[-73.932729,40.860122]],[[-73.932729,40.860122],[-73.932589,40.860382]],[[-73.932589,40.860382],[-73.932539,40.860512]],[[-73.932539,40.860512],[-73.932469,40.860792]],[[-73.932469,40.860792],[-73.932429,40.861092]],[[-73.932429,40.861092],[-73.932419,40.861412]],[[-73.932419,40.861412],[-73.932449,40.861712]],[[-73.932449,40.861712],[-73.932509,40.861942]],[[-73.932509,40.861942],[-73.932749,40.862652]],[[-73.932749,40.862652],[-73.932769,40.862782]],[[-73.932769,40.862782],[-73.932769,40.862822]],[[-73.932769,40.862822],[-73.932749,40.862932]],[[-73.932749,40.862932],[-73.932709,40.863042]],[[-73.932709,40.863042],[-73.932609,40.863192]],[[-73.932609,40.863192],[-73.932499,40.863302]],[[-73.932499,40.863302],[-73.931829,40.863872]],[[-73.931829,40.863872],[-73.930949,40.864672]],[[-73.930949,40.864672],[-73.930899,40.864882]],[[-73.930899,40.864882],[-73.930899,40.865032]],[[-73.930899,40.865032],[-73.930917,40.86516]],[[-73.930917,40.86516],[-73.930919,40.865172]],[[-73.930919,40.865172],[-73.930959,40.865302]],[[-73.930959,40.865302],[-73.931019,40.865422]],[[-73.931019,40.865422],[-73.931119,40.865532]],[[-73.931119,40.865532],[-73.931249,40.865622]],[[-73.931249,40.865622],[-73.931429,40.865662]],[[-73.931429,40.865662],[-73.931659,40.865672]],[[-73.931659,40.865672],[-73.931839,40.865642]],[[-73.931839,40.865642],[-73.931999,40.865562]],[[-73.931999,40.865562],[-73.932119,40.865462]],[[-73.932119,40.865462],[-73.932229,40.865322]],[[-73.932229,40.865322],[-73.932319,40.865182]],[[-73.932319,40.865182],[-73.932389,40.865042]],[[-73.932389,40.865042],[-73.932509,40.864712]],[[-73.932509,40.864712],[-73.932589,40.864522]],[[-73.932589,40.864522],[-73.932609,40.864362]],[[-73.932609,40.864362],[-73.932609,40.864252]],[[-73.932609,40.864252],[-73.932439,40.863792]],[[-73.932439,40.863792],[-73.932419,40.863652]],[[-73.932419,40.863652],[-73.932429,40.863532]],[[-73.932429,40.863532],[-73.932499,40.863302]],[[-73.933909,40.859422],[-73.933979,40.859472]],[[-73.933979,40.859472],[-73.934069,40.859492]],[[-73.934069,40.859492],[-73.934169,40.859492]],[[-73.934169,40.859492],[-73.934269,40.859442]],[[-73.934269,40.859442],[-73.934309,40.859382]],[[-73.934309,40.859382],[-73.934289,40.859302]],[[-73.934289,40.859302],[-73.934229,40.859232]],[[-73.934229,40.859232],[-73.934139,40.859202]],[[-73.934139,40.859202],[-73.934231,40.859049]]]}},{"type":"Feature","properties":{"route":"M4","mta_route":"M4","direction":"N","shape_id":"M040921"},"geometry":{"type":"MultiLineString","coordinates":[[[-73.983669,40.746781],[-73.983439,40.747092],[-73.982959,40.747762],[-73.982514,40.748361],[-73.982469,40.748422],[-73.982019,40.749042],[-73.981569,40.749662],[-73.981193,40.750172],[-73.981119,40.750272],[-73.980669,40.750902],[-73.980219,40.751512],[-73.980013,40.751795],[-73.979769,40.752132],[-73.979609,40.752352],[-73.979479,40.752542],[-73.979269,40.752822],[-73.97885,40.753377],[-73.978779,40.753472],[-73.978399,40.754002],[-73.978359,40.754052],[-73.978329,40.754092],[-73.977869,40.754722],[-73.977476,40.755263],[-73.977419,40.755342],[-73.976959,40.755972],[-73.976777,40.756216],[-73.976499,40.756592],[-73.976239,40.756972],[-73.976049,40.757222],[-73.975883,40.757454],[-73.975599,40.757852],[-73.975129,40.758482],[-73.975069,40.758562],[-73.974679,40.759092],[-73.974219,40.759732],[-73.973769,40.760352],[-73.973299,40.760982],[-73.972991,40.761406],[-73.972849,40.761602],[-73.972359,40.762282],[-73.972039,40.762719],[-73.971869,40.762952],[-73.971409,40.763582],[-73.970949,40.764212],[-73.970667,40.764599],[-73.970499,40.764832],[-73.970039,40.765462],[-73.969579,40.766082],[-73.969416,40.76631],[-73.969129,40.766712],[-73.968669,40.767342],[-73.968274,40.767874],[-73.968209,40.767962],[-73.967759,40.768592],[-73.967569,40.768849],[-73.967399,40.769082],[-73.967309,40.769212],[-73.966849,40.769842],[-73.966618,40.770152],[-73.966389,40.770462],[-73.965939,40.771092],[-73.965429,40.771772],[-73.965139,40.772166],[-73.964929,40.772452],[-73.964469,40.773092],[-73.964192,40.773471],[-73.964009,40.773722],[-73.963549,40.774362],[-73.963089,40.774992],[-73.962826,40.775357],[-73.962629,40.775632],[-73.962129,40.776312],[-73.961868,40.776666],[-73.961629,40.776992],[-73.961169,40.777632],[-73.961139,40.777672],[-73.960699,40.778262],[-73.960292,40.778828],[-73.960239,40.778902],[-73.959769,40.779532],[-73.959309,40.780162],[-73.958809,40.780852],[-73.958562,40.781189],[-73.958319,40.781522],[-73.957899,40.782092],[-73.957859,40.782152],[-73.957452,40.782709],[-73.957399,40.782782],[-73.956949,40.783412],[-73.956489,40.784042],[-73.956225,40.784398],[-73.956029,40.784662],[-73.955569,40.785292],[-73.95529,40.785673],[-73.955109,40.785922],[-73.955049,40.786002],[-73.954659,40.786542],[-73.954589,40.786632],[-73.954361,40.78696],[-73.954179,40.787222],[-73.953669,40.787902],[-73.953263,40.788449],[-73.953209,40.788522],[-73.952749,40.789162],[-73.952329,40.789742],[-73.95189,40.790342],[-73.951839,40.790412],[-73.951379,40.791032],[-73.951109,40.791407],[-73.950919,40.791672],[-73.950809,40.791812],[-73.95053,40.792193],[-73.950459,40.792292],[-73.949999,40.792922],[-73.949602,40.793472],[-73.949509,40.793602],[-73.949009,40.794272],[-73.948783,40.794588],[-73.948559,40.794902],[-73.948099,40.795532],[-73.947639,40.796162],[-73.947899,40.796272],[-73.948083,40.796352],[-73.948869,40.796692],[-73.948819,40.796792],[-73.948819,40.796892],[-73.948859,40.796972],[-73.948959,40.797052],[-73.949089,40.797102],[-73.949209,40.797122],[-73.949349,40.797122],[-73.949509,40.797112],[-73.949729,40.797092],[-73.949879,40.797152],[-73.950298,40.797327],[-73.950979,40.797612],[-73.952289,40.798162],[-73.952379,40.798202],[-73.952559,40.798282],[-73.952629,40.798312],[-73.952654,40.798322],[-73.955006,40.799311],[-73.955199,40.799392],[-73.955369,40.799462],[-73.955529,40.799522],[-73.957879,40.800482],[-73.957859,40.800572],[-73.957869,40.800632],[-73.957899,40.800692],[-73.957929,40.800732],[-73.958019,40.800782],[-73.958109,40.800812],[-73.958219,40.800812],[-73.958309,40.800792],[-73.958389,40.800752],[-73.958449,40.800692],[-73.958524,40.80072],[-73.960035,40.801313],[-73.961453,40.801938],[-73.964265,40.803141],[-73.966297,40.803992],[-73.966609,40.804122],[-73.966129,40.804772],[-73.965669,40.805412],[-73.965199,40.806032],[-73.965017,40.806284],[-73.963852,40.807911],[-73.962045,40.810368],[-73.96079,40.812057],[-73.960529,40.812402],[-73.959559,40.813722],[-73.959366,40.813995],[-73.958969,40.814562],[-73.958685,40.814962],[-73.958629,40.815042],[-73.958229,40.815602],[-73.957859,40.816092],[-73.957709,40.816272],[-73.957359,40.816762],[-73.957279,40.816882],[-73.956942,40.817359],[-73.956069,40.818551],[-73.955919,40.818752],[-73.955859,40.818832],[-73.955449,40.819372],[-73.954979,40.820052],[-73.954668,40.820476]]]}},{"type":"Feature","properties":{"route":"M4","mta_route":"M4","direction":"N","shape_id":"M040922"},"geometry":{"type":"MultiLineString","coordinates":[[[-73.983669,40.746781],[-73.983439,40.747092]],[[-73.983439,40.747092],[-73.982959,40.747762]],[[-73.982959,40.747762],[-73.982514,40.748361]],[[-73.982514,40.748361],[-73.982469,40.748422]],[[-73.982469,40.748422],[-73.982019,40.749042]],[[-73.982019,40.749042],[-73.981569,40.749662]],[[-73.981569,40.749662],[-73.981119,40.750272]],[[-73.981119,40.750272],[-73.980669,40.750902]],[[-73.980669,40.750902],[-73.980219,40.751512]],[[-73.980219,40.751512],[-73.979769,40.752132]],[[-73.979769,40.752132],[-73.979609,40.752352]],[[-73.979609,40.752352],[-73.979479,40.752542]],[[-73.979479,40.752542],[-73.979269,40.752822]],[[-73.979269,40.752822],[-73.97885,40.753377]],[[-73.97885,40.753377],[-73.978779,40.753472]],[[-73.978779,40.753472],[-73.978399,40.754002]],[[-73.978399,40.754002],[-73.978359,40.754052]],[[-73.978359,40.754052],[-73.978329,40.754092]],[[-73.978329,40.754092],[-73.977869,40.754722]],[[-73.977869,40.754722],[-73.977419,40.755342]],[[-73.977419,40.755342],[-73.976959,40.755972]],[[-73.976959,40.755972],[-73.976499,40.756592]],[[-73.976499,40.756592],[-73.976239,40.756972]],[[-73.976239,40.756972],[-73.976049,40.757222]],[[-73.976049,40.757222],[-73.975883,40.757454]],[[-73.975883,40.757454],[-73.975599,40.757852]],[[-73.975599,40.757852],[-73.975129,40.758482]],[[-73.975129,40.758482],[-73.974679,40.759092]],[[-73.974679,40.759092],[-73.974219,40.759732]],[[-73.974219,40.759732],[-73.973769,40.760352]],[[-73.973769,40.760352],[-73.973299,40.760982]],[[-73.973299,40.760982],[-73.972849,40.761602]],[[-73.972849,40.761602],[-73.972359,40.762282]],[[-73.972359,40.762282],[-73.972039,40.762719]],[[-73.972039,40.762719],[-73.971869,40.762952]],[[-73.971869,40.762952],[-73.971409,40.763582]],[[-73.971409,40.763582],[-73.970949,40.764212]],[[-73.970949,40.764212],[-73.970499,40.764832]],[[-73.970499,40.764832],[-73.970039,40.765462]],[[-73.970039,40.765462],[-73.969579,40.766082]],[[-73.969579,40.766082],[-73.969129,40.766712]],[[-73.969129,40.766712],[-73.968669,40.767342]],[[-73.968669,40.767342],[-73.968209,40.767962]],[[-73.968209,40.767962],[-73.967759,40.768592]],[[-73.967759,40.768592],[-73.967569,40.768849]],[[-73.967569,40.768849],[-73.967399,40.769082]],[[-73.967399,40.769082],[-73.967309,40.769212]],[[-73.967309,40.769212],[-73.966849,40.769842]],[[-73.966849,40.769842],[-73.966389,40.770462]],[[-73.966389,40.770462],[-73.965939,40.771092]],[[-73.965939,40.771092],[-73.965429,40.771772]],[[-73.965429,40.771772],[-73.965139,40.772166]],[[-73.965139,40.772166],[-73.964929,40.772452]],[[-73.964929,40.772452],[-73.964469,40.773092]],[[-73.964469,40.773092],[-73.964009,40.773722]],[[-73.964009,40.773722],[-73.963549,40.774362]],[[-73.963549,40.774362],[-73.963089,40.774992]],[[-73.963089,40.774992],[-73.962629,40.775632]],[[-73.962629,40.775632],[-73.962129,40.776312]],[[-73.962129,40.776312],[-73.961868,40.776666]],[[-73.961868,40.776666],[-73.961629,40.776992]],[[-73.961629,40.776992],[-73.961169,40.777632]],[[-73.961169,40.777632],[-73.961139,40.777672]],[[-73.961139,40.777672],[-73.960699,40.778262]],[[-73.960699,40.778262],[-73.960239,40.778902]],[[-73.960239,40.778902],[-73.959769,40.779532]],[[-73.959769,40.779532],[-73.959309,40.780162]],[[-73.959309,40.780162],[-73.958809,40.780852]],[[-73.958809,40.780852],[-73.958562,40.781189]],[[-73.958562,40.781189],[-73.958319,40.781522]],[[-73.958319,40.781522],[-73.957899,40.782092]],[[-73.957899,40.782092],[-73.957859,40.782152]],[[-73.957859,40.782152],[-73.957399,40.782782]],[[-73.957399,40.782782],[-73.956949,40.783412]],[[-73.956949,40.783412],[-73.956489,40.784042]],[[-73.956489,40.784042],[-73.956029,40.784662]],[[-73.956029,40.784662],[-73.955569,40.785292]],[[-73.955569,40.785292],[-73.955109,40.785922]],[[-73.955109,40.785922],[-73.955049,40.786002]],[[-73.955049,40.786002],[-73.954659,40.786542]],[[-73.954659,40.786542],[-73.954589,40.786632]],[[-73.954589,40.786632],[-73.954361,40.78696]],[[-73.954361,40.78696],[-73.954179,40.787222]],[[-73.954179,40.787222],[-73.953669,40.787902]],[[-73.953669,40.787902],[-73.953209,40.788522]],[[-73.953209,40.788522],[-73.952749,40.789162]],[[-73.952749,40.789162],[-73.952329,40.789742]],[[-73.952329,40.789742],[-73.95189,40.790342]],[[-73.95189,40.790342],[-73.951839,40.790412]],[[-73.951839,40.790412],[-73.951379,40.791032]],[[-73.951379,40.791032],[-73.950919,40.791672]],[[-73.950919,40.791672],[-73.950809,40.791812]],[[-73.950809,40.791812],[-73.950459,40.792292]],[[-73.950459,40.792292],[-73.949999,40.792922]],[[-73.949999,40.792922],[-73.949602,40.793472]],[[-73.949602,40.793472],[-73.949509,40.793602]],[[-73.949509,40.793602],[-73.949009,40.794272]],[[-73.949009,40.794272],[-73.948559,40.794902]],[[-73.948559,40.794902],[-73.948099,40.795532]],[[-73.948099,40.795532],[-73.947639,40.796162]],[[-73.947639,40.796162],[-73.947899,40.796272]],[[-73.947899,40.796272],[-73.948083,40.796352]],[[-73.948083,40.796352],[-73.948869,40.796692]],[[-73.948869,40.796692],[-73.948819,40.796792]],[[-73.948819,40.796792],[-73.948819,40.796892]],[[-73.948819,40.796892],[-73.948859,40.796972]],[[-73.948859,40.796972],[-73.948959,40.797052]],[[-73.948959,40.797052],[-73.949089,40.797102]],[[-73.949089,40.797102],[-73.949209,40.797122]],[[-73.949209,40.797122],[-73.949349,40.797122]],[[-73.949349,40.797122],[-73.949509,40.797112]],[[-73.949509,40.797112],[-73.949729,40.797092]],[[-73.949729,40.797092],[-73.949879,40.797152]],[[-73.949879,40.797152],[-73.950298,40.797327]],[[-73.950298,40.797327],[-73.950979,40.797612]],[[-73.950979,40.797612],[-73.952289,40.798162]],[[-73.952289,40.798162],[-73.952379,40.798202]],[[-73.952379,40.798202],[-73.952559,40.798282]],[[-73.952559,40.798282],[-73.952629,40.798312]],[[-73.952629,40.798312],[-73.952654,40.798322]],[[-73.952654,40.798322],[-73.955006,40.799311]],[[-73.955006,40.799311],[-73.955199,40.799392]],[[-73.955199,40.799392],[-73.955369,40.799462]],[[-73.955369,40.799462],[-73.955529,40.799522]],[[-73.955529,40.799522],[-73.957879,40.800482]],[[-73.957879,40.800482],[-73.957859,40.800572]],[[-73.957859,40.800572],[-73.957869,40.800632]],[[-73.957869,40.800632],[-73.957899,40.800692]],[[-73.957899,40.800692],[-73.957929,40.800732]],[[-73.957929,40.800732],[-73.958019,40.800782]],[[-73.958019,40.800782],[-73.958109,40.800812]],[[-73.958109,40.800812],[-73.958219,40.800812]],[[-73.958219,40.800812],[-73.958309,40.800792]],[[-73.958309,40.800792],[-73.958389,40.800752]],[[-73.958389,40.800752],[-73.958449,40.800692]],[[-73.958449,40.800692],[-73.958524,40.80072]],[[-73.958524,40.80072],[-73.960035,40.801313]],[[-73.960035,40.801313],[-73.961453,40.801938]],[[-73.961453,40.801938],[-73.964265,40.803141]],[[-73.964265,40.803141],[-73.966297,40.803992]],[[-73.966297,40.803992],[-73.966609,40.804122]],[[-73.966609,40.804122],[-73.966129,40.804772]],[[-73.966129,40.804772],[-73.965669,40.805412]],[[-73.965669,40.805412],[-73.965199,40.806032]],[[-73.965199,40.806032],[-73.964739,40.806672]],[[-73.964739,40.806672],[-73.964689,40.806742]],[[-73.964689,40.806742],[-73.964299,40.807302]],[[-73.964299,40.807302],[-73.964009,40.807692]],[[-73.964009,40.807692],[-73.963852,40.807911]],[[-73.963852,40.807911],[-73.96079,40.812057]],[[-73.96079,40.812057],[-73.960529,40.812402]],[[-73.960529,40.812402],[-73.959559,40.813722]],[[-73.959559,40.813722],[-73.958969,40.814562]],[[-73.958969,40.814562],[-73.958685,40.814962]],[[-73.958685,40.814962],[-73.958629,40.815042]],[[-73.958629,40.815042],[-73.958229,40.815602]],[[-73.958229,40.815602],[-73.957859,40.816092]],[[-73.957859,40.816092],[-73.957709,40.816272]],[[-73.957709,40.816272],[-73.957359,40.816762]],[[-73.957359,40.816762],[-73.957279,40.816882]],[[-73.957279,40.816882],[-73.956849,40.817492]],[[-73.956849,40.817492],[-73.956379,40.818132]],[[-73.956379,40.818132],[-73.956189,40.818392]],[[-73.956189,40.818392],[-73.955919,40.818752]],[[-73.955919,40.818752],[-73.955859,40.818832]],[[-73.955859,40.818832],[-73.955449,40.819372]],[[-73.955449,40.819372],[-73.954979,40.820052]],[[-73.954979,40.820052],[-73.954668,40.820476]],[[-73.954668,40.820476],[-73.954489,40.820722]],[[-73.954489,40.820722],[-73.954409,40.820822]],[[-73.954409,40.820822],[-73.954039,40.821342]],[[-73.954039,40.821342],[-73.953579,40.821972]],[[-73.953579,40.821972],[-73.953129,40.822592]],[[-73.953129,40.822592],[-73.952659,40.823212]],[[-73.952659,40.823212],[-73.952209,40.823842]],[[-73.952209,40.823842],[-73.951769,40.824472]],[[-73.951769,40.824472],[-73.951299,40.825082]],[[-73.951299,40.825082],[-73.950839,40.825712]],[[-73.950839,40.825712],[-73.950369,40.826392]],[[-73.950369,40.826392],[-73.950046,40.826824]],[[-73.950046,40.826824],[-73.944586,40.834286]],[[-73.944586,40.834286],[-73.943672,40.835547]],[[-73.943672,40.835547],[-73.942765,40.836767]],[[-73.942765,40.836767],[-73.941836,40.838033]],[[-73.941836,40.838033],[-73.941579,40.838372]],[[-73.941579,40.838372],[-73.941039,40.839112]],[[-73.941039,40.839112],[-73.941219,40.839202]],[[-73.941219,40.839202],[-73.942179,40.839712]],[[-73.942179,40.839712],[-73.943069,40.840182]],[[-73.943069,40.840182],[-73.942839,40.840762]],[[-73.942839,40.840762],[-73.942489,40.841602]],[[-73.942489,40.841602],[-73.942433,40.841744]],[[-73.942433,40.841744],[-73.942161,40.842425]],[[-73.942161,40.842425],[-73.942079,40.842622]],[[-73.942079,40.842622],[-73.942009,40.842802]],[[-73.942009,40.842802],[-73.941899,40.843072]],[[-73.941899,40.843072],[-73.941639,40.843432]],[[-73.941639,40.843432],[-73.941139,40.844042]],[[-73.941139,40.844042],[-73.940942,40.844342]],[[-73.940942,40.844342],[-73.940367,40.845716]],[[-73.940367,40.845716],[-73.939912,40.846841]],[[-73.939912,40.846841],[-73.939849,40.846992]],[[-73.939849,40.846992],[-73.939779,40.847202]],[[-73.939779,40.847202],[-73.939519,40.847832]],[[-73.939519,40.847832],[-73.939489,40.847922]],[[-73.939489,40.847922],[-73.939399,40.848192]],[[-73.939399,40.848192],[-73.939249,40.848662]],[[-73.939249,40.848662],[-73.939179,40.848852]],[[-73.939179,40.848852],[-73.939139,40.848942]],[[-73.939139,40.848942],[-73.939059,40.849092]],[[-73.939059,40.849092],[-73.939019,40.849162]],[[-73.939019,40.849162],[-73.938975,40.849243]],[[-73.938975,40.849243],[-73.938949,40.849292]],[[-73.938949,40.849292],[-73.938779,40.849682]],[[-73.938779,40.849682],[-73.938649,40.849982]],[[-73.938649,40.849982],[-73.938279,40.850902]],[[-73.938279,40.850902],[-73.93816,40.85122]],[[-73.93816,40.85122],[-73.937723,40.852409]],[[-73.937723,40.852409],[-73.937338,40.853652]],[[-73.937338,40.853652],[-73.936886,40.855098]],[[-73.936886,40.855098],[-73.936789,40.855422]],[[-73.936789,40.855422],[-73.936639,40.855702]],[[-73.936639,40.855702],[-73.935599,40.857102]],[[-73.935599,40.857102],[-73.935404,40.857365]],[[-73.935404,40.857365],[-73.934619,40.858422]],[[-73.934619,40.858422],[-73.934459,40.858672]],[[-73.934459,40.858672],[-73.934176,40.859141]],[[-73.934176,40.859141],[-73.934139,40.859202]],[[-73.934139,40.859202],[-73.934029,40.859212]],[[-73.934029,40.859212],[-73.933939,40.859262]],[[-73.933939,40.859262],[-73.933899,40.859332]],[[-73.933899,40.859332],[-73.933909,40.859422]],[[-73.933909,40.859422],[-73.933979,40.859472]],[[-73.933979,40.859472],[-73.934069,40.859492]],[[-73.934069,40.859492],[-73.934169,40.859492]],[[-73.934169,40.859492],[-73.934269,40.859442]],[[-73.934269,40.859442],[-73.934309,40.859382]],[[-73.934309,40.859382],[-73.934289,40.859302]],[[-73.934289,40.859302],[-73.934229,40.859232]],[[-73.934229,40.859232],[-73.934139,40.859202]],[[-73.934139,40.859202],[-73.934231,40.859049]]]}},{"type":"Feature","properties":{"route":"M4","mta_route":"M4","direction":"N","shape_id":"M040923"},"geometry":{"type":"MultiLineString","coordinates":[[[-73.983669,40.746781],[-73.983439,40.747092]],[[-73.983439,40.747092],[-73.982959,40.747762]],[[-73.982959,40.747762],[-73.982514,40.748361]],[[-73.982514,40.748361],[-73.982469,40.748422]],[[-73.982469,40.748422],[-73.982019,40.749042]],[[-73.982019,40.749042],[-73.981569,40.749662]],[[-73.981569,40.749662],[-73.981193,40.750172]],[[-73.981193,40.750172],[-73.981119,40.750272]],[[-73.981119,40.750272],[-73.980669,40.750902]],[[-73.980669,40.750902],[-73.980219,40.751512]],[[-73.980219,40.751512],[-73.980013,40.751795]],[[-73.980013,40.751795],[-73.979769,40.752132]],[[-73.979769,40.752132],[-73.979609,40.752352]],[[-73.979609,40.752352],[-73.979479,40.752542]],[[-73.979479,40.752542],[-73.979269,40.752822]],[[-73.979269,40.752822],[-73.97885,40.753377]],[[-73.97885,40.753377],[-73.978779,40.753472]],[[-73.978779,40.753472],[-73.978399,40.754002]],[[-73.978399,40.754002],[-73.978359,40.754052]],[[-73.978359,40.754052],[-73.978329,40.754092]],[[-73.978329,40.754092],[-73.977869,40.754722]],[[-73.977869,40.754722],[-73.977476,40.755263]],[[-73.977476,40.755263],[-73.977419,40.755342]],[[-73.977419,40.755342],[-73.976959,40.755972]],[[-73.976959,40.755972],[-73.976777,40.756216]],[[-73.976777,40.756216],[-73.976499,40.756592]],[[-73.976499,40.756592],[-73.976239,40.756972]],[[-73.976239,40.756972],[-73.976049,40.757222]],[[-73.976049,40.757222],[-73.975883,40.757454]],[[-73.975883,40.757454],[-73.975599,40.757852]],[[-73.975599,40.757852],[-73.975129,40.758482]],[[-73.975129,40.758482],[-73.975069,40.758562]],[[-73.975069,40.758562],[-73.974679,40.759092]],[[-73.974679,40.759092],[-73.974219,40.759732]],[[-73.974219,40.759732],[-73.973769,40.760352]],[[-73.973769,40.760352],[-73.973299,40.760982]],[[-73.973299,40.760982],[-73.972991,40.761406]],[[-73.972991,40.761406],[-73.972849,40.761602]],[[-73.972849,40.761602],[-73.972359,40.762282]],[[-73.972359,40.762282],[-73.972039,40.762719]],[[-73.972039,40.762719],[-73.971869,40.762952]],[[-73.971869,40.762952],[-73.971409,40.763582]],[[-73.971409,40.763582],[-73.970949,40.764212]],[[-73.970949,40.764212],[-73.970667,40.764599]],[[-73.970667,40.764599],[-73.970499,40.764832]],[[-73.970499,40.764832],[-73.970039,40.765462]],[[-73.970039,40.765462],[-73.969579,40.766082]],[[-73.969579,40.766082],[-73.969416,40.76631]],[[-73.969416,40.76631],[-73.969129,40.766712]],[[-73.969129,40.766712],[-73.968669,40.767342]],[[-73.968669,40.767342],[-73.968274,40.767874]],[[-73.968274,40.767874],[-73.968209,40.767962]],[[-73.968209,40.767962],[-73.967759,40.768592]],[[-73.967759,40.768592],[-73.967569,40.768849]],[[-73.967569,40.768849],[-73.967399,40.769082]],[[-73.967399,40.769082],[-73.967309,40.769212]],[[-73.967309,40.769212],[-73.966849,40.769842]],[[-73.966849,40.769842],[-73.966618,40.770152]],[[-73.966618,40.770152],[-73.966389,40.770462]],[[-73.966389,40.770462],[-73.965939,40.771092]],[[-73.965939,40.771092],[-73.965429,40.771772]],[[-73.965429,40.771772],[-73.965139,40.772166]],[[-73.965139,40.772166],[-73.964929,40.772452]],[[-73.964929,40.772452],[-73.964469,40.773092]],[[-73.964469,40.773092],[-73.964192,40.773471]],[[-73.964192,40.773471],[-73.964009,40.773722]],[[-73.964009,40.773722],[-73.963549,40.774362]],[[-73.963549,40.774362],[-73.963089,40.774992]],[[-73.963089,40.774992],[-73.962826,40.775357]],[[-73.962826,40.775357],[-73.962629,40.775632]],[[-73.962629,40.775632],[-73.962129,40.776312]],[[-73.962129,40.776312],[-73.961868,40.776666]],[[-73.961868,40.776666],[-73.961629,40.776992]],[[-73.961629,40.776992],[-73.961169,40.777632]],[[-73.961169,40.777632],[-73.961139,40.777672]],[[-73.961139,40.777672],[-73.960699,40.778262]],[[-73.960699,40.778262],[-73.960292,40.778828]],[[-73.960292,40.778828],[-73.960239,40.778902]],[[-73.960239,40.778902],[-73.959769,40.779532]],[[-73.959769,40.779532],[-73.959309,40.780162]],[[-73.959309,40.780162],[-73.958809,40.780852]],[[-73.958809,40.780852],[-73.958562,40.781189]],[[-73.958562,40.781189],[-73.958319,40.781522]],[[-73.958319,40.781522],[-73.957899,40.782092]],[[-73.957899,40.782092],[-73.957859,40.782152]],[[-73.957859,40.782152],[-73.957452,40.782709]],[[-73.957452,40.782709],[-73.957399,40.782782]],[[-73.957399,40.782782],[-73.956949,40.783412]],[[-73.956949,40.783412],[-73.956489,40.784042]],[[-73.956489,40.784042],[-73.956225,40.784398]],[[-73.956225,40.784398],[-73.956029,40.784662]],[[-73.956029,40.784662],[-73.955569,40.785292]],[[-73.955569,40.785292],[-73.95529,40.785673]],[[-73.95529,40.785673],[-73.955109,40.785922]],[[-73.955109,40.785922],[-73.955049,40.786002]],[[-73.955049,40.786002],[-73.954659,40.786542]],[[-73.954659,40.786542],[-73.954589,40.786632]],[[-73.954589,40.786632],[-73.954361,40.78696]],[[-73.954361,40.78696],[-73.954179,40.787222]],[[-73.954179,40.787222],[-73.953669,40.787902]],[[-73.953669,40.787902],[-73.953263,40.788449]],[[-73.953263,40.788449],[-73.953209,40.788522]],[[-73.953209,40.788522],[-73.952749,40.789162]],[[-73.952749,40.789162],[-73.952329,40.789742]],[[-73.952329,40.789742],[-73.95189,40.790342]],[[-73.95189,40.790342],[-73.951839,40.790412]],[[-73.951839,40.790412],[-73.951379,40.791032]],[[-73.951379,40.791032],[-73.951109,40.791407]],[[-73.951109,40.791407],[-73.950919,40.791672]],[[-73.950919,40.791672],[-73.950809,40.791812]],[[-73.950809,40.791812],[-73.95053,40.792193]],[[-73.95053,40.792193],[-73.950459,40.792292]],[[-73.950459,40.792292],[-73.949999,40.792922]],[[-73.949999,40.792922],[-73.949602,40.793472]],[[-73.949602,40.793472],[-73.949509,40.793602]],[[-73.949509,40.793602],[-73.949009,40.794272]],[[-73.949009,40.794272],[-73.948783,40.794588]],[[-73.948783,40.794588],[-73.948559,40.794902]],[[-73.948559,40.794902],[-73.948099,40.795532]],[[-73.948099,40.795532],[-73.947639,40.796162]],[[-73.947639,40.796162],[-73.947899,40.796272]],[[-73.947899,40.796272],[-73.948083,40.796352]],[[-73.948083,40.796352],[-73.948869,40.796692]],[[-73.948869,40.796692],[-73.948819,40.796792]],[[-73.948819,40.796792],[-73.948819,40.796892]],[[-73.948819,40.796892],[-73.948859,40.796972]],[[-73.948859,40.796972],[-73.948959,40.797052]],[[-73.948959,40.797052],[-73.949089,40.797102]],[[-73.949089,40.797102],[-73.949209,40.797122]],[[-73.949209,40.797122],[-73.949349,40.797122]],[[-73.949349,40.797122],[-73.949509,40.797112]],[[-73.949509,40.797112],[-73.949729,40.797092]],[[-73.949729,40.797092],[-73.949879,40.797152]],[[-73.949879,40.797152],[-73.950298,40.797327]],[[-73.950298,40.797327],[-73.950979,40.797612]],[[-73.950979,40.797612],[-73.952289,40.798162]],[[-73.952289,40.798162],[-73.952379,40.798202]],[[-73.952379,40.798202],[-73.952559,40.798282]],[[-73.952559,40.798282],[-73.952629,40.798312]],[[-73.952629,40.798312],[-73.952654,40.798322]],[[-73.952654,40.798322],[-73.955006,40.799311]],[[-73.955006,40.799311],[-73.955199,40.799392]],[[-73.955199,40.799392],[-73.955369,40.799462]],[[-73.955369,40.799462],[-73.955529,40.799522]],[[-73.955529,40.799522],[-73.957879,40.800482]],[[-73.957879,40.800482],[-73.957859,40.800572]],[[-73.957859,40.800572],[-73.957869,40.800632]],[[-73.957869,40.800632],[-73.957899,40.800692]],[[-73.957899,40.800692],[-73.957929,40.800732]],[[-73.957929,40.800732],[-73.958019,40.800782]],[[-73.958019,40.800782],[-73.958109,40.800812]],[[-73.958109,40.800812],[-73.958219,40.800812]],[[-73.958219,40.800812],[-73.958309,40.800792]],[[-73.958309,40.800792],[-73.958389,40.800752]],[[-73.958389,40.800752],[-73.958449,40.800692]],[[-73.958449,40.800692],[-73.958524,40.80072]],[[-73.958524,40.80072],[-73.960035,40.801313]],[[-73.960035,40.801313],[-73.961453,40.801938]],[[-73.961453,40.801938],[-73.964265,40.803141]],[[-73.964265,40.803141],[-73.966297,40.803992]],[[-73.966297,40.803992],[-73.966609,40.804122]],[[-73.966609,40.804122],[-73.966129,40.804772]],[[-73.966129,40.804772],[-73.965669,40.805412]],[[-73.965669,40.805412],[-73.965199,40.806032]],[[-73.965199,40.806032],[-73.965017,40.806284]],[[-73.965017,40.806284],[-73.963852,40.807911]],[[-73.963852,40.807911],[-73.962045,40.810368]],[[-73.962045,40.810368],[-73.96079,40.812057]],[[-73.96079,40.812057],[-73.960529,40.812402]],[[-73.960529,40.812402],[-73.959559,40.813722]],[[-73.959559,40.813722],[-73.959366,40.813995]],[[-73.959366,40.813995],[-73.958969,40.814562]],[[-73.958969,40.814562],[-73.958685,40.814962]],[[-73.958685,40.814962],[-73.958629,40.815042]],[[-73.958629,40.815042],[-73.958229,40.815602]],[[-73.958229,40.815602],[-73.957859,40.816092]],[[-73.957859,40.816092],[-73.957709,40.816272]],[[-73.957709,40.816272],[-73.957359,40.816762]],[[-73.957359,40.816762],[-73.957279,40.816882]],[[-73.957279,40.816882],[-73.956942,40.817359]],[[-73.956942,40.817359],[-73.956069,40.818551]],[[-73.956069,40.818551],[-73.955919,40.818752]],[[-73.955919,40.818752],[-73.955859,40.818832]],[[-73.955859,40.818832],[-73.955449,40.819372]],[[-73.955449,40.819372],[-73.954979,40.820052]],[[-73.954979,40.820052],[-73.954668,40.820476]],[[-73.954668,40.820476],[-73.954489,40.820722]],[[-73.954489,40.820722],[-73.954409,40.820822]],[[-73.954409,40.820822],[-73.954089,40.821271]],[[-73.954089,40.821271],[-73.952938,40.822843]],[[-73.952938,40.822843],[-73.952021,40.82411]],[[-73.952021,40.82411],[-73.951112,40.825338]],[[-73.951112,40.825338],[-73.950046,40.826824]],[[-73.950046,40.826824],[-73.949211,40.827945]],[[-73.949211,40.827945],[-73.94831,40.829196]],[[-73.94831,40.829196],[-73.947395,40.830445]],[[-73.947395,40.830445],[-73.946452,40.831726]],[[-73.946452,40.831726],[-73.945503,40.833017]],[[-73.945503,40.833017],[-73.944586,40.834286]],[[-73.944586,40.834286],[-73.943672,40.835547]],[[-73.943672,40.835547],[-73.942765,40.836767]],[[-73.942765,40.836767],[-73.941836,40.838033]],[[-73.941836,40.838033],[-73.941579,40.838372]],[[-73.941579,40.838372],[-73.941039,40.839112]],[[-73.941039,40.839112],[-73.941219,40.839202]],[[-73.941219,40.839202],[-73.942179,40.839712]],[[-73.942179,40.839712],[-73.943069,40.840182]],[[-73.943069,40.840182],[-73.942839,40.840762]],[[-73.942839,40.840762],[-73.942489,40.841602]],[[-73.942489,40.841602],[-73.942433,40.841744]],[[-73.942433,40.841744],[-73.942161,40.842425]],[[-73.942161,40.842425],[-73.942079,40.842622]],[[-73.942079,40.842622],[-73.942009,40.842802]],[[-73.942009,40.842802],[-73.941899,40.843072]],[[-73.941899,40.843072],[-73.941639,40.843432]],[[-73.941639,40.843432],[-73.941139,40.844042]],[[-73.941139,40.844042],[-73.940942,40.844342]],[[-73.940942,40.844342],[-73.940367,40.845716]],[[-73.940367,40.845716],[-73.939912,40.846841]],[[-73.939912,40.846841],[-73.939849,40.846992]],[[-73.939849,40.846992],[-73.939779,40.847202]],[[-73.939779,40.847202],[-73.939519,40.847832]],[[-73.939519,40.847832],[-73.939489,40.847922]],[[-73.939489,40.847922],[-73.939399,40.848192]],[[-73.939399,40.848192],[-73.939249,40.848662]],[[-73.939249,40.848662],[-73.939179,40.848852]],[[-73.939179,40.848852],[-73.939139,40.848942]],[[-73.939139,40.848942],[-73.939059,40.849092]],[[-73.939059,40.849092],[-73.939019,40.849162]],[[-73.939019,40.849162],[-73.938975,40.849243]],[[-73.938975,40.849243],[-73.938949,40.849292]],[[-73.938949,40.849292],[-73.938779,40.849682]],[[-73.938779,40.849682],[-73.938649,40.849982]],[[-73.938649,40.849982],[-73.938279,40.850902]],[[-73.938279,40.850902],[-73.93816,40.85122]],[[-73.93816,40.85122],[-73.937723,40.852409]],[[-73.937723,40.852409],[-73.937338,40.853652]],[[-73.937338,40.853652],[-73.936886,40.855098]],[[-73.936886,40.855098],[-73.936789,40.855422]],[[-73.936789,40.855422],[-73.936639,40.855702]],[[-73.936639,40.855702],[-73.935599,40.857102]],[[-73.935599,40.857102],[-73.935404,40.857365]],[[-73.935404,40.857365],[-73.934619,40.858422]],[[-73.934619,40.858422],[-73.934459,40.858672]],[[-73.934459,40.858672],[-73.934176,40.859141]],[[-73.934176,40.859141],[-73.934139,40.859202]],[[-73.934139,40.859202],[-73.934029,40.859212]],[[-73.934029,40.859212],[-73.933939,40.859262]],[[-73.933939,40.859262],[-73.933899,40.859332]],[[-73.933899,40.859332],[-73.933909,40.859422]],[[-73.933909,40.859422],[-73.933979,40.859472]],[[-73.933979,40.859472],[-73.934069,40.859492]],[[-73.934069,40.859492],[-73.934169,40.859492]],[[-73.934169,40.859492],[-73.934269,40.859442]],[[-73.934269,40.859442],[-73.934309,40.859382]],[[-73.934309,40.859382],[-73.934289,40.859302]],[[-73.934289,40.859302],[-73.934229,40.859232]],[[-73.934229,40.859232],[-73.934139,40.859202]],[[-73.934139,40.859202],[-73.934231,40.859049]]]}},{"type":"Feature","properties":{"route":"M4","mta_route":"M4","direction":"N","shape_id":"M040925"},"geometry":{"type":"MultiLineString","coordinates":[[[-73.954668,40.820476],[-73.954489,40.820722]],[[-73.954489,40.820722],[-73.954409,40.820822]],[[-73.954409,40.820822],[-73.954089,40.821271]],[[-73.954089,40.821271],[-73.952938,40.822843]],[[-73.952938,40.822843],[-73.952021,40.82411]],[[-73.952021,40.82411],[-73.951112,40.825338]],[[-73.951112,40.825338],[-73.950046,40.826824]],[[-73.950046,40.826824],[-73.949211,40.827945]],[[-73.949211,40.827945],[-73.94831,40.829196]],[[-73.94831,40.829196],[-73.947395,40.830445]],[[-73.947395,40.830445],[-73.946452,40.831726]],[[-73.946452,40.831726],[-73.945503,40.833017]],[[-73.945503,40.833017],[-73.944586,40.834286]],[[-73.944586,40.834286],[-73.943672,40.835547]],[[-73.943672,40.835547],[-73.942765,40.836767]],[[-73.942765,40.836767],[-73.941836,40.838033]],[[-73.941836,40.838033],[-73.941579,40.838372]],[[-73.941579,40.838372],[-73.941039,40.839112]],[[-73.941039,40.839112],[-73.941219,40.839202]],[[-73.941219,40.839202],[-73.942179,40.839712]],[[-73.942179,40.839712],[-73.943069,40.840182]],[[-73.943069,40.840182],[-73.942839,40.840762]],[[-73.942839,40.840762],[-73.942489,40.841602]],[[-73.942489,40.841602],[-73.942433,40.841744]],[[-73.942433,40.841744],[-73.942161,40.842425]],[[-73.942161,40.842425],[-73.942079,40.842622]],[[-73.942079,40.842622],[-73.942009,40.842802]],[[-73.942009,40.842802],[-73.941899,40.843072]],[[-73.941899,40.843072],[-73.941639,40.843432]],[[-73.941639,40.843432],[-73.941139,40.844042]],[[-73.941139,40.844042],[-73.940942,40.844342]],[[-73.940942,40.844342],[-73.940367,40.845716]],[[-73.940367,40.845716],[-73.939912,40.846841]],[[-73.939912,40.846841],[-73.939849,40.846992]],[[-73.939849,40.846992],[-73.939779,40.847202]],[[-73.939779,40.847202],[-73.939519,40.847832]],[[-73.939519,40.847832],[-73.939489,40.847922]],[[-73.939489,40.847922],[-73.939399,40.848192]],[[-73.939399,40.848192],[-73.939249,40.848662]],[[-73.939249,40.848662],[-73.939179,40.848852]],[[-73.939179,40.848852],[-73.939139,40.848942]],[[-73.939139,40.848942],[-73.939059,40.849092]],[[-73.939059,40.849092],[-73.939019,40.849162]],[[-73.939019,40.849162],[-73.938975,40.849243]],[[-73.938975,40.849243],[-73.938949,40.849292]],[[-73.938949,40.849292],[-73.938779,40.849682]],[[-73.938779,40.849682],[-73.938649,40.849982]],[[-73.938649,40.849982],[-73.938279,40.850902]],[[-73.938279,40.850902],[-73.93816,40.85122]],[[-73.93816,40.85122],[-73.937723,40.852409]],[[-73.937723,40.852409],[-73.937338,40.853652]],[[-73.937338,40.853652],[-73.936886,40.855098]],[[-73.936886,40.855098],[-73.936789,40.855422]],[[-73.936789,40.855422],[-73.936639,40.855702]],[[-73.936639,40.855702],[-73.935599,40.857102]],[[-73.935599,40.857102],[-73.935404,40.857365]],[[-73.935404,40.857365],[-73.934619,40.858422]],[[-73.934619,40.858422],[-73.934459,40.858672]],[[-73.934459,40.858672],[-73.934176,40.859141]],[[-73.934176,40.859141],[-73.934139,40.859202]],[[-73.934139,40.859202],[-73.934029,40.859212]],[[-73.934029,40.859212],[-73.933939,40.859262]],[[-73.933939,40.859262],[-73.933899,40.859332]],[[-73.933899,40.859332],[-73.933909,40.859422]],[[-73.933909,40.859422],[-73.933399,40.859612]],[[-73.933399,40.859612],[-73.933139,40.859732]],[[-73.933139,40.859732],[-73.932909,40.859912]],[[-73.932909,40.859912],[-73.932809,40.860012]],[[-73.932809,40.860012],[-73.932729,40.860122]],[[-73.932729,40.860122],[-73.932589,40.860382]],[[-73.932589,40.860382],[-73.932539,40.860512]],[[-73.932539,40.860512],[-73.932469,40.860792]],[[-73.932469,40.860792],[-73.932429,40.861092]],[[-73.932429,40.861092],[-73.932419,40.861412]],[[-73.932419,40.861412],[-73.932449,40.861712]],[[-73.932449,40.861712],[-73.932509,40.861942]],[[-73.932509,40.861942],[-73.932749,40.862652]],[[-73.932749,40.862652],[-73.932769,40.862782]],[[-73.932769,40.862782],[-73.932769,40.862822]],[[-73.932769,40.862822],[-73.932749,40.862932]],[[-73.932749,40.862932],[-73.932709,40.863042]],[[-73.932709,40.863042],[-73.932609,40.863192]],[[-73.932609,40.863192],[-73.932499,40.863302]],[[-73.932499,40.863302],[-73.931829,40.863872]],[[-73.931829,40.863872],[-73.930949,40.864672]],[[-73.930949,40.864672],[-73.930899,40.864882]],[[-73.930899,40.864882],[-73.930899,40.865032]],[[-73.930899,40.865032],[-73.930917,40.86516]],[[-73.930917,40.86516],[-73.930919,40.865172]],[[-73.930919,40.865172],[-73.930959,40.865302]],[[-73.930959,40.865302],[-73.931019,40.865422]],[[-73.931019,40.865422],[-73.931119,40.865532]],[[-73.931119,40.865532],[-73.931249,40.865622]],[[-73.931249,40.865622],[-73.931429,40.865662]],[[-73.931429,40.865662],[-73.931659,40.865672]],[[-73.931659,40.865672],[-73.931839,40.865642]],[[-73.931839,40.865642],[-73.931999,40.865562]],[[-73.931999,40.865562],[-73.932119,40.865462]],[[-73.932119,40.865462],[-73.932229,40.865322]],[[-73.932229,40.865322],[-73.932319,40.865182]],[[-73.932319,40.865182],[-73.932389,40.865042]],[[-73.932389,40.865042],[-73.932509,40.864712]],[[-73.932509,40.864712],[-73.932589,40.864522]],[[-73.932589,40.864522],[-73.932609,40.864362]],[[-73.932609,40.864362],[-73.932609,40.864252]],[[-73.932609,40.864252],[-73.932439,40.863792]],[[-73.932439,40.863792],[-73.932419,40.863652]],[[-73.932419,40.863652],[-73.932429,40.863532]],[[-73.932429,40.863532],[-73.932499,40.863302]],[[-73.933909,40.859422],[-73.933979,40.859472]],[[-73.933979,40.859472],[-73.934069,40.859492]],[[-73.934069,40.859492],[-73.934169,40.859492]],[[-73.934169,40.859492],[-73.934269,40.859442]],[[-73.934269,40.859442],[-73.934309,40.859382]],[[-73.934309,40.859382],[-73.934289,40.859302]],[[-73.934289,40.859302],[-73.934229,40.859232]],[[-73.934229,40.859232],[-73.934139,40.859202]],[[-73.934139,40.859202],[-73.934231,40.859049]]]}},{"type":"Feature","properties":{"route":"M4","mta_route":"M4","direction":"S","shape_id":"M040003"},"geometry":{"type":"MultiLineString","coordinates":[[[-73.934409,40.858754],[-73.934459,40.858672],[-73.934619,40.858422],[-73.935599,40.857102],[-73.935842,40.856775],[-73.936639,40.855702],[-73.936789,40.855422],[-73.936889,40.855092],[-73.936977,40.854807],[-73.937504,40.853119],[-73.937914,40.851873],[-73.938395,40.850613],[-73.938649,40.849982],[-73.938779,40.849682],[-73.938949,40.849292],[-73.938995,40.849206],[-73.939019,40.849162],[-73.939059,40.849092],[-73.939139,40.848942],[-73.939179,40.848852],[-73.939249,40.848662],[-73.939399,40.848192],[-73.939519,40.847832],[-73.93963,40.847562],[-73.94032,40.845833],[-73.940899,40.844417],[-73.940909,40.844392],[-73.941139,40.844042],[-73.941639,40.843432],[-73.941829,40.843169],[-73.941899,40.843072],[-73.942009,40.842802],[-73.942079,40.842622],[-73.942279,40.842142],[-73.94238,40.841881],[-73.943182,40.839887],[-73.943645,40.838706],[-73.944118,40.837523],[-73.944669,40.836082],[-73.944669,40.835912],[-73.944609,40.835752],[-73.944509,40.835612],[-73.944389,40.835502],[-73.944249,40.835422],[-73.944039,40.835332],[-73.944519,40.834702],[-73.944876,40.83421],[-73.946135,40.832475],[-73.947475,40.830626],[-73.948411,40.829362],[-73.949793,40.827476],[-73.950395,40.826657],[-73.952114,40.824277],[-73.953038,40.823038],[-73.953937,40.821804],[-73.954219,40.821412],[-73.954269,40.821342],[-73.954629,40.820842],[-73.954669,40.820792],[-73.954999,40.820372],[-73.955179,40.820142],[-73.95524,40.820057],[-73.955679,40.819442],[-73.956129,40.818842],[-73.956396,40.818459],[-73.956569,40.818212],[-73.957029,40.817572],[-73.957479,40.816962],[-73.957569,40.816832],[-73.957929,40.816352],[-73.958096,40.816132],[-73.95895,40.814988],[-73.959159,40.814692],[-73.959819,40.813812],[-73.959893,40.813707],[-73.960749,40.812512],[-73.961219,40.811872],[-73.961342,40.811691],[-73.96236,40.810286],[-73.964095,40.807905],[-73.965051,40.806599],[-73.965967,40.805336],[-73.966299,40.804852],[-73.966789,40.804192],[-73.966609,40.804122],[-73.966155,40.803932],[-73.963455,40.802798],[-73.96071,40.801615],[-73.95954,40.801098],[-73.959499,40.801082],[-73.958449,40.800692],[-73.958489,40.800612],[-73.958489,40.800552],[-73.958459,40.800482],[-73.958399,40.800422],[-73.958329,40.800372],[-73.958249,40.800342],[-73.958129,40.800332],[-73.958039,40.800362],[-73.957939,40.800422],[-73.957879,40.800482],[-73.957692,40.800406],[-73.954817,40.799231],[-73.952629,40.798312],[-73.952559,40.798282],[-73.952379,40.798202],[-73.952289,40.798162],[-73.952018,40.798048],[-73.950979,40.797612],[-73.949879,40.797152],[-73.949833,40.797134],[-73.949729,40.797092],[-73.949669,40.796892],[-73.949629,40.796812],[-73.949619,40.796782],[-73.949569,40.796732],[-73.949499,40.796682],[-73.949419,40.796632],[-73.949699,40.796212],[-73.950159,40.795582],[-73.950235,40.795477],[-73.950619,40.794952],[-73.951109,40.794282],[-73.951208,40.794143],[-73.951599,40.793602],[-73.951739,40.793412],[-73.952059,40.792972],[-73.952109,40.792903],[-73.952519,40.792342],[-73.952949,40.791762],[-73.952979,40.791712],[-73.953029,40.791642],[-73.953107,40.791537],[-73.953439,40.791092],[-73.954409,40.789762],[-73.954819,40.789202],[-73.954842,40.789167],[-73.954859,40.789142],[-73.955089,40.788832],[-73.955269,40.788572],[-73.955759,40.787892],[-73.955809,40.787832],[-73.955909,40.787692],[-73.956034,40.787524],[-73.956259,40.787222],[-73.956719,40.786592],[-73.956772,40.78652],[-73.957179,40.785962],[-73.957639,40.785332],[-73.957755,40.785175],[-73.958099,40.784712],[-73.958549,40.784092],[-73.958639,40.783963],[-73.958999,40.783452],[-73.959049,40.783392],[-73.959459,40.782832],[-73.959919,40.782202],[-73.959957,40.782148],[-73.960409,40.781522],[-73.960639,40.781212],[-73.960909,40.780842],[-73.961239,40.780399],[-73.961379,40.780212],[-73.961839,40.779582],[-73.962309,40.778942],[-73.962769,40.778302],[-73.963039,40.777932],[-73.963162,40.777763],[-73.963229,40.777672],[-73.963589,40.777172],[-73.963729,40.776982],[-73.963789,40.776902],[-73.963933,40.776705],[-73.964229,40.776302],[-73.964689,40.775672],[-73.964756,40.775577],[-73.965029,40.775192],[-73.965149,40.775032],[-73.965609,40.774402],[-73.965674,40.774313],[-73.966079,40.773762],[-73.966539,40.773132],[-73.967049,40.772452],[-73.9674,40.771957],[-73.967539,40.771762],[-73.967989,40.771142],[-73.968449,40.770512],[-73.968661,40.770226],[-73.968909,40.769892],[-73.969359,40.769262],[-73.969509,40.769062],[-73.969829,40.768622],[-73.970141,40.768193],[-73.970259,40.768032],[-73.970729,40.767382],[-73.971189,40.766762],[-73.971239,40.766693],[-73.971649,40.766132],[-73.971988,40.765664],[-73.972099,40.765512],[-73.972559,40.764872],[-73.972749,40.764642],[-73.972809,40.764562],[-73.972916,40.764409],[-73.973019,40.764262],[-73.973109,40.764142],[-73.973219,40.763992],[-73.973479,40.763632],[-73.973719,40.763292],[-73.973809,40.763172],[-73.973949,40.762952],[-73.974459,40.762282],[-73.974866,40.761721],[-73.974909,40.761662],[-73.975369,40.761032],[-73.975829,40.760402],[-73.975909,40.760292],[-73.975999,40.760172],[-73.976213,40.759884],[-73.976289,40.759782],[-73.976749,40.759152],[-73.976909,40.758932],[-73.977019,40.758782],[-73.977199,40.758532],[-73.977399,40.758242],[-73.977584,40.75799],[-73.977649,40.757902],[-73.977779,40.757732],[-73.978109,40.757272],[-73.978569,40.756652],[-73.978958,40.756119],[-73.979029,40.756022],[-73.979389,40.755532],[-73.979429,40.755472],[-73.979489,40.755392],[-73.979896,40.75484],[-73.979939,40.754782],[-73.980319,40.754252],[-73.980349,40.754212],[-73.980399,40.754142],[-73.980739,40.753672],[-73.980879,40.753472],[-73.981285,40.752925],[-73.981369,40.752812],[-73.981519,40.752612],[-73.981829,40.752192],[-73.981959,40.752012],[-73.982279,40.751572],[-73.982647,40.751053],[-73.982719,40.750952],[-73.983179,40.750342],[-73.983619,40.749722],[-73.983827,40.749437],[-73.984079,40.749092],[-73.984559,40.748432],[-73.984679,40.748272],[-73.985049,40.747762],[-73.985499,40.747142],[-73.984958,40.746916]]]}},{"type":"Feature","properties":{"route":"M4","mta_route":"M4","direction":"S","shape_id":"M040004"},"geometry":{"type":"MultiLineString","coordinates":[[[-73.95524,40.820057],[-73.955679,40.819442],[-73.956129,40.818842],[-73.956396,40.818459],[-73.956569,40.818212],[-73.957029,40.817572],[-73.957479,40.816962],[-73.957569,40.816832],[-73.957929,40.816352],[-73.958096,40.816132],[-73.95895,40.814988],[-73.959159,40.814692],[-73.959819,40.813812],[-73.959893,40.813707],[-73.960749,40.812512],[-73.961219,40.811872],[-73.961342,40.811691],[-73.96236,40.810286],[-73.964095,40.807905],[-73.965051,40.806599],[-73.965967,40.805336],[-73.966299,40.804852],[-73.966789,40.804192],[-73.966609,40.804122],[-73.966155,40.803932],[-73.963455,40.802798],[-73.96071,40.801615],[-73.95954,40.801098],[-73.959499,40.801082],[-73.958449,40.800692],[-73.958489,40.800612],[-73.958489,40.800552],[-73.958459,40.800482],[-73.958399,40.800422],[-73.958329,40.800372],[-73.958249,40.800342],[-73.958129,40.800332],[-73.958039,40.800362],[-73.957939,40.800422],[-73.957879,40.800482],[-73.957692,40.800406],[-73.954817,40.799231],[-73.952629,40.798312],[-73.952559,40.798282],[-73.952379,40.798202],[-73.952289,40.798162],[-73.952018,40.798048],[-73.950979,40.797612],[-73.949879,40.797152],[-73.949833,40.797134],[-73.949729,40.797092],[-73.949669,40.796892],[-73.949629,40.796812],[-73.949619,40.796782],[-73.949569,40.796732],[-73.949499,40.796682],[-73.949419,40.796632],[-73.949699,40.796212],[-73.950159,40.795582],[-73.950235,40.795477],[-73.950619,40.794952],[-73.951109,40.794282],[-73.951208,40.794143],[-73.951599,40.793602],[-73.951739,40.793412],[-73.952059,40.792972],[-73.952109,40.792903],[-73.952519,40.792342],[-73.952949,40.791762],[-73.952979,40.791712],[-73.953029,40.791642],[-73.953107,40.791537],[-73.953439,40.791092],[-73.954409,40.789762],[-73.954819,40.789202],[-73.954842,40.789167],[-73.954859,40.789142],[-73.955089,40.788832],[-73.955269,40.788572],[-73.955759,40.787892],[-73.955809,40.787832],[-73.955909,40.787692],[-73.956034,40.787524],[-73.956259,40.787222],[-73.956719,40.786592],[-73.956772,40.78652],[-73.957179,40.785962],[-73.957639,40.785332],[-73.957755,40.785175],[-73.958099,40.784712],[-73.958549,40.784092],[-73.958639,40.783963],[-73.958999,40.783452],[-73.959049,40.783392],[-73.959459,40.782832],[-73.959919,40.782202],[-73.959957,40.782148],[-73.960409,40.781522],[-73.960639,40.781212],[-73.960909,40.780842],[-73.961239,40.780399],[-73.961379,40.780212],[-73.961839,40.779582],[-73.962309,40.778942],[-73.962769,40.778302],[-73.963039,40.777932],[-73.963162,40.777763],[-73.963229,40.777672],[-73.963589,40.777172],[-73.963729,40.776982],[-73.963789,40.776902],[-73.963933,40.776705],[-73.964229,40.776302],[-73.964689,40.775672],[-73.964756,40.775577],[-73.965029,40.775192],[-73.965149,40.775032],[-73.965609,40.774402],[-73.965674,40.774313],[-73.966079,40.773762],[-73.966539,40.773132],[-73.967049,40.772452],[-73.9674,40.771957],[-73.967539,40.771762],[-73.967989,40.771142],[-73.968449,40.770512],[-73.968661,40.770226],[-73.968909,40.769892],[-73.969359,40.769262],[-73.969509,40.769062],[-73.969829,40.768622],[-73.970141,40.768193],[-73.970259,40.768032],[-73.970729,40.767382],[-73.971189,40.766762],[-73.971239,40.766693],[-73.971649,40.766132],[-73.971988,40.765664],[-73.972099,40.765512],[-73.972559,40.764872],[-73.972749,40.764642],[-73.972809,40.764562],[-73.972916,40.764409],[-73.973019,40.764262],[-73.973109,40.764142],[-73.973219,40.763992],[-73.973479,40.763632],[-73.973719,40.763292],[-73.973809,40.763172],[-73.973949,40.762952],[-73.974459,40.762282],[-73.974866,40.761721],[-73.974909,40.761662],[-73.975369,40.761032],[-73.975829,40.760402],[-73.975909,40.760292],[-73.975999,40.760172],[-73.976213,40.759884],[-73.976289,40.759782],[-73.976749,40.759152],[-73.976909,40.758932],[-73.977019,40.758782],[-73.977199,40.758532],[-73.977399,40.758242],[-73.977584,40.75799],[-73.977649,40.757902],[-73.977779,40.757732],[-73.978109,40.757272],[-73.978569,40.756652],[-73.978958,40.756119],[-73.979029,40.756022],[-73.979389,40.755532],[-73.979429,40.755472],[-73.979489,40.755392],[-73.979896,40.75484],[-73.979939,40.754782],[-73.980319,40.754252],[-73.980349,40.754212],[-73.980399,40.754142],[-73.980739,40.753672],[-73.980879,40.753472],[-73.981285,40.752925],[-73.981369,40.752812],[-73.981519,40.752612],[-73.981829,40.752192],[-73.981959,40.752012],[-73.982279,40.751572],[-73.982647,40.751053],[-73.982719,40.750952],[-73.983179,40.750342],[-73.983619,40.749722],[-73.983827,40.749437],[-73.984079,40.749092],[-73.984559,40.748432],[-73.984679,40.748272],[-73.985049,40.747762],[-73.985499,40.747142],[-73.984958,40.746916]]]}},{"type":"Feature","properties":{"route":"M4","mta_route":"M4","direction":"S","shape_id":"M040005"},"geometry":{"type":"MultiLineString","coordinates":[[[-73.934409,40.858754],[-73.934459,40.858672],[-73.934619,40.858422],[-73.935599,40.857102],[-73.935842,40.856775],[-73.936639,40.855702],[-73.936789,40.855422],[-73.936889,40.855092],[-73.936977,40.854807],[-73.937504,40.853119],[-73.937914,40.851873],[-73.938395,40.850613],[-73.938649,40.849982],[-73.938779,40.849682],[-73.938949,40.849292],[-73.938995,40.849206],[-73.939019,40.849162],[-73.939059,40.849092],[-73.939139,40.848942],[-73.939179,40.848852],[-73.939249,40.848662],[-73.939399,40.848192],[-73.939519,40.847832],[-73.93963,40.847562],[-73.94032,40.845833],[-73.940899,40.844417],[-73.940909,40.844392],[-73.941139,40.844042],[-73.941639,40.843432],[-73.941829,40.843169],[-73.941899,40.843072],[-73.942009,40.842802],[-73.942079,40.842622],[-73.942279,40.842142],[-73.94238,40.841881],[-73.943182,40.839887],[-73.943645,40.838706],[-73.944118,40.837523],[-73.944669,40.836082],[-73.944669,40.835912],[-73.944609,40.835752],[-73.944509,40.835612],[-73.944389,40.835502],[-73.944249,40.835422],[-73.944039,40.835332],[-73.944519,40.834702],[-73.944876,40.83421],[-73.950395,40.826657],[-73.950539,40.826462],[-73.951019,40.825792],[-73.951469,40.825162],[-73.951929,40.824532],[-73.952379,40.823912],[-73.952849,40.823302],[-73.953309,40.822662],[-73.953759,40.822052],[-73.953809,40.821982],[-73.954219,40.821412],[-73.954269,40.821342],[-73.954629,40.820842],[-73.954669,40.820792],[-73.954999,40.820372],[-73.955179,40.820142],[-73.95524,40.820057],[-73.955679,40.819442],[-73.956129,40.818842],[-73.956569,40.818212],[-73.957029,40.817572],[-73.957479,40.816962],[-73.957569,40.816832],[-73.957929,40.816352],[-73.958369,40.815772],[-73.958599,40.815472],[-73.958849,40.815132],[-73.95895,40.814988],[-73.961342,40.811691],[-73.961649,40.811242],[-73.962159,40.810562],[-73.962589,40.809972],[-73.963039,40.809352],[-73.963389,40.808872],[-73.963929,40.808132],[-73.963989,40.808052],[-73.964095,40.807905],[-73.964169,40.807802],[-73.964479,40.807382],[-73.964949,40.806742],[-73.965399,40.806112],[-73.965859,40.805492],[-73.965889,40.805452],[-73.966299,40.804852],[-73.966789,40.804192],[-73.966609,40.804122],[-73.966155,40.803932],[-73.963455,40.802798],[-73.96071,40.801615],[-73.95954,40.801098],[-73.959499,40.801082],[-73.958449,40.800692],[-73.958489,40.800612],[-73.958489,40.800552],[-73.958459,40.800482],[-73.958399,40.800422],[-73.958329,40.800372],[-73.958249,40.800342],[-73.958129,40.800332],[-73.958039,40.800362],[-73.957939,40.800422],[-73.957879,40.800482],[-73.957692,40.800406],[-73.954817,40.799231],[-73.952629,40.798312],[-73.952559,40.798282],[-73.952379,40.798202],[-73.952289,40.798162],[-73.952018,40.798048],[-73.950979,40.797612],[-73.949879,40.797152],[-73.949833,40.797134],[-73.949729,40.797092],[-73.949669,40.796892],[-73.949629,40.796812],[-73.949619,40.796782],[-73.949569,40.796732],[-73.949499,40.796682],[-73.949419,40.796632],[-73.949699,40.796212],[-73.950159,40.795582],[-73.950619,40.794952],[-73.951109,40.794282],[-73.951208,40.794143],[-73.951599,40.793602],[-73.951739,40.793412],[-73.952059,40.792972],[-73.952519,40.792342],[-73.952949,40.791762],[-73.952979,40.791712],[-73.953029,40.791642],[-73.953107,40.791537],[-73.953439,40.791092],[-73.954409,40.789762],[-73.954819,40.789202],[-73.954859,40.789142],[-73.955089,40.788832],[-73.955269,40.788572],[-73.955759,40.787892],[-73.955809,40.787832],[-73.955909,40.787692],[-73.956034,40.787524],[-73.956259,40.787222],[-73.956719,40.786592],[-73.957179,40.785962],[-73.957639,40.785332],[-73.958099,40.784712],[-73.958549,40.784092],[-73.958999,40.783452],[-73.959049,40.783392],[-73.959459,40.782832],[-73.959919,40.782202],[-73.960409,40.781522],[-73.960639,40.781212],[-73.960909,40.780842],[-73.961239,40.780399],[-73.961379,40.780212],[-73.961839,40.779582],[-73.962309,40.778942],[-73.962769,40.778302],[-73.963039,40.777932],[-73.963229,40.777672],[-73.963589,40.777172],[-73.963729,40.776982],[-73.963789,40.776902],[-73.963933,40.776705],[-73.964229,40.776302],[-73.964689,40.775672],[-73.965029,40.775192],[-73.965149,40.775032],[-73.965609,40.774402],[-73.966079,40.773762],[-73.966539,40.773132],[-73.967049,40.772452],[-73.9674,40.771957],[-73.967539,40.771762],[-73.967989,40.771142],[-73.968449,40.770512],[-73.968909,40.769892],[-73.969359,40.769262],[-73.969509,40.769062],[-73.969829,40.768622],[-73.970141,40.768193],[-73.970259,40.768032],[-73.970729,40.767382],[-73.971189,40.766762],[-73.971649,40.766132],[-73.972099,40.765512],[-73.972559,40.764872],[-73.972749,40.764642],[-73.972809,40.764562],[-73.972916,40.764409],[-73.973019,40.764262],[-73.973109,40.764142],[-73.973219,40.763992],[-73.973479,40.763632],[-73.973719,40.763292],[-73.973809,40.763172],[-73.973949,40.762952],[-73.974459,40.762282],[-73.974866,40.761721],[-73.974909,40.761662],[-73.975369,40.761032],[-73.975829,40.760402],[-73.975909,40.760292],[-73.975999,40.760172],[-73.976289,40.759782],[-73.976749,40.759152],[-73.976909,40.758932],[-73.977019,40.758782],[-73.977199,40.758532],[-73.977399,40.758242],[-73.977584,40.75799],[-73.977649,40.757902],[-73.977779,40.757732],[-73.978109,40.757272],[-73.978569,40.756652],[-73.979029,40.756022],[-73.979389,40.755532],[-73.979429,40.755472],[-73.979489,40.755392],[-73.979939,40.754782],[-73.980319,40.754252],[-73.980349,40.754212],[-73.980399,40.754142],[-73.980739,40.753672],[-73.980879,40.753472],[-73.981285,40.752925],[-73.981369,40.752812],[-73.981519,40.752612],[-73.981829,40.752192],[-73.981959,40.752012],[-73.982279,40.751572],[-73.982719,40.750952],[-73.983179,40.750342],[-73.983619,40.749722],[-73.983827,40.749437],[-73.984079,40.749092],[-73.984559,40.748432],[-73.984679,40.748272],[-73.985049,40.747762],[-73.985499,40.747142],[-73.984958,40.746916]]]}},{"type":"Feature","properties":{"route":"M4","mta_route":"M4","direction":"S","shape_id":"M040924"},"geometry":{"type":"MultiLineString","coordinates":[[[-73.934409,40.858754],[-73.934459,40.858672],[-73.934619,40.858422],[-73.935599,40.857102],[-73.935842,40.856775],[-73.936639,40.855702],[-73.936789,40.855422],[-73.936889,40.855092],[-73.936977,40.854807],[-73.937504,40.853119],[-73.937914,40.851873],[-73.938395,40.850613],[-73.938649,40.849982],[-73.938779,40.849682],[-73.938949,40.849292],[-73.938995,40.849206],[-73.939019,40.849162],[-73.939059,40.849092],[-73.939139,40.848942],[-73.939179,40.848852],[-73.939249,40.848662],[-73.939399,40.848192],[-73.939519,40.847832],[-73.93963,40.847562],[-73.94032,40.845833],[-73.940899,40.844417],[-73.940909,40.844392],[-73.941139,40.844042],[-73.941639,40.843432],[-73.941829,40.843169],[-73.941899,40.843072],[-73.942009,40.842802],[-73.942079,40.842622],[-73.942279,40.842142],[-73.94238,40.841881],[-73.943182,40.839887],[-73.943645,40.838706],[-73.944118,40.837523],[-73.944669,40.836082],[-73.944669,40.835912],[-73.944609,40.835752],[-73.944509,40.835612],[-73.944389,40.835502],[-73.944249,40.835422],[-73.944039,40.835332],[-73.944519,40.834702],[-73.944876,40.83421],[-73.946135,40.832475],[-73.947475,40.830626],[-73.948411,40.829362],[-73.949793,40.827476],[-73.950395,40.826657],[-73.952114,40.824277],[-73.953038,40.823038],[-73.953937,40.821804],[-73.954219,40.821412],[-73.954269,40.821342],[-73.954629,40.820842],[-73.954669,40.820792],[-73.954999,40.820372],[-73.955179,40.820142],[-73.95524,40.820057]]]}},{"type":"Feature","properties":{"route":"M42","mta_route":"M42","direction":"E","shape_id":"M420037"},"geometry":{"type":"MultiLineString","coordinates":[[[-74.001163,40.762441],[-74.001449,40.762242],[-74.001379,40.762142],[-74.001329,40.762052],[-74.001079,40.761972],[-74.001026,40.761949],[-74.000389,40.761682],[-73.999569,40.761362],[-73.998799,40.761022],[-73.998319,40.760812],[-73.997868,40.760626],[-73.997129,40.760322],[-73.996149,40.759912],[-73.995479,40.759622],[-73.995024,40.759431],[-73.993929,40.758972],[-73.992649,40.758422],[-73.991839,40.758079],[-73.991349,40.757872],[-73.990849,40.757662],[-73.989867,40.757241],[-73.989799,40.757212],[-73.988469,40.756672],[-73.988369,40.756632],[-73.988109,40.756522],[-73.987677,40.756338],[-73.986909,40.756012],[-73.986389,40.755802],[-73.985769,40.755542],[-73.98569,40.755509],[-73.984099,40.754842],[-73.983576,40.754622],[-73.982579,40.754202],[-73.982529,40.754182],[-73.981689,40.753812],[-73.980879,40.753472],[-73.980696,40.753398],[-73.979269,40.752822],[-73.978818,40.752632],[-73.978579,40.752532],[-73.978349,40.752432],[-73.977759,40.752192],[-73.977639,40.752142],[-73.977569,40.752112],[-73.977519,40.752092],[-73.977256,40.751983],[-73.976509,40.751672],[-73.976299,40.751582],[-73.976019,40.751462],[-73.975889,40.751402],[-73.975532,40.751249],[-73.975259,40.751132],[-73.974514,40.750821],[-73.974419,40.750782],[-73.973719,40.750452],[-73.973509,40.750342],[-73.972869,40.750062],[-73.972229,40.749802],[-73.971836,40.749647],[-73.971669,40.749582],[-73.971169,40.749362],[-73.971049,40.749312],[-73.970439,40.749062],[-73.970099,40.748912],[-73.969969,40.748862],[-73.969879,40.748822],[-73.969789,40.748782],[-73.969689,40.748742],[-73.969619,40.748662],[-73.969593,40.748648],[-73.969489,40.748592],[-73.968819,40.748322],[-73.968649,40.748242],[-73.968559,40.748182],[-73.968509,40.748122],[-73.968489,40.748052],[-73.968489,40.747982],[-73.968499,40.747922],[-73.968519,40.747852],[-73.968559,40.747772],[-73.968769,40.747492],[-73.969759,40.747912],[-73.969817,40.747931]]]}},{"type":"Feature","properties":{"route":"M42","mta_route":"M42","direction":"E","shape_id":"M420038"},"geometry":{"type":"MultiLineString","coordinates":[[[-73.989867,40.757241],[-73.989799,40.757212],[-73.988469,40.756672],[-73.988369,40.756632],[-73.988109,40.756522],[-73.987677,40.756338],[-73.986909,40.756012],[-73.986389,40.755802],[-73.985769,40.755542],[-73.98569,40.755509],[-73.984099,40.754842],[-73.983576,40.754622],[-73.982579,40.754202],[-73.982529,40.754182],[-73.981689,40.753812],[-73.980879,40.753472],[-73.980696,40.753398],[-73.979269,40.752822],[-73.978818,40.752632],[-73.978579,40.752532],[-73.978349,40.752432],[-73.977759,40.752192],[-73.977639,40.752142],[-73.977569,40.752112],[-73.977519,40.752092],[-73.977256,40.751983],[-73.976509,40.751672],[-73.976299,40.751582],[-73.976019,40.751462],[-73.975889,40.751402],[-73.975532,40.751249],[-73.975259,40.751132],[-73.974514,40.750821],[-73.974419,40.750782],[-73.973719,40.750452],[-73.973509,40.750342],[-73.972869,40.750062],[-73.972229,40.749802],[-73.971836,40.749647],[-73.971669,40.749582],[-73.971169,40.749362],[-73.971049,40.749312],[-73.970439,40.749062],[-73.970099,40.748912],[-73.969969,40.748862],[-73.969879,40.748822],[-73.969789,40.748782],[-73.969689,40.748742],[-73.969619,40.748662],[-73.969593,40.748648],[-73.969489,40.748592],[-73.968819,40.748322],[-73.968649,40.748242],[-73.968559,40.748182],[-73.968509,40.748122],[-73.968489,40.748052],[-73.968489,40.747982],[-73.968499,40.747922],[-73.968519,40.747852],[-73.968559,40.747772],[-73.968769,40.747492],[-73.969759,40.747912],[-73.969817,40.747931]]]}},{"type":"Feature","properties":{"route":"M42","mta_route":"M42","direction":"W","shape_id":"M420033"},"geometry":{"type":"MultiLineString","coordinates":[[[-73.969593,40.747841],[-73.969759,40.747912],[-73.969999,40.747992],[-73.970359,40.748102],[-73.970219,40.748122],[-73.970129,40.748162],[-73.970069,40.748222],[-73.969689,40.748742],[-73.969789,40.748782],[-73.969879,40.748822],[-73.969969,40.748862],[-73.970099,40.748912],[-73.970333,40.749015],[-73.970439,40.749062],[-73.971049,40.749312],[-73.971169,40.749362],[-73.971669,40.749582],[-73.972229,40.749802],[-73.972673,40.749982],[-73.972869,40.750062],[-73.973509,40.750342],[-73.973719,40.750452],[-73.974419,40.750782],[-73.974813,40.750946],[-73.975259,40.751132],[-73.975889,40.751402],[-73.976019,40.751462],[-73.976299,40.751582],[-73.976509,40.751672],[-73.977499,40.752084],[-73.977519,40.752092],[-73.977569,40.752112],[-73.977639,40.752142],[-73.977759,40.752192],[-73.978349,40.752432],[-73.978579,40.752532],[-73.979269,40.752822],[-73.979805,40.753038],[-73.980879,40.753472],[-73.981011,40.753527],[-73.981689,40.753812],[-73.982529,40.754182],[-73.982579,40.754202],[-73.984099,40.754842],[-73.98432,40.754934],[-73.985769,40.755542],[-73.986389,40.755802],[-73.986909,40.756012],[-73.987453,40.756243],[-73.988109,40.756522],[-73.988369,40.756632],[-73.988469,40.756672],[-73.989799,40.757212],[-73.990508,40.757516],[-73.990849,40.757662],[-73.991349,40.757872],[-73.992649,40.758422],[-73.993039,40.758589],[-73.993929,40.758972],[-73.995479,40.759622],[-73.995898,40.759803],[-73.996149,40.759912],[-73.997129,40.760322],[-73.998114,40.760727],[-73.998319,40.760812],[-73.998799,40.761022],[-73.999569,40.761362],[-74.000389,40.761682],[-74.00096,40.761922],[-74.001079,40.761972],[-74.000939,40.762072],[-74.000309,40.762532],[-74.000529,40.762632],[-74.000699,40.762672],[-74.000819,40.762662],[-74.000889,40.762632],[-74.000895,40.762627]]]}},{"type":"Feature","properties":{"route":"M42","mta_route":"M42","direction":"W","shape_id":"M420035"},"geometry":{"type":"MultiLineString","coordinates":[[[-73.987453,40.756243],[-73.988109,40.756522],[-73.988369,40.756632],[-73.988469,40.756672],[-73.989799,40.757212],[-73.990508,40.757516],[-73.990849,40.757662],[-73.991349,40.757872],[-73.992649,40.758422],[-73.993039,40.758589],[-73.993929,40.758972],[-73.995479,40.759622],[-73.995898,40.759803],[-73.996149,40.759912],[-73.997129,40.760322],[-73.998114,40.760727],[-73.998319,40.760812],[-73.998799,40.761022],[-73.999569,40.761362],[-74.000389,40.761682],[-74.00096,40.761922],[-74.001079,40.761972],[-74.000939,40.762072],[-74.000309,40.762532],[-74.000529,40.762632],[-74.000699,40.762672],[-74.000819,40.762662],[-74.000889,40.762632],[-74.000895,40.762627]]]}},{"type":"Feature","properties":{"route":"M57","mta_route":"M57","direction":"E","shape_id":"M570027"},"geometry":{"type":"MultiLineString","coordinates":[[[-73.982791,40.779092],[-73.984479,40.779802],[-73.984708,40.779491],[-73.984989,40.779112],[-73.985449,40.778472],[-73.985479,40.778432],[-73.985849,40.777912],[-73.986009,40.777712],[-73.986218,40.777419],[-73.986509,40.777012],[-73.987212,40.77615],[-73.987309,40.776032],[-73.987709,40.775362],[-73.988169,40.774732],[-73.988363,40.77447],[-73.988399,40.774422],[-73.988579,40.774172],[-73.988629,40.774112],[-73.989089,40.773472],[-73.989489,40.772922],[-73.989489,40.772921],[-73.989519,40.772872],[-73.989989,40.772222],[-73.990209,40.771922],[-73.990439,40.771592],[-73.990613,40.771338],[-73.990679,40.771242],[-73.990899,40.770972],[-73.991159,40.770622],[-73.991399,40.770302],[-73.991309,40.770264],[-73.990809,40.770052],[-73.988559,40.769102],[-73.988113,40.768916],[-73.985709,40.767912],[-73.985307,40.767743],[-73.982819,40.766702],[-73.982681,40.766642],[-73.982449,40.766542],[-73.982259,40.766462],[-73.981809,40.766282],[-73.980277,40.765624],[-73.980039,40.765522],[-73.978929,40.765052],[-73.977169,40.764322],[-73.97669,40.764112],[-73.976119,40.763862],[-73.974149,40.763032],[-73.973949,40.762952],[-73.973759,40.762872],[-73.973694,40.762844],[-73.972599,40.762382],[-73.972359,40.762282],[-73.971909,40.762094],[-73.970829,40.761642],[-73.970629,40.761572],[-73.969109,40.760952],[-73.968691,40.760774],[-73.967509,40.760272],[-73.966766,40.759963],[-73.965269,40.759342],[-73.964816,40.759144],[-73.964789,40.759132],[-73.964469,40.758992],[-73.963059,40.758412],[-73.962869,40.758332],[-73.962442,40.758142],[-73.961454,40.757702],[-73.960669,40.757352],[-73.961169,40.756682],[-73.961547,40.756152],[-73.961619,40.756052],[-73.96353,40.756862]]]}},{"type":"Feature","properties":{"route":"M57","mta_route":"M57","direction":"W","shape_id":"M570022"},"geometry":{"type":"MultiLineString","coordinates":[[[-73.963685,40.756928],[-73.963859,40.757002],[-73.963409,40.757622],[-73.962869,40.758332],[-73.963059,40.758412],[-73.963329,40.758523],[-73.964469,40.758992],[-73.964789,40.759132],[-73.965269,40.759342],[-73.965711,40.759525],[-73.967509,40.760272],[-73.96797,40.760468],[-73.969109,40.760952],[-73.969546,40.76113],[-73.970629,40.761572],[-73.970829,40.761642],[-73.972242,40.762233],[-73.972359,40.762282],[-73.972599,40.762382],[-73.973759,40.762872],[-73.973949,40.762952],[-73.974149,40.763032],[-73.974474,40.763169],[-73.976119,40.763862],[-73.977169,40.764322],[-73.977672,40.764531],[-73.978929,40.765052],[-73.980039,40.765522],[-73.980434,40.765692],[-73.981809,40.766282],[-73.982259,40.766462],[-73.982282,40.766471],[-73.982449,40.766542],[-73.982819,40.766702],[-73.985709,40.767912],[-73.985944,40.76801],[-73.988559,40.769102],[-73.988983,40.769281],[-73.990809,40.770052],[-73.991399,40.770302],[-73.991159,40.770622],[-73.990899,40.770972],[-73.990788,40.771108],[-73.990679,40.771242],[-73.990439,40.771592],[-73.990209,40.771922],[-73.989989,40.772222],[-73.989519,40.772872],[-73.989489,40.772922],[-73.989466,40.772952],[-73.989089,40.773472],[-73.988629,40.774112],[-73.988579,40.774172],[-73.988399,40.774422],[-73.988169,40.774732],[-73.98808,40.774853],[-73.987709,40.775362],[-73.987309,40.776032],[-73.987005,40.776404],[-73.986509,40.777012],[-73.986009,40.777712],[-73.98597,40.77776],[-73.985849,40.777912],[-73.985479,40.778432],[-73.985449,40.778472],[-73.985237,40.778767],[-73.984989,40.779112],[-73.984479,40.779802],[-73.984063,40.779627],[-73.982126,40.778813]]]}},{"type":"Feature","properties":{"route":"M57","mta_route":"M57","direction":"W","shape_id":"M570023"},"geometry":{"type":"MultiLineString","coordinates":[[[-73.982282,40.766471],[-73.982449,40.766542],[-73.982819,40.766702],[-73.985709,40.767912],[-73.985944,40.76801],[-73.988559,40.769102],[-73.988983,40.769281],[-73.990809,40.770052],[-73.991399,40.770302],[-73.991159,40.770622],[-73.990899,40.770972],[-73.990788,40.771108],[-73.990679,40.771242],[-73.990439,40.771592],[-73.990209,40.771922],[-73.989989,40.772222],[-73.989519,40.772872],[-73.989489,40.772922],[-73.989466,40.772952],[-73.989089,40.773472],[-73.988629,40.774112],[-73.988579,40.774172],[-73.988399,40.774422],[-73.988169,40.774732],[-73.98808,40.774853],[-73.987709,40.775362],[-73.987309,40.776032],[-73.987005,40.776404],[-73.986509,40.777012],[-73.986009,40.777712],[-73.98597,40.77776],[-73.985849,40.777912],[-73.985479,40.778432],[-73.985449,40.778472],[-73.985237,40.778767],[-73.984989,40.779112],[-73.984479,40.779802],[-73.984063,40.779627],[-73.982126,40.778813]]]}},{"type":"Feature","properties":{"route":"M60+","mta_route":"M60+","direction":"E","shape_id":"SBS600006"},"geometry":{"type":"MultiLineString","coordinates":[[[-73.967716,40.801821],[-73.967689,40.802152],[-73.967609,40.802532],[-73.967509,40.802822],[-73.967479,40.802882],[-73.967289,40.803182],[-73.967049,40.803512],[-73.966609,40.804122],[-73.966129,40.804772],[-73.965669,40.805412],[-73.965199,40.806032],[-73.964739,40.806672],[-73.964689,40.806742],[-73.964299,40.807302],[-73.964009,40.807692],[-73.963852,40.807911],[-73.962045,40.810368],[-73.961959,40.810482],[-73.960639,40.809932],[-73.959219,40.809332],[-73.958995,40.809625],[-73.958709,40.810002],[-73.958649,40.810082],[-73.958279,40.810612],[-73.958259,40.810642],[-73.957809,40.811262],[-73.957309,40.811932],[-73.956829,40.812602],[-73.956668,40.812806],[-73.956249,40.813342],[-73.955529,40.812492],[-73.955299,40.812222],[-73.955079,40.811972],[-73.954929,40.811842],[-73.954769,40.811722],[-73.954549,40.811602],[-73.954009,40.811372],[-73.952579,40.810762],[-73.952139,40.810573],[-73.951949,40.810492],[-73.951159,40.810162],[-73.950549,40.809902],[-73.949749,40.809562],[-73.948409,40.809002],[-73.948249,40.808932],[-73.946759,40.808302],[-73.946199,40.808062],[-73.945549,40.807792],[-73.945419,40.807742],[-73.945027,40.807582],[-73.944879,40.807522],[-73.943769,40.807062],[-73.942429,40.806502],[-73.942249,40.806422],[-73.942029,40.806332],[-73.940629,40.805732],[-73.94025,40.80557],[-73.939159,40.805102],[-73.939019,40.805042],[-73.938909,40.804992],[-73.937409,40.804372],[-73.936887,40.80415],[-73.935809,40.803692],[-73.934099,40.802982],[-73.933748,40.802839],[-73.933559,40.802762],[-73.933409,40.802702],[-73.933109,40.802252],[-73.932899,40.802162],[-73.932539,40.802002],[-73.931389,40.801502],[-73.931279,40.801452],[-73.931129,40.801392],[-73.930969,40.801322],[-73.930799,40.801272],[-73.930629,40.801212],[-73.930119,40.801092],[-73.930019,40.801072],[-73.929839,40.801032],[-73.929589,40.800982],[-73.929419,40.800942],[-73.929029,40.800762],[-73.928759,40.800652],[-73.928689,40.800622],[-73.927849,40.800272],[-73.926909,40.799882],[-73.926289,40.799622],[-73.926249,40.799602],[-73.926079,40.799522],[-73.925749,40.799362],[-73.925359,40.799172],[-73.925299,40.799142],[-73.924609,40.798732],[-73.924269,40.798562],[-73.923949,40.798402],[-73.923809,40.798332],[-73.923639,40.798252],[-73.923239,40.798062],[-73.922919,40.797912],[-73.922619,40.797782],[-73.922109,40.797422],[-73.921889,40.797222],[-73.921769,40.797042],[-73.921719,40.796922],[-73.921669,40.796742],[-73.921669,40.796582],[-73.921699,40.79641],[-73.921709,40.796352],[-73.921819,40.796122],[-73.922219,40.795562],[-73.922629,40.794992],[-73.922779,40.794782],[-73.923149,40.794262],[-73.923689,40.793462],[-73.924109,40.792782],[-73.924499,40.792362],[-73.924809,40.792012],[-73.925209,40.791552],[-73.925589,40.791122],[-73.925979,40.790672],[-73.926829,40.789702],[-73.927049,40.789452],[-73.927869,40.788522],[-73.928689,40.787582],[-73.929109,40.787122],[-73.929449,40.786722],[-73.929739,40.786312],[-73.929919,40.785942],[-73.930009,40.785682],[-73.930049,40.785522],[-73.930099,40.785282],[-73.930119,40.785162],[-73.930129,40.784992],[-73.930109,40.784682],[-73.930059,40.784372],[-73.930029,40.784272],[-73.930009,40.784182],[-73.929999,40.784142],[-73.929909,40.783882],[-73.929809,40.783672],[-73.929689,40.783482],[-73.929569,40.783312],[-73.927879,40.781112],[-73.927779,40.780972],[-73.927069,40.780062],[-73.925779,40.778352],[-73.925719,40.778272],[-73.925609,40.778122],[-73.925019,40.777342],[-73.924569,40.776752],[-73.924339,40.776452],[-73.923719,40.775622],[-73.923359,40.775142],[-73.922989,40.774682],[-73.922709,40.774372],[-73.922569,40.774222],[-73.922279,40.773972],[-73.921969,40.773692],[-73.921669,40.773482],[-73.921259,40.773182],[-73.920769,40.772832],[-73.920579,40.772702],[-73.919899,40.772202],[-73.919579,40.771972],[-73.918789,40.771272],[-73.918579,40.771112],[-73.918429,40.770942],[-73.918219,40.770802],[-73.917749,40.770492],[-73.917649,40.770432],[-73.917509,40.770332],[-73.917481,40.770312],[-73.917289,40.770172],[-73.916789,40.769842],[-73.916489,40.769762],[-73.915829,40.769642],[-73.914859,40.769482],[-73.913879,40.769332],[-73.912899,40.769162],[-73.911929,40.769002],[-73.910909,40.768852],[-73.910802,40.768832],[-73.909989,40.768682],[-73.908999,40.768542],[-73.908209,40.768412],[-73.908019,40.768382],[-73.907079,40.768262],[-73.906099,40.768082],[-73.905759,40.768022],[-73.905439,40.767942],[-73.904979,40.767762],[-73.904819,40.767702],[-73.904389,40.767552],[-73.904229,40.767522],[-73.904109,40.767512],[-73.903789,40.767492],[-73.903619,40.767492],[-73.902879,40.767492],[-73.902439,40.767452],[-73.902099,40.767402],[-73.897749,40.766712],[-73.897149,40.766622],[-73.894549,40.766172],[-73.894259,40.766132],[-73.894159,40.766112],[-73.893949,40.766082],[-73.893409,40.765932],[-73.892849,40.765782],[-73.892359,40.765722],[-73.891909,40.765692],[-73.891437,40.765637],[-73.891139,40.765602],[-73.890489,40.765492],[-73.890199,40.765522],[-73.889989,40.765592],[-73.889649,40.765842],[-73.889439,40.765982],[-73.889129,40.766102],[-73.888669,40.766212],[-73.888259,40.766292],[-73.887599,40.766332],[-73.887499,40.766352],[-73.887196,40.766418],[-73.886999,40.766462],[-73.886429,40.766572],[-73.885529,40.766772],[-73.884599,40.766952],[-73.883679,40.767122],[-73.882769,40.767272],[-73.882388,40.767339],[-73.881859,40.767432],[-73.880929,40.767592],[-73.879979,40.767702],[-73.879069,40.767802],[-73.878129,40.767892],[-73.877219,40.767992],[-73.876239,40.768102],[-73.876249,40.768172],[-73.876299,40.768432],[-73.876306,40.768472],[-73.876319,40.768542],[-73.876369,40.768832],[-73.876359,40.769022],[-73.876279,40.769252],[-73.876069,40.769642],[-73.876019,40.769822],[-73.876009,40.770172],[-73.876009,40.770332],[-73.875959,40.770452],[-73.875919,40.770922],[-73.875919,40.771062],[-73.875949,40.771282],[-73.875979,40.771452],[-73.876019,40.771582],[-73.876049,40.771672],[-73.876159,40.772052],[-73.875866,40.772108],[-73.875849,40.772112],[-73.875499,40.772152],[-73.875309,40.772142],[-73.875009,40.772102],[-73.874619,40.772062],[-73.874119,40.772022],[-73.873809,40.772032],[-73.872969,40.772022],[-73.872149,40.771932],[-73.871549,40.771842],[-73.871139,40.771762],[-73.871039,40.771742],[-73.870819,40.771692],[-73.870019,40.771442],[-73.869589,40.771292],[-73.868919,40.770972],[-73.868289,40.770602],[-73.868214,40.770559],[-73.867769,40.770512],[-73.867722,40.770552],[-73.867465,40.770552],[-73.867309,40.770462],[-73.866979,40.770292],[-73.866209,40.769832],[-73.865949,40.769652],[-73.865539,40.769412],[-73.865399,40.769322],[-73.865259,40.769242],[-73.865149,40.769142],[-73.864959,40.768932],[-73.864799,40.768672],[-73.864519,40.768352],[-73.864339,40.768162],[-73.863979,40.767832],[-73.863659,40.767642],[-73.863299,40.767402],[-73.863139,40.767322],[-73.862989,40.767292],[-73.862799,40.767282],[-73.862589,40.767292],[-73.862329,40.767412],[-73.862179,40.767512],[-73.862069,40.767602],[-73.862029,40.767652],[-73.862029,40.767732],[-73.862049,40.767822],[-73.862169,40.767982],[-73.862289,40.768152],[-73.862499,40.768312],[-73.862929,40.768602],[-73.863149,40.768782],[-73.863669,40.769302],[-73.863749,40.769402],[-73.863889,40.769602],[-73.863909,40.769812],[-73.864009,40.769992],[-73.864477,40.770298],[-73.864589,40.770372],[-73.864729,40.770402],[-73.864979,40.770412],[-73.865729,40.770912],[-73.866159,40.771202],[-73.866509,40.771542],[-73.866819,40.771292],[-73.867207,40.770981],[-73.870841,40.772571],[-73.8708,40.7726],[-73.872435,40.772941]]]}},{"type":"Feature","properties":{"route":"M60+","mta_route":"M60+","direction":"W","shape_id":"SBS601394"},"geometry":{"type":"MultiLineString","coordinates":[[[-73.872708,40.772998],[-73.872762,40.773009]],[[-73.872762,40.773009],[-73.876219,40.772362]],[[-73.876219,40.772362],[-73.87624,40.772391]],[[-73.87624,40.772391],[-73.876299,40.772472]],[[-73.876299,40.772472],[-73.876419,40.772612]],[[-73.876419,40.772612],[-73.876539,40.772722]],[[-73.876539,40.772722],[-73.876649,40.772752]],[[-73.876649,40.772752],[-73.876739,40.772752]],[[-73.876739,40.772752],[-73.876819,40.772742]],[[-73.876819,40.772742],[-73.876899,40.772722]],[[-73.876899,40.772722],[-73.877049,40.772692]],[[-73.877049,40.772692],[-73.877239,40.772522]],[[-73.877239,40.772522],[-73.877399,40.772372]],[[-73.877399,40.772372],[-73.877599,40.772112]],[[-73.877599,40.772112],[-73.877859,40.771812]],[[-73.877859,40.771812],[-73.877979,40.771712]],[[-73.877979,40.771712],[-73.878259,40.771512]],[[-73.878259,40.771512],[-73.878749,40.771312]],[[-73.878749,40.771312],[-73.879579,40.770892]],[[-73.879579,40.770892],[-73.879719,40.770812]],[[-73.879719,40.770812],[-73.880329,40.770452]],[[-73.880329,40.770452],[-73.880699,40.770242]],[[-73.880699,40.770242],[-73.881009,40.770012]],[[-73.881009,40.770012],[-73.881369,40.769742]],[[-73.881369,40.769742],[-73.881629,40.769552]],[[-73.881629,40.769552],[-73.881999,40.769342]],[[-73.881999,40.769342],[-73.882789,40.768932]],[[-73.882789,40.768932],[-73.883769,40.768482]],[[-73.883769,40.768482],[-73.884099,40.768322]],[[-73.884099,40.768322],[-73.884549,40.768122]],[[-73.884549,40.768122],[-73.884729,40.768052]],[[-73.884729,40.768052],[-73.884879,40.768022]],[[-73.884879,40.768022],[-73.885019,40.768032]],[[-73.885019,40.768032],[-73.885149,40.768052]],[[-73.885149,40.768052],[-73.885319,40.768122]],[[-73.885319,40.768122],[-73.885579,40.768242]],[[-73.885579,40.768242],[-73.885739,40.768312]],[[-73.885739,40.768312],[-73.885859,40.768372]],[[-73.885859,40.768372],[-73.885919,40.768402]],[[-73.885919,40.768402],[-73.886029,40.768472]],[[-73.886029,40.768472],[-73.886099,40.768512]],[[-73.886099,40.768512],[-73.886139,40.768582]],[[-73.886139,40.768582],[-73.886189,40.768692]],[[-73.886189,40.768692],[-73.886069,40.768772]],[[-73.886069,40.768772],[-73.885989,40.768852]],[[-73.885989,40.768852],[-73.885579,40.769352]],[[-73.885579,40.769352],[-73.885359,40.769622]],[[-73.885359,40.769622],[-73.885189,40.769822]],[[-73.885189,40.769822],[-73.885149,40.769922]],[[-73.885149,40.769922],[-73.885149,40.770042]],[[-73.885149,40.770042],[-73.885209,40.770372]],[[-73.885209,40.770372],[-73.885269,40.770732]],[[-73.885269,40.770732],[-73.885379,40.771232]],[[-73.885379,40.771232],[-73.885409,40.771392]],[[-73.885409,40.771392],[-73.885319,40.771572]],[[-73.885319,40.771572],[-73.885249,40.771732]],[[-73.885249,40.771732],[-73.885199,40.771872]],[[-73.885199,40.771872],[-73.885189,40.772062]],[[-73.885189,40.772062],[-73.885209,40.772302]],[[-73.885209,40.772302],[-73.885229,40.772412]],[[-73.885229,40.772412],[-73.885239,40.772482]],[[-73.885239,40.772482],[-73.885269,40.772672]],[[-73.885269,40.772672],[-73.885299,40.772822]],[[-73.885299,40.772822],[-73.885319,40.772942]],[[-73.885319,40.772942],[-73.885369,40.773002]],[[-73.885369,40.773002],[-73.885409,40.773052]],[[-73.885409,40.773052],[-73.885499,40.773082]],[[-73.885499,40.773082],[-73.885589,40.773112]],[[-73.885589,40.773112],[-73.885719,40.773112]],[[-73.885719,40.773112],[-73.885859,40.773072]],[[-73.885859,40.773072],[-73.885949,40.773022]],[[-73.885949,40.773022],[-73.886029,40.772962]],[[-73.886029,40.772962],[-73.886059,40.772902]],[[-73.886059,40.772902],[-73.886065,40.772892]],[[-73.886065,40.772892],[-73.886089,40.772852]],[[-73.886089,40.772852],[-73.886069,40.772782]],[[-73.886069,40.772782],[-73.886049,40.772672]],[[-73.886049,40.772672],[-73.885979,40.772452]],[[-73.885979,40.772452],[-73.885909,40.772062]],[[-73.885909,40.772062],[-73.885869,40.771822]],[[-73.885869,40.771822],[-73.885829,40.771722]],[[-73.885829,40.771722],[-73.885699,40.771612]],[[-73.885699,40.771612],[-73.885539,40.771492]],[[-73.885539,40.771492],[-73.885409,40.771392]],[[-73.886189,40.768692],[-73.886439,40.768642]],[[-73.886439,40.768642],[-73.887209,40.768532]],[[-73.887209,40.768532],[-73.887619,40.768482]],[[-73.887619,40.768482],[-73.887919,40.768442]],[[-73.887919,40.768442],[-73.888089,40.768402]],[[-73.888089,40.768402],[-73.888169,40.768372]],[[-73.888169,40.768372],[-73.888219,40.768322]],[[-73.888219,40.768322],[-73.888049,40.767762]],[[-73.888049,40.767762],[-73.887902,40.767297]],[[-73.887902,40.767297],[-73.887869,40.767192]],[[-73.887869,40.767192],[-73.888159,40.767112]],[[-73.888159,40.767112],[-73.888409,40.767052]],[[-73.888409,40.767052],[-73.889319,40.766852]],[[-73.889319,40.766852],[-73.890229,40.766692]],[[-73.890229,40.766692],[-73.890629,40.766632]],[[-73.890629,40.766632],[-73.891169,40.766632]],[[-73.891169,40.766632],[-73.891489,40.766612]],[[-73.891489,40.766612],[-73.891829,40.766632]],[[-73.891829,40.766632],[-73.892139,40.766662]],[[-73.892139,40.766662],[-73.892319,40.766672]],[[-73.892319,40.766672],[-73.892429,40.766712]],[[-73.892429,40.766712],[-73.892529,40.766742]],[[-73.892529,40.766742],[-73.892769,40.766762]],[[-73.892769,40.766762],[-73.893089,40.766772]],[[-73.893089,40.766772],[-73.894039,40.766772]],[[-73.894039,40.766772],[-73.894979,40.766772]],[[-73.894979,40.766772],[-73.895529,40.766822]],[[-73.895529,40.766822],[-73.895959,40.766902]],[[-73.895959,40.766902],[-73.896929,40.767042]],[[-73.896929,40.767042],[-73.897539,40.767132]],[[-73.897539,40.767132],[-73.897909,40.767182]],[[-73.897909,40.767182],[-73.898119,40.767212]],[[-73.898119,40.767212],[-73.898869,40.767302]],[[-73.898869,40.767302],[-73.900509,40.767562]],[[-73.900509,40.767562],[-73.901099,40.767652]],[[-73.901099,40.767652],[-73.901629,40.767742]],[[-73.901629,40.767742],[-73.902739,40.767922]],[[-73.902739,40.767922],[-73.903379,40.768032]],[[-73.903379,40.768032],[-73.903879,40.768122]],[[-73.903879,40.768122],[-73.904099,40.768202]],[[-73.904099,40.768202],[-73.904479,40.768412]],[[-73.904479,40.768412],[-73.904749,40.768522]],[[-73.904749,40.768522],[-73.904959,40.768592]],[[-73.904959,40.768592],[-73.905289,40.768652]],[[-73.905289,40.768652],[-73.905609,40.768682]],[[-73.905609,40.768682],[-73.906109,40.768752]],[[-73.906109,40.768752],[-73.906219,40.768772]],[[-73.906219,40.768772],[-73.906939,40.768882]],[[-73.906939,40.768882],[-73.907999,40.769062]],[[-73.907999,40.769062],[-73.908669,40.769172]],[[-73.908669,40.769172],[-73.909109,40.769242]],[[-73.909109,40.769242],[-73.909772,40.769347]],[[-73.909772,40.769347],[-73.910239,40.769422]],[[-73.910239,40.769422],[-73.911379,40.769592]],[[-73.911379,40.769592],[-73.911549,40.769612]],[[-73.911549,40.769612],[-73.912469,40.769722]],[[-73.912469,40.769722],[-73.913429,40.769862]],[[-73.913429,40.769862],[-73.914419,40.770022]],[[-73.914419,40.770022],[-73.915139,40.770142]],[[-73.915139,40.770142],[-73.915849,40.770252]],[[-73.915849,40.770252],[-73.916269,40.770352]],[[-73.916269,40.770352],[-73.916519,40.770442]],[[-73.916519,40.770442],[-73.916749,40.770542]],[[-73.916749,40.770542],[-73.916919,40.770642]],[[-73.916919,40.770642],[-73.917099,40.770752]],[[-73.917099,40.770752],[-73.917229,40.770812]],[[-73.917229,40.770812],[-73.917399,40.770852]],[[-73.917399,40.770852],[-73.917619,40.771027]],[[-73.917619,40.771027],[-73.917689,40.771082]],[[-73.917689,40.771082],[-73.918239,40.771502]],[[-73.918239,40.771502],[-73.919709,40.772242]],[[-73.919709,40.772242],[-73.919779,40.772302]],[[-73.919779,40.772302],[-73.920469,40.772792]],[[-73.920469,40.772792],[-73.920629,40.772912]],[[-73.920629,40.772912],[-73.921149,40.773272]],[[-73.921149,40.773272],[-73.921839,40.773782]],[[-73.921839,40.773782],[-73.922079,40.773982]],[[-73.922079,40.773982],[-73.922459,40.774332]],[[-73.922459,40.774332],[-73.922579,40.774452]],[[-73.922579,40.774452],[-73.923239,40.775232]],[[-73.923239,40.775232],[-73.924389,40.776772]],[[-73.924389,40.776772],[-73.924909,40.777462]],[[-73.924909,40.777462],[-73.925449,40.778192]],[[-73.925449,40.778192],[-73.925539,40.778312]],[[-73.925539,40.778312],[-73.925599,40.778382]],[[-73.925599,40.778382],[-73.927619,40.781002]],[[-73.927619,40.781002],[-73.927679,40.781082]],[[-73.927679,40.781082],[-73.927739,40.781152]],[[-73.927739,40.781152],[-73.929259,40.783132]],[[-73.929259,40.783132],[-73.929429,40.783362]],[[-73.929429,40.783362],[-73.929549,40.783562]],[[-73.929549,40.783562],[-73.929699,40.783822]],[[-73.929699,40.783822],[-73.929829,40.784132]],[[-73.929829,40.784132],[-73.929839,40.784202]],[[-73.929839,40.784202],[-73.929859,40.784292]],[[-73.929859,40.784292],[-73.929889,40.784422]],[[-73.929889,40.784422],[-73.929939,40.784722]],[[-73.929939,40.784722],[-73.929959,40.784942]],[[-73.929959,40.784942],[-73.929959,40.785062]],[[-73.929959,40.785062],[-73.929949,40.785142]],[[-73.929949,40.785142],[-73.929919,40.785432]],[[-73.929919,40.785432],[-73.929869,40.785642]],[[-73.929869,40.785642],[-73.929809,40.785792]],[[-73.929809,40.785792],[-73.929709,40.786022]],[[-73.929709,40.786022],[-73.929599,40.786252]],[[-73.929599,40.786252],[-73.929509,40.786392]],[[-73.929509,40.786392],[-73.929289,40.786682]],[[-73.929289,40.786682],[-73.928529,40.787522]],[[-73.928529,40.787522],[-73.928289,40.787802]],[[-73.928289,40.787802],[-73.927239,40.788992]],[[-73.927239,40.788992],[-73.926899,40.789382]],[[-73.926899,40.789382],[-73.926669,40.789632]],[[-73.926669,40.789632],[-73.926139,40.790232]],[[-73.926139,40.790232],[-73.925189,40.791322]],[[-73.925189,40.791322],[-73.924669,40.791922]],[[-73.924669,40.791922],[-73.924529,40.792082]],[[-73.924529,40.792082],[-73.924169,40.792482]],[[-73.924169,40.792482],[-73.923959,40.792702]],[[-73.923959,40.792702],[-73.923859,40.792812]],[[-73.923859,40.792812],[-73.923509,40.793142]],[[-73.923509,40.793142],[-73.923189,40.793422]],[[-73.923189,40.793422],[-73.922979,40.793602]],[[-73.922979,40.793602],[-73.922199,40.794282]],[[-73.922199,40.794282],[-73.920779,40.795522]],[[-73.920779,40.795522],[-73.920439,40.795822]],[[-73.920439,40.795822],[-73.920099,40.796102]],[[-73.920099,40.796102],[-73.919889,40.796292]],[[-73.919889,40.796292],[-73.919789,40.796402]],[[-73.919789,40.796402],[-73.919629,40.796582]],[[-73.919629,40.796582],[-73.919559,40.796722]],[[-73.919559,40.796722],[-73.919529,40.796862]],[[-73.919529,40.796862],[-73.919539,40.797042]],[[-73.919539,40.797042],[-73.919563,40.797114]],[[-73.919563,40.797114],[-73.919599,40.797222]],[[-73.919599,40.797222],[-73.919709,40.797382]],[[-73.919709,40.797382],[-73.919819,40.797502]],[[-73.919819,40.797502],[-73.919899,40.797552]],[[-73.919899,40.797552],[-73.919969,40.797592]],[[-73.919969,40.797592],[-73.920039,40.797622]],[[-73.920039,40.797622],[-73.920119,40.797632]],[[-73.920119,40.797632],[-73.920899,40.797692]],[[-73.920899,40.797692],[-73.921289,40.797762]],[[-73.921289,40.797762],[-73.921729,40.797872]],[[-73.921729,40.797872],[-73.922579,40.798172]],[[-73.922579,40.798172],[-73.923129,40.798452]],[[-73.923129,40.798452],[-73.923489,40.798622]],[[-73.923489,40.798622],[-73.923579,40.798662]],[[-73.923579,40.798662],[-73.923679,40.798702]],[[-73.923679,40.798702],[-73.923799,40.798762]],[[-73.923799,40.798762],[-73.923939,40.798822]],[[-73.923939,40.798822],[-73.924289,40.798962]],[[-73.924289,40.798962],[-73.924709,40.799112]],[[-73.924709,40.799112],[-73.925059,40.799242]],[[-73.925059,40.799242],[-73.925169,40.799282]],[[-73.925169,40.799282],[-73.926019,40.799612]],[[-73.926019,40.799612],[-73.926189,40.799682]],[[-73.926189,40.799682],[-73.926229,40.799702]],[[-73.926229,40.799702],[-73.926869,40.799972]],[[-73.926869,40.799972],[-73.927779,40.800362]],[[-73.927779,40.800362],[-73.928739,40.800762]],[[-73.928739,40.800762],[-73.929029,40.800882]],[[-73.929029,40.800882],[-73.929429,40.801062]],[[-73.929429,40.801062],[-73.929739,40.801322]],[[-73.929739,40.801322],[-73.929969,40.801512]],[[-73.929969,40.801512],[-73.930149,40.801622]],[[-73.930149,40.801622],[-73.930299,40.801692]],[[-73.930299,40.801692],[-73.930399,40.801742]],[[-73.930399,40.801742],[-73.930589,40.801832]],[[-73.930589,40.801832],[-73.930849,40.801942]],[[-73.930849,40.801942],[-73.930869,40.801952]],[[-73.930869,40.801952],[-73.931009,40.802002]],[[-73.931009,40.802002],[-73.931189,40.802072]],[[-73.931189,40.802072],[-73.932789,40.802732]],[[-73.932789,40.802732],[-73.933409,40.802702]],[[-73.933409,40.802702],[-73.933559,40.802762]],[[-73.933559,40.802762],[-73.934099,40.802982]],[[-73.934099,40.802982],[-73.93411,40.802987]],[[-73.93411,40.802987],[-73.935809,40.803692]],[[-73.935809,40.803692],[-73.937409,40.804372]],[[-73.937409,40.804372],[-73.937774,40.804523]],[[-73.937774,40.804523],[-73.938909,40.804992]],[[-73.938909,40.804992],[-73.939019,40.805042]],[[-73.939019,40.805042],[-73.939159,40.805102]],[[-73.939159,40.805102],[-73.939486,40.805242]],[[-73.939486,40.805242],[-73.940629,40.805732]],[[-73.940629,40.805732],[-73.942029,40.806332]],[[-73.942029,40.806332],[-73.942249,40.806422]],[[-73.942249,40.806422],[-73.942429,40.806502]],[[-73.942429,40.806502],[-73.943769,40.807062]],[[-73.943769,40.807062],[-73.944879,40.807522]],[[-73.944879,40.807522],[-73.945419,40.807742]],[[-73.945419,40.807742],[-73.945549,40.807792]],[[-73.945549,40.807792],[-73.945971,40.807967]],[[-73.945971,40.807967],[-73.946199,40.808062]],[[-73.946199,40.808062],[-73.946759,40.808302]],[[-73.946759,40.808302],[-73.948249,40.808932]],[[-73.948249,40.808932],[-73.948409,40.809002]],[[-73.948409,40.809002],[-73.949749,40.809562]],[[-73.949749,40.809562],[-73.950549,40.809902]],[[-73.950549,40.809902],[-73.951159,40.810162]],[[-73.951159,40.810162],[-73.951654,40.810369]],[[-73.951654,40.810369],[-73.951949,40.810492]],[[-73.951949,40.810492],[-73.952579,40.810762]],[[-73.952579,40.810762],[-73.954009,40.811372]],[[-73.954009,40.811372],[-73.954549,40.811602]],[[-73.954549,40.811602],[-73.954769,40.811722]],[[-73.954769,40.811722],[-73.954929,40.811842]],[[-73.954929,40.811842],[-73.955079,40.811972]],[[-73.955079,40.811972],[-73.955299,40.812222]],[[-73.955299,40.812222],[-73.955529,40.812492]],[[-73.955529,40.812492],[-73.956249,40.813342]],[[-73.956249,40.813342],[-73.956663,40.812813]],[[-73.956663,40.812813],[-73.956829,40.812602]],[[-73.956829,40.812602],[-73.957309,40.811932]],[[-73.957309,40.811932],[-73.957809,40.811262]],[[-73.957809,40.811262],[-73.958259,40.810642]],[[-73.958259,40.810642],[-73.958279,40.810612]],[[-73.958279,40.810612],[-73.958649,40.810082]],[[-73.958649,40.810082],[-73.958709,40.810002]],[[-73.958709,40.810002],[-73.959219,40.809332]],[[-73.959219,40.809332],[-73.960639,40.809932]],[[-73.960639,40.809932],[-73.961959,40.810482]],[[-73.961959,40.810482],[-73.962159,40.810562]],[[-73.962159,40.810562],[-73.96236,40.810286]],[[-73.96236,40.810286],[-73.964095,40.807905]],[[-73.964095,40.807905],[-73.964169,40.807802]],[[-73.964169,40.807802],[-73.964479,40.807382]],[[-73.964479,40.807382],[-73.964949,40.806742]],[[-73.964949,40.806742],[-73.965399,40.806112]],[[-73.965399,40.806112],[-73.965859,40.805492]],[[-73.965859,40.805492],[-73.965889,40.805452]],[[-73.965889,40.805452],[-73.966299,40.804852]],[[-73.966299,40.804852],[-73.966789,40.804192]],[[-73.966789,40.804192],[-73.967239,40.803602]],[[-73.967239,40.803602],[-73.967479,40.803282]],[[-73.967479,40.803282],[-73.967609,40.803092]],[[-73.967609,40.803092],[-73.967699,40.802972]],[[-73.967699,40.802972],[-73.967819,40.802782]],[[-73.967819,40.802782],[-73.968109,40.802322]],[[-73.968109,40.802322],[-73.968549,40.801722]],[[-73.968549,40.801722],[-73.968579,40.801632]],[[-73.968579,40.801632],[-73.968202,40.801479]]]}},{"type":"Feature","properties":{"route":"M7","mta_route":"M7","direction":"N","shape_id":"M070221"},"geometry":{"type":"MultiLineString","coordinates":[[[-73.995946,40.738576],[-73.995869,40.738682],[-73.995439,40.739262],[-73.995148,40.73967],[-73.995019,40.739852],[-73.994589,40.740432],[-73.994159,40.741022],[-73.994021,40.741215],[-73.993739,40.741612],[-73.993289,40.742232],[-73.992809,40.742892],[-73.99269,40.743048],[-73.992299,40.743562],[-73.991859,40.744172],[-73.991419,40.744802],[-73.991036,40.745329],[-73.990969,40.745422],[-73.990519,40.746042],[-73.990142,40.746561],[-73.990069,40.746662],[-73.989619,40.747282],[-73.989169,40.747892],[-73.989061,40.748038],[-73.988719,40.748502],[-73.988259,40.749122],[-73.987999,40.749492],[-73.987789,40.749782],[-73.987717,40.74988],[-73.987309,40.750442],[-73.987169,40.750642],[-73.986859,40.751062],[-73.986389,40.751692],[-73.986048,40.752172],[-73.985949,40.752312],[-73.985819,40.752482],[-73.985489,40.752932],[-73.985309,40.753182],[-73.985039,40.753542],[-73.984874,40.753769],[-73.984589,40.754162],[-73.984099,40.754842],[-73.98387,40.755145],[-73.983609,40.755492],[-73.983159,40.756132],[-73.982689,40.756762],[-73.982471,40.757068],[-73.982249,40.757382],[-73.981769,40.758022],[-73.981579,40.758272],[-73.981544,40.758321],[-73.981319,40.758642],[-73.981089,40.758962],[-73.980869,40.759262],[-73.980469,40.759809],[-73.980409,40.759892],[-73.979939,40.760522],[-73.979749,40.760782],[-73.979639,40.760932],[-73.979479,40.761152],[-73.979029,40.761772],[-73.978579,40.762392],[-73.978459,40.762552],[-73.978387,40.762653],[-73.978359,40.762692],[-73.978109,40.763032],[-73.977649,40.763662],[-73.977169,40.764322],[-73.977084,40.764436],[-73.976669,40.765002],[-73.976409,40.765342],[-73.976259,40.765532],[-73.976179,40.765642],[-73.976559,40.765822],[-73.976879,40.765962],[-73.977078,40.766048],[-73.978819,40.766802],[-73.979059,40.766902],[-73.979399,40.767042],[-73.979627,40.767138],[-73.981256,40.767819],[-73.981429,40.767892],[-73.981409,40.767952],[-73.981399,40.768012],[-73.981399,40.768082],[-73.981399,40.768122],[-73.981429,40.768212],[-73.981469,40.768262],[-73.981519,40.768312],[-73.981549,40.768342],[-73.981609,40.768382],[-73.981749,40.768432],[-73.981859,40.768442],[-73.981929,40.768552],[-73.981959,40.768602],[-73.981989,40.768702],[-73.981999,40.768872],[-73.982007,40.769517],[-73.982009,40.769692],[-73.982029,40.770522],[-73.982029,40.770972],[-73.982039,40.771332],[-73.982039,40.771402],[-73.982051,40.771859],[-73.982059,40.772162],[-73.982069,40.772642],[-73.982059,40.772982],[-73.982099,40.773832],[-73.982099,40.773932],[-73.982094,40.77427],[-73.982089,40.774622],[-73.982059,40.775432],[-73.982029,40.776232],[-73.982006,40.776685],[-73.981989,40.777042],[-73.981989,40.777072],[-73.981959,40.777842],[-73.981949,40.778162],[-73.981809,40.778362],[-73.981639,40.778592],[-73.981373,40.778966],[-73.981149,40.779282],[-73.980669,40.779912],[-73.980209,40.780552],[-73.979953,40.780901],[-73.979739,40.781192],[-73.979289,40.781822],[-73.979091,40.782098],[-73.978839,40.782452],[-73.978329,40.783142],[-73.978191,40.783326],[-73.977819,40.783822],[-73.977359,40.784452],[-73.977162,40.784726],[-73.976899,40.785092],[-73.976439,40.785732],[-73.97624,40.785994],[-73.976189,40.786062],[-73.975979,40.786362],[-73.975509,40.786992],[-73.975009,40.787682],[-73.974782,40.78799],[-73.974509,40.788362],[-73.974059,40.788982],[-73.97366,40.789528],[-73.973599,40.789612],[-73.973209,40.790142],[-73.973149,40.790232],[-73.972689,40.790862],[-73.972498,40.791123],[-73.972229,40.791492],[-73.971769,40.792122],[-73.971574,40.792384],[-73.971309,40.792742],[-73.970859,40.793372],[-73.970379,40.794042],[-73.970289,40.794172],[-73.970143,40.794367],[-73.969879,40.794722],[-73.969409,40.795352],[-73.969198,40.79564],[-73.968949,40.795982],[-73.968469,40.796642],[-73.968277,40.796909],[-73.968039,40.797242],[-73.967589,40.797882],[-73.967539,40.797952],[-73.967475,40.798038],[-73.967129,40.798502],[-73.966669,40.799122],[-73.966639,40.799162],[-73.966429,40.799431],[-73.966179,40.799752],[-73.965699,40.800432],[-73.9653,40.800264],[-73.962879,40.799242],[-73.962469,40.799069],[-73.961479,40.798652],[-73.961246,40.798965],[-73.961049,40.799232],[-73.960979,40.799322],[-73.960529,40.799952],[-73.960121,40.800498],[-73.960059,40.800582],[-73.959649,40.801142],[-73.959203,40.801757],[-73.959149,40.801832],[-73.958729,40.802402],[-73.958229,40.803092],[-73.958028,40.803372],[-73.957779,40.803722],[-73.957319,40.804352],[-73.956906,40.804905],[-73.956819,40.805022],[-73.955369,40.804412],[-73.95514,40.804315],[-73.954639,40.804102],[-73.952829,40.803322],[-73.952589,40.803222],[-73.952439,40.803162],[-73.951985,40.802972],[-73.949759,40.802042],[-73.949629,40.801992],[-73.949347,40.802365],[-73.949289,40.802442],[-73.949129,40.802662],[-73.949079,40.802732],[-73.948659,40.803302],[-73.948199,40.803912],[-73.947997,40.804194],[-73.947749,40.804542],[-73.947289,40.805172],[-73.947229,40.805252],[-73.946829,40.805802],[-73.946624,40.806093],[-73.946379,40.806442],[-73.945919,40.807072],[-73.945679,40.807392],[-73.945419,40.807742],[-73.945185,40.808067],[-73.945089,40.808202],[-73.944929,40.808412],[-73.944479,40.809042],[-73.944207,40.809411],[-73.944029,40.809652],[-73.943569,40.810282],[-73.94329,40.810663],[-73.943109,40.810912],[-73.942649,40.811532],[-73.942189,40.812162],[-73.941929,40.812531],[-73.941759,40.812772],[-73.941279,40.813412],[-73.941079,40.813672],[-73.940779,40.814072],[-73.940666,40.814223],[-73.940289,40.814732],[-73.939829,40.815362],[-73.939532,40.81577],[-73.939379,40.815982],[-73.938899,40.816632],[-73.938666,40.816961],[-73.938469,40.817242],[-73.938269,40.817522],[-73.938029,40.817862],[-73.937569,40.818472],[-73.937312,40.818815],[-73.937099,40.819102],[-73.936639,40.819722],[-73.936449,40.819982],[-73.936259,40.820242],[-73.936149,40.820392],[-73.935932,40.820704],[-73.935669,40.821082],[-73.935589,40.821182],[-73.935199,40.821692],[-73.935339,40.821752],[-73.935479,40.821812],[-73.935749,40.821926],[-73.936899,40.822412],[-73.937539,40.822682],[-73.937887,40.822825]]]}},{"type":"Feature","properties":{"route":"M7","mta_route":"M7","direction":"S","shape_id":"M070001"},"geometry":{"type":"MultiLineString","coordinates":[[[-73.935851,40.821062],[-73.936309,40.820462],[-73.936402,40.820335],[-73.936419,40.820312],[-73.936799,40.819792],[-73.936919,40.819622],[-73.937049,40.819442],[-73.937249,40.819162],[-73.937709,40.818522],[-73.937934,40.818217],[-73.938159,40.817912],[-73.938399,40.817572],[-73.938609,40.817292],[-73.939039,40.816692],[-73.939324,40.816314],[-73.939529,40.816042],[-73.939579,40.815962],[-73.939969,40.815412],[-73.940242,40.815043],[-73.940429,40.814792],[-73.940479,40.814722],[-73.940639,40.814512],[-73.940919,40.814132],[-73.941243,40.813679],[-73.941399,40.813462],[-73.941459,40.813382],[-73.941869,40.812812],[-73.942319,40.812212],[-73.942537,40.811925],[-73.942789,40.811592],[-73.943239,40.810962],[-73.943699,40.810332],[-73.943954,40.809974],[-73.944149,40.809702],[-73.944599,40.809092],[-73.944862,40.808722],[-73.945049,40.808462],[-73.945219,40.808242],[-73.945279,40.808162],[-73.945549,40.807792],[-73.945844,40.807388],[-73.946039,40.807122],[-73.946499,40.806492],[-73.946959,40.805862],[-73.947009,40.805792],[-73.947176,40.805563],[-73.947419,40.805232],[-73.947869,40.804602],[-73.948329,40.803972],[-73.948606,40.803606],[-73.948799,40.803352],[-73.948849,40.803282],[-73.949259,40.802722],[-73.949509,40.802392],[-73.949759,40.802042],[-73.950102,40.802185],[-73.952439,40.803162],[-73.952589,40.803222],[-73.952829,40.803322],[-73.953167,40.803468],[-73.954639,40.804102],[-73.955201,40.80434],[-73.955369,40.804412],[-73.956819,40.805022],[-73.957045,40.804719],[-73.957319,40.804352],[-73.957721,40.8038],[-73.957779,40.803722],[-73.958229,40.803092],[-73.958729,40.802402],[-73.95889,40.802183],[-73.959149,40.801832],[-73.959649,40.801142],[-73.959863,40.80085],[-73.960059,40.800582],[-73.960529,40.799952],[-73.960691,40.799724],[-73.960979,40.799322],[-73.961049,40.799232],[-73.961389,40.798773],[-73.961479,40.798652],[-73.962879,40.799242],[-73.963142,40.798877],[-73.963369,40.798562],[-73.963399,40.798522],[-73.963849,40.797902],[-73.963889,40.797852],[-73.964279,40.797322],[-73.964369,40.797192],[-73.964669,40.796792],[-73.964777,40.796645],[-73.964809,40.796602],[-73.965189,40.796082],[-73.965629,40.795482],[-73.965963,40.795029],[-73.966619,40.794142],[-73.967049,40.793552],[-73.967276,40.793239],[-73.967549,40.792862],[-73.968039,40.792182],[-73.968489,40.791562],[-73.968699,40.791272],[-73.968711,40.791256],[-73.968949,40.790932],[-73.969409,40.790302],[-73.96964,40.78999],[-73.969869,40.789682],[-73.970329,40.789052],[-73.970789,40.788422],[-73.971006,40.788125],[-73.971249,40.787792],[-73.971709,40.787172],[-73.972209,40.786492],[-73.972461,40.786155],[-73.972719,40.785812],[-73.972779,40.785732],[-73.973169,40.785172],[-73.973209,40.785112],[-73.973385,40.784862],[-73.973619,40.784532],[-73.974079,40.783892],[-73.974539,40.783272],[-73.974904,40.782774],[-73.975009,40.782632],[-73.975509,40.781952],[-73.976019,40.781272],[-73.976239,40.780966],[-73.976459,40.780662],[-73.976959,40.780022],[-73.977429,40.779382],[-73.977659,40.779072],[-73.977689,40.77903],[-73.977889,40.778752],[-73.978359,40.778112],[-73.978859,40.777432],[-73.979127,40.777071],[-73.979359,40.776762],[-73.979829,40.776122],[-73.980269,40.775512],[-73.980475,40.775222],[-73.980639,40.774992],[-73.980729,40.774872],[-73.980999,40.774482],[-73.981149,40.774242],[-73.981491,40.773715],[-73.981559,40.773612],[-73.981849,40.773222],[-73.982059,40.772982],[-73.982289,40.772632],[-73.982289,40.772242],[-73.982272,40.771798],[-73.982259,40.771432],[-73.982249,40.770602],[-73.982219,40.769782],[-73.982215,40.769471],[-73.982209,40.768932],[-73.982209,40.768342],[-73.982309,40.768272],[-73.982379,40.768192],[-73.982419,40.768092],[-73.982439,40.768002],[-73.982429,40.767932],[-73.982399,40.767862],[-73.982359,40.767812],[-73.982319,40.767772],[-73.982259,40.767722],[-73.982235,40.767711],[-73.982169,40.767682],[-73.982059,40.767652],[-73.981939,40.767642],[-73.981789,40.767642],[-73.981639,40.767672],[-73.981539,40.767742],[-73.981469,40.767822],[-73.981429,40.767892],[-73.980911,40.767675],[-73.979399,40.767042],[-73.979059,40.766902],[-73.979159,40.766732],[-73.979549,40.766192],[-73.979934,40.765665],[-73.980039,40.765522],[-73.980429,40.764982],[-73.980529,40.764842],[-73.980979,40.764222],[-73.981348,40.763696],[-73.981429,40.763582],[-73.981899,40.762952],[-73.982287,40.762416],[-73.982349,40.762332],[-73.982579,40.762022],[-73.982779,40.761702],[-73.983209,40.761082],[-73.983419,40.760791],[-73.985858,40.757446],[-73.985959,40.757312],[-73.986149,40.757052],[-73.986419,40.756682],[-73.986549,40.756502],[-73.986909,40.756012],[-73.987292,40.755485],[-73.987389,40.755352],[-73.987599,40.755072],[-73.987839,40.754732],[-73.988279,40.754122],[-73.988739,40.753502],[-73.989199,40.752872],[-73.989435,40.752544],[-73.989639,40.752262],[-73.990109,40.751642],[-73.990279,40.751412],[-73.990589,40.750972],[-73.990897,40.750572],[-73.991099,40.750312],[-73.991539,40.749682],[-73.991649,40.749532],[-73.991989,40.749072],[-73.992182,40.748806],[-73.992439,40.748452],[-73.992899,40.747832],[-73.993349,40.747222],[-73.993516,40.746985],[-73.993789,40.746602],[-73.994259,40.745982],[-73.994699,40.745372],[-73.995159,40.744752],[-73.995303,40.744555],[-73.995379,40.744452],[-73.995649,40.744092],[-73.996129,40.743432],[-73.996579,40.742802],[-73.997009,40.742222],[-73.997178,40.741984],[-73.997429,40.741632],[-73.997859,40.741052],[-73.998289,40.740462],[-73.998395,40.740312],[-73.998709,40.739872],[-73.999179,40.739232],[-73.999689,40.738542],[-73.999227,40.738349],[-73.997199,40.737502],[-73.996839,40.737352],[-73.996339,40.738042],[-73.996021,40.738474]]]}},{"type":"Feature","properties":{"route":"M79+","mta_route":"M79+","direction":"E","shape_id":"SB790035"},"geometry":{"type":"MultiLineString","coordinates":[[[-73.982294,40.784815],[-73.981149,40.784342],[-73.980225,40.783948],[-73.980069,40.783882],[-73.979889,40.783802],[-73.978709,40.783292],[-73.978329,40.783142],[-73.978191,40.783326],[-73.977819,40.783822],[-73.977359,40.784452],[-73.974539,40.783272],[-73.974111,40.783081],[-73.973169,40.782662],[-73.973069,40.782622],[-73.972389,40.782342],[-73.972129,40.782232],[-73.972059,40.782192],[-73.971719,40.782022],[-73.971599,40.781962],[-73.971519,40.781902],[-73.971439,40.781822],[-73.971399,40.781762],[-73.971379,40.781642],[-73.971379,40.781552],[-73.971389,40.781472],[-73.971419,40.781382],[-73.971479,40.781222],[-73.971509,40.781152],[-73.971579,40.780982],[-73.971639,40.780772],[-73.971649,40.780672],[-73.971639,40.780512],[-73.971599,40.780402],[-73.971559,40.780342],[-73.971489,40.780262],[-73.971319,40.780132],[-73.971159,40.780022],[-73.971029,40.779932],[-73.970859,40.779822],[-73.970599,40.779692],[-73.970229,40.779542],[-73.969509,40.779322],[-73.969369,40.779262],[-73.969169,40.779182],[-73.968979,40.779102],[-73.968466,40.778888],[-73.967949,40.778672],[-73.967149,40.778342],[-73.966669,40.778232],[-73.966479,40.778182],[-73.966379,40.778162],[-73.966179,40.778122],[-73.965729,40.778092],[-73.965589,40.778072],[-73.965309,40.777982],[-73.965229,40.777942],[-73.965039,40.777862],[-73.964889,40.777762],[-73.964799,40.777692],[-73.964739,40.777652],[-73.964639,40.777572],[-73.964559,40.777512],[-73.964379,40.777372],[-73.964149,40.777212],[-73.963849,40.777042],[-73.963729,40.776982],[-73.963374,40.776833],[-73.962129,40.776312],[-73.961641,40.77611],[-73.961309,40.775972],[-73.960659,40.775702],[-73.960509,40.775632],[-73.960399,40.775592],[-73.958899,40.774952],[-73.958739,40.774885],[-73.95747,40.774361],[-73.957279,40.774282],[-73.955059,40.773332],[-73.954651,40.77316],[-73.952679,40.772332],[-73.952175,40.772117],[-73.951999,40.772042],[-73.950439,40.771382],[-73.950279,40.771599],[-73.949969,40.772022],[-73.949939,40.772062],[-73.947738,40.771135]]]}},{"type":"Feature","properties":{"route":"M79+","mta_route":"M79+","direction":"W","shape_id":"SB790036"},"geometry":{"type":"MultiLineString","coordinates":[[[-73.948762,40.770677],[-73.950439,40.771382],[-73.951007,40.771622],[-73.951999,40.772042],[-73.952487,40.77225],[-73.952679,40.772332],[-73.955059,40.773332],[-73.955465,40.773506],[-73.957279,40.774282],[-73.957732,40.77447],[-73.958899,40.774952],[-73.959147,40.775058],[-73.960399,40.775592],[-73.960509,40.775632],[-73.960659,40.775702],[-73.961309,40.775972],[-73.961849,40.776196],[-73.962129,40.776312],[-73.963533,40.776899],[-73.963729,40.776982],[-73.963849,40.777042],[-73.964149,40.777212],[-73.964379,40.777372],[-73.964559,40.777512],[-73.964639,40.777572],[-73.964739,40.777652],[-73.964799,40.777692],[-73.964889,40.777762],[-73.965039,40.777862],[-73.965229,40.777942],[-73.965309,40.777982],[-73.965589,40.778072],[-73.965729,40.778092],[-73.966179,40.778122],[-73.966379,40.778162],[-73.966479,40.778182],[-73.966669,40.778232],[-73.967149,40.778342],[-73.967949,40.778672],[-73.968792,40.779024],[-73.968979,40.779102],[-73.969169,40.779182],[-73.969369,40.779262],[-73.969509,40.779322],[-73.970229,40.779542],[-73.970599,40.779692],[-73.970859,40.779822],[-73.971029,40.779932],[-73.971159,40.780022],[-73.971319,40.780132],[-73.971489,40.780262],[-73.971559,40.780342],[-73.971599,40.780402],[-73.971639,40.780512],[-73.971649,40.780672],[-73.971639,40.780772],[-73.971579,40.780982],[-73.971509,40.781152],[-73.971479,40.781222],[-73.971419,40.781382],[-73.971389,40.781472],[-73.971379,40.781552],[-73.971379,40.781642],[-73.971399,40.781762],[-73.971439,40.781822],[-73.971519,40.781902],[-73.971599,40.781962],[-73.971719,40.782022],[-73.972059,40.782192],[-73.972112,40.782222],[-73.972129,40.782232],[-73.972389,40.782342],[-73.973069,40.782622],[-73.973169,40.782662],[-73.974539,40.783272],[-73.974904,40.782774],[-73.975009,40.782632],[-73.975509,40.781952],[-73.975689,40.782032],[-73.977938,40.782982],[-73.977939,40.782982],[-73.978329,40.783142],[-73.978709,40.783292],[-73.979889,40.783802],[-73.980069,40.783882],[-73.980381,40.784015],[-73.981149,40.784342],[-73.980669,40.785022],[-73.980629,40.785082],[-73.980259,40.785562],[-73.980199,40.785652],[-73.979739,40.786292],[-73.979709,40.786332],[-73.979279,40.786922],[-73.978849,40.787512],[-73.978809,40.787562],[-73.978359,40.788192],[-73.978309,40.788252],[-73.977859,40.788872],[-73.980359,40.789932],[-73.980849,40.789242],[-73.980959,40.789022],[-73.981009,40.788892],[-73.981059,40.788502],[-73.981069,40.788432],[-73.981149,40.787702],[-73.981229,40.786912],[-73.981259,40.786612],[-73.981299,40.786462],[-73.981439,40.786172],[-73.981649,40.785922],[-73.982009,40.785582],[-73.982649,40.784962],[-73.982507,40.784903]]]}},{"type":"Feature","properties":{"route":"M86+","mta_route":"M86+","direction":"E","shape_id":"SBS860060"},"geometry":{"type":"MultiLineString","coordinates":[[[-73.977322,40.788649],[-73.976751,40.788413],[-73.976579,40.788342],[-73.976439,40.788272],[-73.975349,40.787822],[-73.975009,40.787682],[-73.972338,40.786546],[-73.972209,40.786492],[-73.970609,40.785832],[-73.969709,40.785452],[-73.969368,40.785295],[-73.969339,40.785282],[-73.969189,40.785222],[-73.968979,40.785142],[-73.968709,40.785062],[-73.968199,40.784912],[-73.967939,40.784842],[-73.967699,40.784742],[-73.967389,40.784562],[-73.967209,40.784462],[-73.967099,40.784402],[-73.966989,40.784342],[-73.966599,40.784162],[-73.966169,40.784012],[-73.965509,40.783822],[-73.964919,40.783662],[-73.964499,40.783522],[-73.964219,40.783402],[-73.964029,40.783312],[-73.963954,40.783269],[-73.963889,40.783232],[-73.963779,40.783132],[-73.963719,40.783032],[-73.963659,40.782912],[-73.963609,40.782782],[-73.963539,40.782492],[-73.963429,40.782202],[-73.963269,40.781932],[-73.963049,40.781722],[-73.962829,40.781582],[-73.962679,40.781482],[-73.962519,40.781382],[-73.962339,40.781192],[-73.962199,40.781032],[-73.962059,40.780852],[-73.961859,40.780662],[-73.961379,40.780212],[-73.961209,40.780142],[-73.961109,40.780092],[-73.960589,40.779872],[-73.960399,40.779792],[-73.959769,40.779532],[-73.959309,40.780162],[-73.958809,40.780852],[-73.958436,40.780693],[-73.957309,40.780212],[-73.957209,40.780172],[-73.957119,40.780132],[-73.955689,40.779532],[-73.955579,40.779492],[-73.954868,40.77919],[-73.953979,40.778812],[-73.953267,40.77851],[-73.951739,40.777862],[-73.95122,40.777645],[-73.949369,40.776872],[-73.949279,40.776832],[-73.949197,40.776797],[-73.948459,40.776482],[-73.947199,40.775952],[-73.947119,40.775922],[-73.946744,40.776441],[-73.946679,40.776532],[-73.946629,40.776602],[-73.946169,40.777222],[-73.946109,40.777292],[-73.945963,40.777495],[-73.945709,40.777852],[-73.945249,40.778472],[-73.944769,40.779132],[-73.944879,40.779142],[-73.944968,40.779178],[-73.946569,40.779842],[-73.947029,40.780052],[-73.946865,40.780272]]]}},{"type":"Feature","properties":{"route":"M86+","mta_route":"M86+","direction":"W","shape_id":"SBS860054"},"geometry":{"type":"MultiLineString","coordinates":[[[-73.944494,40.779811],[-73.944329,40.779742],[-73.944769,40.779132],[-73.944996,40.778819],[-73.945249,40.778472],[-73.945709,40.777852],[-73.946109,40.777292],[-73.946169,40.777222],[-73.946629,40.776602],[-73.946679,40.776532],[-73.946944,40.776164],[-73.947119,40.775922],[-73.947199,40.775952],[-73.948459,40.776482],[-73.949217,40.776805],[-73.949279,40.776832],[-73.949369,40.776872],[-73.951739,40.777862],[-73.952175,40.778047],[-73.953979,40.778812],[-73.95424,40.778923],[-73.955579,40.779492],[-73.955689,40.779532],[-73.9565,40.779872],[-73.957119,40.780132],[-73.957209,40.780172],[-73.957309,40.780212],[-73.958714,40.780811],[-73.958809,40.780852],[-73.960343,40.781494],[-73.960409,40.781522],[-73.960639,40.781212],[-73.960909,40.780842],[-73.961359,40.781022],[-73.961749,40.781142],[-73.962519,40.781382],[-73.962679,40.781482],[-73.962829,40.781582],[-73.963049,40.781722],[-73.963269,40.781932],[-73.963429,40.782202],[-73.963539,40.782492],[-73.963609,40.782782],[-73.963659,40.782912],[-73.963719,40.783032],[-73.963779,40.783132],[-73.963889,40.783232],[-73.963974,40.783281],[-73.964029,40.783312],[-73.964219,40.783402],[-73.964499,40.783522],[-73.964919,40.783662],[-73.965509,40.783822],[-73.966169,40.784012],[-73.966599,40.784162],[-73.966989,40.784342],[-73.967099,40.784402],[-73.967209,40.784462],[-73.967389,40.784562],[-73.967699,40.784742],[-73.967939,40.784842],[-73.968199,40.784912],[-73.968709,40.785062],[-73.968979,40.785142],[-73.969189,40.785222],[-73.969339,40.785282],[-73.969709,40.785452],[-73.970148,40.785637],[-73.970609,40.785832],[-73.972209,40.786492],[-73.972516,40.786622],[-73.974871,40.787623],[-73.975009,40.787682],[-73.976324,40.788225],[-73.976439,40.788272],[-73.976089,40.788642],[-73.975859,40.788912],[-73.976019,40.788982],[-73.977235,40.789499]]]}},{"type":"Feature","properties":{"route":"M96","mta_route":"M96","direction":"E","shape_id":"M960001"},"geometry":{"type":"MultiLineString","coordinates":[[[-73.972651,40.794987],[-73.972639,40.794982],[-73.971889,40.794682],[-73.971719,40.794612],[-73.971357,40.794461],[-73.970859,40.794252],[-73.970469,40.794082],[-73.970379,40.794042],[-73.969957,40.793866],[-73.967549,40.792862],[-73.96711,40.792671],[-73.966259,40.792302],[-73.965059,40.791792],[-73.964901,40.791732],[-73.964689,40.791652],[-73.964399,40.791532],[-73.964169,40.791542],[-73.963759,40.791612],[-73.963629,40.791642],[-73.963419,40.791682],[-73.963109,40.791732],[-73.962959,40.791742],[-73.962659,40.791652],[-73.962539,40.791622],[-73.962399,40.791572],[-73.962279,40.791532],[-73.962029,40.791432],[-73.961619,40.791242],[-73.961369,40.791112],[-73.961069,40.790932],[-73.960699,40.790682],[-73.960439,40.790512],[-73.960219,40.790392],[-73.960019,40.790322],[-73.959729,40.790232],[-73.959209,40.790122],[-73.958849,40.790042],[-73.958539,40.789952],[-73.957599,40.789562],[-73.957549,40.789542],[-73.957399,40.789472],[-73.957239,40.789402],[-73.956679,40.789162],[-73.956499,40.788942],[-73.956369,40.788772],[-73.956309,40.788622],[-73.956279,40.788442],[-73.956249,40.788242],[-73.956209,40.788162],[-73.956139,40.788082],[-73.956019,40.788002],[-73.955759,40.787892],[-73.955629,40.787832],[-73.955479,40.787772],[-73.955367,40.787725],[-73.954909,40.787532],[-73.954179,40.787222],[-73.953798,40.787062],[-73.952659,40.786582],[-73.952609,40.786562],[-73.952449,40.786492],[-73.951137,40.785948],[-73.950929,40.785862],[-73.949329,40.785192],[-73.948939,40.785027],[-73.947339,40.784352],[-73.947089,40.784242],[-73.946873,40.78415],[-73.946149,40.783842],[-73.945689,40.783642],[-73.945489,40.783552],[-73.944739,40.783242],[-73.944219,40.783922],[-73.944729,40.784142],[-73.944802,40.784173]]]}},{"type":"Feature","properties":{"route":"M96","mta_route":"M96","direction":"W","shape_id":"M960009"},"geometry":{"type":"MultiLineString","coordinates":[[[-73.945522,40.784483],[-73.946139,40.784732],[-73.946336,40.784815],[-73.946589,40.784922],[-73.947089,40.784242],[-73.94724,40.784308],[-73.947339,40.784352],[-73.949329,40.785192],[-73.949525,40.785274],[-73.950929,40.785862],[-73.951305,40.786018],[-73.952449,40.786492],[-73.952609,40.786562],[-73.952659,40.786582],[-73.953957,40.787128],[-73.954179,40.787222],[-73.953669,40.787902],[-73.955105,40.7885],[-73.955109,40.788502],[-73.955269,40.788572],[-73.955829,40.788822],[-73.956509,40.789102],[-73.956679,40.789162],[-73.957239,40.789402],[-73.957399,40.789472],[-73.957549,40.789542],[-73.957599,40.789562],[-73.958539,40.789952],[-73.958849,40.790042],[-73.959209,40.790122],[-73.959729,40.790232],[-73.960019,40.790322],[-73.960219,40.790392],[-73.960439,40.790512],[-73.960699,40.790682],[-73.961069,40.790932],[-73.961369,40.791112],[-73.961619,40.791242],[-73.962029,40.791432],[-73.962279,40.791532],[-73.962399,40.791572],[-73.962539,40.791622],[-73.962659,40.791652],[-73.962959,40.791742],[-73.963339,40.791872],[-73.963509,40.791952],[-73.963759,40.792122],[-73.964169,40.792362],[-73.964272,40.792221],[-73.964689,40.791652],[-73.965059,40.791792],[-73.966259,40.792302],[-73.967549,40.792862],[-73.967883,40.793001],[-73.970159,40.79395],[-73.970379,40.794042],[-73.970469,40.794082],[-73.970859,40.794252],[-73.971507,40.794523],[-73.971719,40.794612],[-73.971229,40.795292],[-73.971379,40.795352],[-73.972426,40.795797],[-73.972719,40.795922],[-73.973189,40.795262],[-73.973219,40.795222],[-73.973054,40.795153]]]}}]}